No,Knowledge Area,Scenario,Difficulty,Question Type,Source ID,original_text,raw_latex,Adapted Question,Options,Correct Answer,Solution / Key Steps,prompt_direct,cot_reasoning_scaffold,prompt_cot,student_tutor_strategy,tutor_model,tutor_max_turns,,,,,,,,,
1,Probability,Finance,Easy,Calculation,ch_distributions_45_1,"Buying books on Ebay

Suppose you're considering buying your expensive chemistry
textbook on Ebay.
Looking at past auctions suggests that the 
prices of this textbook follow an approximately normal
distribution with mean $89 and standard deviation $15.

What is the probability that a randomly selected auction for this book 
closes at more than $100?","\qt{Buying books on Ebay\label{buy_boooks_ebay}}
Suppose you're considering buying your expensive chemistry
textbook on Ebay.
Looking at past auctions suggests that the 
prices of this textbook follow an approximately normal
distribution with mean \$89 and standard deviation \$15.
\begin{parts}

\item What is the probability that a randomly selected auction for this book 
closes at more than \$100?

\item Ebay allows you to set your maximum bid price so that if someone 
outbids you on an auction you can automatically outbid them, up to the 
maximum bid price you set. If you are only bidding on one auction, what are 
the advantages and disadvantages of setting a bid price too high or too low? 
What if you are bidding on multiple auctions?

\item If you watched 10 auctions, roughly what percentile might you use for a 
maximum bid cutoff to be somewhat sure that you will win one of these ten 
auctions? Is it possible to find a cutoff point that will ensure that you win 
an auction?

\item If you are willing to track up to ten auctions closely, about what 
price might you use as your maximum bid price if you want to be somewhat sure 
that you will buy one of these ten books?

\end{parts}",A finance app says the monthly utility bill amount is approximately normally distributed with mean £72 and standard deviation £10. What is the probability that a randomly selected amount is above £85? Round to four decimals.,,0.0968,"Compute z=(85-72)/10=1.30. Using the supplied Z-table, Phi(1.30)=0.9032. Therefore, P(X>85)=1-0.9032=0.0968.",A finance app says the monthly utility bill amount is approximately normally distributed with mean £72 and standard deviation £10. What is the probability that a randomly selected amount is above £85? Round to four decimals.,"1. Identify the normal-distribution parameters and the target event.
2. Standardize the target value using a z-score, rounded to two decimal places.
3. Translate the original event into the corresponding standard-normal tail probability.
4. Evaluate the probability and round as requested.
5. State the result in the context of the question.","A finance app says the monthly utility bill amount is approximately normally distributed with mean £72 and standard deviation £10. What is the probability that a randomly selected amount is above £85? Round to four decimals.

Follow the reasoning stages below:

1. Identify the normal-distribution parameters and the target event.
2. Standardize the target value using a z-score, rounded to two decimal places.
3. Translate the original event into the corresponding standard-normal tail probability.
4. Evaluate the probability and round as requested.
5. State the result in the context of the question.

Show all necessary calculations and then provide the final answer.",Adaptive Multi-Agent Student–Tutor,qwen-plus,3,,,,,,,,,
2,Probability,Finance,Easy,Calculation,ch_distributions_45_1,"Buying books on Ebay

Suppose you're considering buying your expensive chemistry
textbook on Ebay.
Looking at past auctions suggests that the 
prices of this textbook follow an approximately normal
distribution with mean $89 and standard deviation $15.

What is the probability that a randomly selected auction for this book 
closes at more than $100?","\qt{Buying books on Ebay\label{buy_boooks_ebay}}
Suppose you're considering buying your expensive chemistry
textbook on Ebay.
Looking at past auctions suggests that the 
prices of this textbook follow an approximately normal
distribution with mean \$89 and standard deviation \$15.
\begin{parts}

\item What is the probability that a randomly selected auction for this book 
closes at more than \$100?

\item Ebay allows you to set your maximum bid price so that if someone 
outbids you on an auction you can automatically outbid them, up to the 
maximum bid price you set. If you are only bidding on one auction, what are 
the advantages and disadvantages of setting a bid price too high or too low? 
What if you are bidding on multiple auctions?

\item If you watched 10 auctions, roughly what percentile might you use for a 
maximum bid cutoff to be somewhat sure that you will win one of these ten 
auctions? Is it possible to find a cutoff point that will ensure that you win 
an auction?

\item If you are willing to track up to ten auctions closely, about what 
price might you use as your maximum bid price if you want to be somewhat sure 
that you will buy one of these ten books?

\end{parts}",A finance app says the online subscription refund amount is approximately normally distributed with mean £120 and standard deviation £18. What is the probability that a randomly selected amount is below £100? Round to four decimals.,,0.1335,"Compute z=(100-120)/18=-1.1111, then round to z=-1.11 for table lookup. Using symmetry and the supplied Z-table, Phi(-1.11)=1-Phi(1.11)=1-0.8665=0.1335. Therefore, P(X<100)=0.1335.",A finance app says the online subscription refund amount is approximately normally distributed with mean £120 and standard deviation £18. What is the probability that a randomly selected amount is below £100? Round to four decimals.,"1. Identify the normal-distribution parameters and the target event.
2. Standardize the target value using a z-score, rounded to two decimal places.
3. Translate the original event into the corresponding standard-normal tail probability.
4. Evaluate the probability and round as requested.
5. State the result in the context of the question.","A finance app says the online subscription refund amount is approximately normally distributed with mean £120 and standard deviation £18. What is the probability that a randomly selected amount is below £100? Round to four decimals.

Follow the reasoning stages below:

1. Identify the normal-distribution parameters and the target event.
2. Standardize the target value using a z-score, rounded to two decimal places.
3. Translate the original event into the corresponding standard-normal tail probability.
4. Evaluate the probability and round as requested.
5. State the result in the context of the question.

Show all necessary calculations and then provide the final answer.",Adaptive Multi-Agent Student–Tutor,qwen-plus,3,,,,,,,,,
3,Probability,Finance,Easy,Calculation,ch_distributions_45_1,"Buying books on Ebay

Suppose you're considering buying your expensive chemistry
textbook on Ebay.
Looking at past auctions suggests that the 
prices of this textbook follow an approximately normal
distribution with mean $89 and standard deviation $15.

What is the probability that a randomly selected auction for this book 
closes at more than $100?","\qt{Buying books on Ebay\label{buy_boooks_ebay}}
Suppose you're considering buying your expensive chemistry
textbook on Ebay.
Looking at past auctions suggests that the 
prices of this textbook follow an approximately normal
distribution with mean \$89 and standard deviation \$15.
\begin{parts}

\item What is the probability that a randomly selected auction for this book 
closes at more than \$100?

\item Ebay allows you to set your maximum bid price so that if someone 
outbids you on an auction you can automatically outbid them, up to the 
maximum bid price you set. If you are only bidding on one auction, what are 
the advantages and disadvantages of setting a bid price too high or too low? 
What if you are bidding on multiple auctions?

\item If you watched 10 auctions, roughly what percentile might you use for a 
maximum bid cutoff to be somewhat sure that you will win one of these ten 
auctions? Is it possible to find a cutoff point that will ensure that you win 
an auction?

\item If you are willing to track up to ten auctions closely, about what 
price might you use as your maximum bid price if you want to be somewhat sure 
that you will buy one of these ten books?

\end{parts}",A finance app says the coffee futures fee amount is approximately normally distributed with mean £45 and standard deviation £6. What is the probability that a randomly selected amount is above £55? Round to four decimals.,,0.0475,"Compute z=(55-45)/6=1.6667, then round to z=1.67 for table lookup. From the supplied Z-table, Phi(1.67)=0.9525. Therefore, P(X>55)=1-0.9525=0.0475.",A finance app says the coffee futures fee amount is approximately normally distributed with mean £45 and standard deviation £6. What is the probability that a randomly selected amount is above £55? Round to four decimals.,"1. Identify the normal-distribution parameters and the target event.
2. Standardize the target value using a z-score, rounded to two decimal places.
3. Translate the original event into the corresponding standard-normal tail probability.
4. Evaluate the probability and round as requested.
5. State the result in the context of the question.","A finance app says the coffee futures fee amount is approximately normally distributed with mean £45 and standard deviation £6. What is the probability that a randomly selected amount is above £55? Round to four decimals.

Follow the reasoning stages below:

1. Identify the normal-distribution parameters and the target event.
2. Standardize the target value using a z-score, rounded to two decimal places.
3. Translate the original event into the corresponding standard-normal tail probability.
4. Evaluate the probability and round as requested.
5. State the result in the context of the question.

Show all necessary calculations and then provide the final answer.",Adaptive Multi-Agent Student–Tutor,qwen-plus,3,,,,,,,,,
4,Probability,Finance,Easy,Calculation,ch_distributions_45_1,"Buying books on Ebay

Suppose you're considering buying your expensive chemistry
textbook on Ebay.
Looking at past auctions suggests that the 
prices of this textbook follow an approximately normal
distribution with mean $89 and standard deviation $15.

What is the probability that a randomly selected auction for this book 
closes at more than $100?","\qt{Buying books on Ebay\label{buy_boooks_ebay}}
Suppose you're considering buying your expensive chemistry
textbook on Ebay.
Looking at past auctions suggests that the 
prices of this textbook follow an approximately normal
distribution with mean \$89 and standard deviation \$15.
\begin{parts}

\item What is the probability that a randomly selected auction for this book 
closes at more than \$100?

\item Ebay allows you to set your maximum bid price so that if someone 
outbids you on an auction you can automatically outbid them, up to the 
maximum bid price you set. If you are only bidding on one auction, what are 
the advantages and disadvantages of setting a bid price too high or too low? 
What if you are bidding on multiple auctions?

\item If you watched 10 auctions, roughly what percentile might you use for a 
maximum bid cutoff to be somewhat sure that you will win one of these ten 
auctions? Is it possible to find a cutoff point that will ensure that you win 
an auction?

\item If you are willing to track up to ten auctions closely, about what 
price might you use as your maximum bid price if you want to be somewhat sure 
that you will buy one of these ten books?

\end{parts}",A finance app says the travel insurance claim amount is approximately normally distributed with mean £230 and standard deviation £25. What is the probability that a randomly selected amount is below £200? Round to four decimals.,,0.1151,"Compute z=(200-230)/25=-1.20. Using symmetry and the supplied Z-table, Phi(-1.20)=1-Phi(1.20)=1-0.8849=0.1151. Therefore, P(X<200)=0.1151.",A finance app says the travel insurance claim amount is approximately normally distributed with mean £230 and standard deviation £25. What is the probability that a randomly selected amount is below £200? Round to four decimals.,"1. Identify the normal-distribution parameters and the target event.
2. Standardize the target value using a z-score, rounded to two decimal places.
3. Translate the original event into the corresponding standard-normal tail probability.
4. Evaluate the probability and round as requested.
5. State the result in the context of the question.","A finance app says the travel insurance claim amount is approximately normally distributed with mean £230 and standard deviation £25. What is the probability that a randomly selected amount is below £200? Round to four decimals.

Follow the reasoning stages below:

1. Identify the normal-distribution parameters and the target event.
2. Standardize the target value using a z-score, rounded to two decimal places.
3. Translate the original event into the corresponding standard-normal tail probability.
4. Evaluate the probability and round as requested.
5. State the result in the context of the question.

Show all necessary calculations and then provide the final answer.",Adaptive Multi-Agent Student–Tutor,qwen-plus,3,,,,,,,,,
5,Probability,Finance,Easy,Calculation,ch_distributions_45_1,"Buying books on Ebay

Suppose you're considering buying your expensive chemistry
textbook on Ebay.
Looking at past auctions suggests that the 
prices of this textbook follow an approximately normal
distribution with mean $89 and standard deviation $15.

What is the probability that a randomly selected auction for this book 
closes at more than $100?","\qt{Buying books on Ebay\label{buy_boooks_ebay}}
Suppose you're considering buying your expensive chemistry
textbook on Ebay.
Looking at past auctions suggests that the 
prices of this textbook follow an approximately normal
distribution with mean \$89 and standard deviation \$15.
\begin{parts}

\item What is the probability that a randomly selected auction for this book 
closes at more than \$100?

\item Ebay allows you to set your maximum bid price so that if someone 
outbids you on an auction you can automatically outbid them, up to the 
maximum bid price you set. If you are only bidding on one auction, what are 
the advantages and disadvantages of setting a bid price too high or too low? 
What if you are bidding on multiple auctions?

\item If you watched 10 auctions, roughly what percentile might you use for a 
maximum bid cutoff to be somewhat sure that you will win one of these ten 
auctions? Is it possible to find a cutoff point that will ensure that you win 
an auction?

\item If you are willing to track up to ten auctions closely, about what 
price might you use as your maximum bid price if you want to be somewhat sure 
that you will buy one of these ten books?

\end{parts}",A finance app says the used laptop resale price amount is approximately normally distributed with mean £310 and standard deviation £40. What is the probability that a randomly selected amount is above £360? Round to four decimals.,,0.1056,"Compute z=(360-310)/40=1.25. From the supplied Z-table, Phi(1.25)=0.8944. Therefore, P(X>360)=1-0.8944=0.1056.",A finance app says the used laptop resale price amount is approximately normally distributed with mean £310 and standard deviation £40. What is the probability that a randomly selected amount is above £360? Round to four decimals.,"1. Identify the normal-distribution parameters and the target event.
2. Standardize the target value using a z-score, rounded to two decimal places.
3. Translate the original event into the corresponding standard-normal tail probability.
4. Evaluate the probability and round as requested.
5. State the result in the context of the question.","A finance app says the used laptop resale price amount is approximately normally distributed with mean £310 and standard deviation £40. What is the probability that a randomly selected amount is above £360? Round to four decimals.

Follow the reasoning stages below:

1. Identify the normal-distribution parameters and the target event.
2. Standardize the target value using a z-score, rounded to two decimal places.
3. Translate the original event into the corresponding standard-normal tail probability.
4. Evaluate the probability and round as requested.
5. State the result in the context of the question.

Show all necessary calculations and then provide the final answer.",Adaptive Multi-Agent Student–Tutor,qwen-plus,3,,,,,,,,,
6,Probability,Finance,Medium,Single Choice,ch_distributions_45_1,"Buying books on Ebay

Suppose you're considering buying your expensive chemistry
textbook on Ebay.
Looking at past auctions suggests that the 
prices of this textbook follow an approximately normal
distribution with mean $89 and standard deviation $15.

What is the probability that a randomly selected auction for this book 
closes at more than $100?","\qt{Buying books on Ebay\label{buy_boooks_ebay}}
Suppose you're considering buying your expensive chemistry
textbook on Ebay.
Looking at past auctions suggests that the 
prices of this textbook follow an approximately normal
distribution with mean \$89 and standard deviation \$15.
\begin{parts}

\item What is the probability that a randomly selected auction for this book 
closes at more than \$100?

\item Ebay allows you to set your maximum bid price so that if someone 
outbids you on an auction you can automatically outbid them, up to the 
maximum bid price you set. If you are only bidding on one auction, what are 
the advantages and disadvantages of setting a bid price too high or too low? 
What if you are bidding on multiple auctions?

\item If you watched 10 auctions, roughly what percentile might you use for a 
maximum bid cutoff to be somewhat sure that you will win one of these ten 
auctions? Is it possible to find a cutoff point that will ensure that you win 
an auction?

\item If you are willing to track up to ten auctions closely, about what 
price might you use as your maximum bid price if you want to be somewhat sure 
that you will buy one of these ten books?

\end{parts}","The price of a finance textbook on an auction site is approximately N(105, 12²). Given that a listed copy costs more than £105, what is the probability that it costs more than £120?","A. 0.2112
B. 0.8944
C. 0.1056
D. 0.2417",A. 0.2112,"Since X>120 implies X>105, P(X>120 | X>105)=P(X>120)/P(X>105). For 120, z=(120-105)/12=1.25, so the supplied Z-table gives P(X>120)=1-0.8944=0.1056. Also, P(X>105)=0.5000. Therefore, 0.1056/0.5000=0.2112.","The price of a finance textbook on an auction site is approximately N(105, 12²). Given that a listed copy costs more than £105, what is the probability that it costs more than £120?

Options:
A. 0.2112
B. 0.8944
C. 0.1056
D. 0.2417","1. Identify the conditioning event and the event whose conditional probability is required.
2. Express the question using conditional-probability notation.
3. Determine which normal probabilities are needed and compute the corresponding z-scores, rounded to two decimal places.
4. Evaluate the required normal probabilities and combine them using the conditional-probability formula.
5. Interpret the resulting conditional probability.","The price of a finance textbook on an auction site is approximately N(105, 12²). Given that a listed copy costs more than £105, what is the probability that it costs more than £120?

Options:
A. 0.2112
B. 0.8944
C. 0.1056
D. 0.2417

Follow the reasoning stages below:

1. Identify the conditioning event and the event whose conditional probability is required.
2. Express the question using conditional-probability notation.
3. Determine which normal probabilities are needed and compute the corresponding z-scores, rounded to two decimal places.
4. Evaluate the required normal probabilities and combine them using the conditional-probability formula.
5. Interpret the resulting conditional probability.

Show all necessary calculations and then provide the final answer.",Adaptive Multi-Agent Student–Tutor,qwen-plus,3,,,,,,,,,
7,Probability,Finance,Medium,Single Choice,ch_distributions_45_1,"Buying books on Ebay

Suppose you're considering buying your expensive chemistry
textbook on Ebay.
Looking at past auctions suggests that the 
prices of this textbook follow an approximately normal
distribution with mean $89 and standard deviation $15.

What is the probability that a randomly selected auction for this book 
closes at more than $100?","\qt{Buying books on Ebay\label{buy_boooks_ebay}}
Suppose you're considering buying your expensive chemistry
textbook on Ebay.
Looking at past auctions suggests that the 
prices of this textbook follow an approximately normal
distribution with mean \$89 and standard deviation \$15.
\begin{parts}

\item What is the probability that a randomly selected auction for this book 
closes at more than \$100?

\item Ebay allows you to set your maximum bid price so that if someone 
outbids you on an auction you can automatically outbid them, up to the 
maximum bid price you set. If you are only bidding on one auction, what are 
the advantages and disadvantages of setting a bid price too high or too low? 
What if you are bidding on multiple auctions?

\item If you watched 10 auctions, roughly what percentile might you use for a 
maximum bid cutoff to be somewhat sure that you will win one of these ten 
auctions? Is it possible to find a cutoff point that will ensure that you win 
an auction?

\item If you are willing to track up to ten auctions closely, about what 
price might you use as your maximum bid price if you want to be somewhat sure 
that you will buy one of these ten books?

\end{parts}","The price of a finance textbook on an auction site is approximately N(60, 8²). Given that a listed copy costs more than £60, what is the probability that it costs more than £66?","A. 0.4532
B. 0.2266
C. 0.7734
D. 0.4013",A. 0.4532,"Since X>66 implies X>60, P(X>66 | X>60)=P(X>66)/P(X>60). For 66, z=(66-60)/8=0.75, so the supplied Z-table gives P(X>66)=1-0.7734=0.2266. Also, P(X>60)=0.5000. Therefore, 0.2266/0.5000=0.4532.","The price of a finance textbook on an auction site is approximately N(60, 8²). Given that a listed copy costs more than £60, what is the probability that it costs more than £66?

Options:
A. 0.4532
B. 0.2266
C. 0.7734
D. 0.4013","1. Identify the conditioning event and the event whose conditional probability is required.
2. Express the question using conditional-probability notation.
3. Determine which normal probabilities are needed and compute the corresponding z-scores, rounded to two decimal places.
4. Evaluate the required normal probabilities and combine them using the conditional-probability formula.
5. Interpret the resulting conditional probability.","The price of a finance textbook on an auction site is approximately N(60, 8²). Given that a listed copy costs more than £60, what is the probability that it costs more than £66?

Options:
A. 0.4532
B. 0.2266
C. 0.7734
D. 0.4013

Follow the reasoning stages below:

1. Identify the conditioning event and the event whose conditional probability is required.
2. Express the question using conditional-probability notation.
3. Determine which normal probabilities are needed and compute the corresponding z-scores, rounded to two decimal places.
4. Evaluate the required normal probabilities and combine them using the conditional-probability formula.
5. Interpret the resulting conditional probability.

Show all necessary calculations and then provide the final answer.",Adaptive Multi-Agent Student–Tutor,qwen-plus,3,,,,,,,,,
8,Probability,Finance,Medium,Single Choice,ch_distributions_45_1,"Buying books on Ebay

Suppose you're considering buying your expensive chemistry
textbook on Ebay.
Looking at past auctions suggests that the 
prices of this textbook follow an approximately normal
distribution with mean $89 and standard deviation $15.

What is the probability that a randomly selected auction for this book 
closes at more than $100?","\qt{Buying books on Ebay\label{buy_boooks_ebay}}
Suppose you're considering buying your expensive chemistry
textbook on Ebay.
Looking at past auctions suggests that the 
prices of this textbook follow an approximately normal
distribution with mean \$89 and standard deviation \$15.
\begin{parts}

\item What is the probability that a randomly selected auction for this book 
closes at more than \$100?

\item Ebay allows you to set your maximum bid price so that if someone 
outbids you on an auction you can automatically outbid them, up to the 
maximum bid price you set. If you are only bidding on one auction, what are 
the advantages and disadvantages of setting a bid price too high or too low? 
What if you are bidding on multiple auctions?

\item If you watched 10 auctions, roughly what percentile might you use for a 
maximum bid cutoff to be somewhat sure that you will win one of these ten 
auctions? Is it possible to find a cutoff point that will ensure that you win 
an auction?

\item If you are willing to track up to ten auctions closely, about what 
price might you use as your maximum bid price if you want to be somewhat sure 
that you will buy one of these ten books?

\end{parts}","The price of a finance textbook on an auction site is approximately N(250, 30²). Given that a listed copy costs more than £250, what is the probability that it costs more than £280?","A. 0.3174
B. 0.1587
C. 0.3015
D. 0.8413",A. 0.3174,"Since X>280 implies X>250, P(X>280 | X>250)=P(X>280)/P(X>250). For 280, z=(280-250)/30=1.00, so the supplied Z-table gives P(X>280)=1-0.8413=0.1587. Also, P(X>250)=0.5000. Therefore, 0.1587/0.5000=0.3174.","The price of a finance textbook on an auction site is approximately N(250, 30²). Given that a listed copy costs more than £250, what is the probability that it costs more than £280?

Options:
A. 0.3174
B. 0.1587
C. 0.3015
D. 0.8413","1. Identify the conditioning event and the event whose conditional probability is required.
2. Express the question using conditional-probability notation.
3. Determine which normal probabilities are needed and compute the corresponding z-scores, rounded to two decimal places.
4. Evaluate the required normal probabilities and combine them using the conditional-probability formula.
5. Interpret the resulting conditional probability.","The price of a finance textbook on an auction site is approximately N(250, 30²). Given that a listed copy costs more than £250, what is the probability that it costs more than £280?

Options:
A. 0.3174
B. 0.1587
C. 0.3015
D. 0.8413

Follow the reasoning stages below:

1. Identify the conditioning event and the event whose conditional probability is required.
2. Express the question using conditional-probability notation.
3. Determine which normal probabilities are needed and compute the corresponding z-scores, rounded to two decimal places.
4. Evaluate the required normal probabilities and combine them using the conditional-probability formula.
5. Interpret the resulting conditional probability.

Show all necessary calculations and then provide the final answer.",Adaptive Multi-Agent Student–Tutor,qwen-plus,3,,,,,,,,,
9,Probability,Finance,Hard,Short Answer,ch_distributions_35,"Roulette winnings

In the game of roulette, a 
wheel is spun and you place bets on where it will stop. One popular bet is 
that it will stop on a red slot; such a bet has an 18/38 chance of winning. 
If it stops on red, you double the money you bet. If not, you lose the money 
you bet. Suppose you play 3 times, each time with a $1 bet. Let Y represent 
the total amount won or lost. Write a probability model for Y.","\qt{Roulette winnings\label{roulette_winnings}} In the game of roulette, a 
wheel is spun and you place bets on where it will stop. One popular bet is 
that it will stop on a red slot; such a bet has an 18/38 chance of winning. 
If it stops on red, you double the money you bet. If not, you lose the money 
you bet. Suppose you play 3 times, each time with a \$1 bet. Let Y represent 
the total amount won or lost. Write a probability model for Y.","An investor pays £10 to enter a one-round trading game. With probability 0.04, she wins £160; with probability 0.16, she wins £20; otherwise she wins nothing. Calculate the expected net gain and explain whether the game is favourable.",,Expected net gain = -£0.40; not favourable,"Expected payout = 0.04×160 + 0.16×20 + 0.80×0 = £9.60. Net gain = 9.60 - 10 = -£0.40, so the game is unfavourable on average.","An investor pays £10 to enter a one-round trading game. With probability 0.04, she wins £160; with probability 0.16, she wins £20; otherwise she wins nothing. Calculate the expected net gain and explain whether the game is favourable.

","1. List each possible monetary outcome and its probability.
2. Convert each prize into net gain or loss after accounting for the entry cost.
3. Compute the expected net gain by weighting each net outcome by its probability.
4. Determine whether the expected net gain is positive, zero, or negative.
5. Use the sign of the expectation to explain whether the game is favourable.","An investor pays £10 to enter a one-round trading game. With probability 0.04, she wins £160; with probability 0.16, she wins £20; otherwise she wins nothing. Calculate the expected net gain and explain whether the game is favourable.

Follow the reasoning stages below:

1. List each possible monetary outcome and its probability.
2. Convert each prize into net gain or loss after accounting for the entry cost.
3. Compute the expected net gain by weighting each net outcome by its probability.
4. Determine whether the expected net gain is positive, zero, or negative.
5. Use the sign of the expectation to explain whether the game is favourable.

Show all necessary calculations and then provide the final answer.",Adaptive Multi-Agent Student–Tutor,qwen-plus,3,,,,,,,,,
10,Probability,Finance,Hard,Short Answer,ch_distributions_45_1,"Buying books on Ebay

Suppose you're considering buying your expensive chemistry
textbook on Ebay.
Looking at past auctions suggests that the 
prices of this textbook follow an approximately normal
distribution with mean $89 and standard deviation $15.

What is the probability that a randomly selected auction for this book 
closes at more than $100?","\qt{Buying books on Ebay\label{buy_boooks_ebay}}
Suppose you're considering buying your expensive chemistry
textbook on Ebay.
Looking at past auctions suggests that the 
prices of this textbook follow an approximately normal
distribution with mean \$89 and standard deviation \$15.
\begin{parts}

\item What is the probability that a randomly selected auction for this book 
closes at more than \$100?

\item Ebay allows you to set your maximum bid price so that if someone 
outbids you on an auction you can automatically outbid them, up to the 
maximum bid price you set. If you are only bidding on one auction, what are 
the advantages and disadvantages of setting a bid price too high or too low? 
What if you are bidding on multiple auctions?

\item If you watched 10 auctions, roughly what percentile might you use for a 
maximum bid cutoff to be somewhat sure that you will win one of these ten 
auctions? Is it possible to find a cutoff point that will ensure that you win 
an auction?

\item If you are willing to track up to ten auctions closely, about what 
price might you use as your maximum bid price if you want to be somewhat sure 
that you will buy one of these ten books?

\end{parts}",A portfolio's daily return is approximately normal with mean 0.08% and standard deviation 1.2%. Find the probability that in 10 independent trading days there are at least two days with a return below -2%. State the modelling assumption.,,"About 0.0629, assuming independent days","For one day, z=(-2-0.08)/1.2=-1.7333, then round to z=-1.73 for table lookup. Using the supplied Z-table, p=P(Z<-1.73)=1-Phi(1.73)=1-0.9582=0.0418. Let Y~Binomial(10,0.0418). Then P(Y>=2)=1-(1-p)^10-10p(1-p)^9≈0.0629. Assumption: daily returns are independent and identically distributed according to the stated normal model.","A portfolio's daily return is approximately normal with mean 0.08% and standard deviation 1.2%. Find the probability that in 10 independent trading days there are at least two days with a return below -2%. State the modelling assumption.

","1. Use the normal model to find the probability that one trading day has a return below the stated threshold; standardize the threshold with a z-score rounded to two decimal places.
2. Treat this one-day probability as the event probability for each trading day.
3. Under the stated independence assumption, define the number of such days in 10 days using an appropriate discrete probability model.
4. Express “at least two” using a convenient complement and calculate the probability.
5. State the probability and the modelling assumption used.","A portfolio's daily return is approximately normal with mean 0.08% and standard deviation 1.2%. Find the probability that in 10 independent trading days there are at least two days with a return below -2%. State the modelling assumption.

Follow the reasoning stages below:

1. Use the normal model to find the probability that one trading day has a return below the stated threshold; standardize the threshold with a z-score rounded to two decimal places.
2. Treat this one-day probability as the event probability for each trading day.
3. Under the stated independence assumption, define the number of such days in 10 days using an appropriate discrete probability model.
4. Express “at least two” using a convenient complement and calculate the probability.
5. State the probability and the modelling assumption used.

Show all necessary calculations and then provide the final answer.",Adaptive Multi-Agent Student–Tutor,qwen-plus,3,,,,,,,,,
11,Probability,Healthcare,Easy,Multiple Choice,ch_probability_40_1,"Health coverage, frequencies

The 
Behavioral Risk Factor Surveillance System (BRFSS) is an annual telephone survey 
designed to identify risk factors in the adult population and report emerging 
health trends. The following table summarizes two variables for the respondents: 
health status and health coverage, which describes whether each respondent had 
health insurance. [source: data:BRFSS2010]

Table:
| 5cHealth Status | | | | | | | |
| --- | --- | --- | --- | --- | --- | --- | --- |
| Excellent | Very good | Good | Fair | Poor | Total | | |
| Health | No | 459 | 727 | 854 | 385 | 99 | 2,524 |
| Coverage | Yes | 4,198 | 6,245 | 4,821 | 1,634 | 578 | 17,476 |
| Total | 4,657 | 6,972 | 5,675 | 2,019 | 677 | 20,000 | |

If we draw one individual at random, what is the probability that the 
respondent has excellent health and doesn't have health coverage?","\qt{Health coverage, frequencies\label{health_coverage_freqs}} The 
Behavioral Risk Factor Surveillance System (BRFSS) is an annual telephone survey 
designed to identify risk factors in the adult population and report emerging 
health trends. The following table summarizes two variables for the respondents: 
health status and health coverage, which describes whether each respondent had 
health insurance. \footfullcite{data:BRFSS2010}
\begin{center}
\begin{tabular}{rrrrrrrr}
                    &       & \multicolumn{5}{c}{\textit{Health Status}} &  \\ 
\cline{3-7}
                    &       & Excellent & Very good & Good  & Fair  & Poor  & Total\\ 
\cline{2-8}
\textit{Health}     & No    & 459       & 727       & 854   & 385   & 99    & 2,524 \\ 
\textit{Coverage}   & Yes   & 4,198     & 6,245     & 4,821 & 1,634 & 578   & 17,476 \\ 
\cline{2-8}
                    & Total & 4,657     & 6,972     & 5,675 & 2,019 & 677   & 20,000
\end{tabular}
\end{center}
\begin{parts}
\item If we draw one individual at random, what is the probability that the 
respondent has excellent health and doesn't have health coverage?
\item If we draw one individual at random, what is the probability that the 
respondent has excellent health or doesn't have health coverage?
\end{parts}",A survey of 428 patients found that 368 had health insurance. Which of the following statements are correct? Select all that apply.,"A. The sample proportion with health insurance is approximately 0.860.
B. Approximately 14.0% of the sampled patients did not have health insurance.
C. The sample proportion without health insurance is approximately 0.860.
D. More than 80% of the sampled patients had health insurance.","A, B, D","Compute the sample proportion with health insurance: 368/428 ≈ 0.860.
The proportion without health insurance is 1 - 0.860 = 0.140, or about 14.0%.
Since 0.860 > 0.80, more than 80% of the sampled patients had health insurance.
Therefore, A, B, and D are correct.","A survey of 428 patients found that 368 had health insurance. Which of the following statements are correct? Select all that apply.

Options:
A. The sample proportion with health insurance is approximately 0.860.
B. Approximately 14.0% of the sampled patients did not have health insurance.
C. The sample proportion without health insurance is approximately 0.860.
D. More than 80% of the sampled patients had health insurance.

","1. Calculate the sample proportion with health insurance.
2. Calculate the complementary sample proportion without health insurance.
3. Distinguish statements about this observed sample from unsupported claims about a wider population.
4. Check every option against the sample counts and proportions.
5. Select all and only the statements supported by the data.","A survey of 428 patients found that 368 had health insurance. Which of the following statements are correct? Select all that apply.

Options:
A. The sample proportion with health insurance is approximately 0.860.
B. Approximately 14.0% of the sampled patients did not have health insurance.
C. The sample proportion without health insurance is approximately 0.860.
D. More than 80% of the sampled patients had health insurance.

Follow the reasoning stages below:

1. Calculate the sample proportion with health insurance.
2. Calculate the complementary sample proportion without health insurance.
3. Distinguish statements about this observed sample from unsupported claims about a wider population.
4. Check every option against the sample counts and proportions.
5. Select all and only the statements supported by the data.

Show all necessary calculations and then provide the final answer.",Adaptive Multi-Agent Student–Tutor,qwen-plus,3,,,,,,,,,
12,Probability,Healthcare,Easy,Multiple Choice,ch_probability_40_1,"Health coverage, frequencies

The 
Behavioral Risk Factor Surveillance System (BRFSS) is an annual telephone survey 
designed to identify risk factors in the adult population and report emerging 
health trends. The following table summarizes two variables for the respondents: 
health status and health coverage, which describes whether each respondent had 
health insurance. [source: data:BRFSS2010]

Table:
| 5cHealth Status | | | | | | | |
| --- | --- | --- | --- | --- | --- | --- | --- |
| Excellent | Very good | Good | Fair | Poor | Total | | |
| Health | No | 459 | 727 | 854 | 385 | 99 | 2,524 |
| Coverage | Yes | 4,198 | 6,245 | 4,821 | 1,634 | 578 | 17,476 |
| Total | 4,657 | 6,972 | 5,675 | 2,019 | 677 | 20,000 | |

If we draw one individual at random, what is the probability that the 
respondent has excellent health and doesn't have health coverage?","\qt{Health coverage, frequencies\label{health_coverage_freqs}} The 
Behavioral Risk Factor Surveillance System (BRFSS) is an annual telephone survey 
designed to identify risk factors in the adult population and report emerging 
health trends. The following table summarizes two variables for the respondents: 
health status and health coverage, which describes whether each respondent had 
health insurance. \footfullcite{data:BRFSS2010}
\begin{center}
\begin{tabular}{rrrrrrrr}
                    &       & \multicolumn{5}{c}{\textit{Health Status}} &  \\ 
\cline{3-7}
                    &       & Excellent & Very good & Good  & Fair  & Poor  & Total\\ 
\cline{2-8}
\textit{Health}     & No    & 459       & 727       & 854   & 385   & 99    & 2,524 \\ 
\textit{Coverage}   & Yes   & 4,198     & 6,245     & 4,821 & 1,634 & 578   & 17,476 \\ 
\cline{2-8}
                    & Total & 4,657     & 6,972     & 5,675 & 2,019 & 677   & 20,000
\end{tabular}
\end{center}
\begin{parts}
\item If we draw one individual at random, what is the probability that the 
respondent has excellent health and doesn't have health coverage?
\item If we draw one individual at random, what is the probability that the 
respondent has excellent health or doesn't have health coverage?
\end{parts}","In a survey of 500 university students, 320 reported using public transport at least once a week. Which of the following statements are supported by the sample data? Select all that apply.","A. The sample proportion using public transport is 0.64.
B. 36% of the sampled students did not report using public transport at least once a week.
C. The sample provides evidence that exactly 64% of all university students use public transport at least once a week.
D. 180 students in the sample did not report using public transport at least once a week.","A, B, D","The sample proportion using public transport is 320/500 = 0.64.
The number not using public transport at least once a week is 500 - 320 = 180,
so the corresponding sample proportion is 180/500 = 0.36, or 36%.
However, a sample proportion of 0.64 does not establish that exactly 64% of the entire university-student population uses public transport.
Therefore, A, B, and D are correct.","In a survey of 500 university students, 320 reported using public transport at least once a week. Which of the following statements are supported by the sample data? Select all that apply.

Options:
A. The sample proportion using public transport is 0.64.
B. 36% of the sampled students did not report using public transport at least once a week.
C. The sample provides evidence that exactly 64% of all university students use public transport at least once a week.
D. 180 students in the sample did not report using public transport at least once a week.

","1. Calculate the sample proportion using public transport.
2. Calculate the complementary count and sample proportion not using public transport.
3. Distinguish sample-based statements from claims about the population.
4. Check every option against the observed sample information.
5. Select all and only the supported statements.","In a survey of 500 university students, 320 reported using public transport at least once a week. Which of the following statements are supported by the sample data? Select all that apply.

Options:
A. The sample proportion using public transport is 0.64.
B. 36% of the sampled students did not report using public transport at least once a week.
C. The sample provides evidence that exactly 64% of all university students use public transport at least once a week.
D. 180 students in the sample did not report using public transport at least once a week.

Follow the reasoning stages below:

1. Calculate the sample proportion using public transport.
2. Calculate the complementary count and sample proportion not using public transport.
3. Distinguish sample-based statements from claims about the population.
4. Check every option against the observed sample information.
5. Select all and only the supported statements.

Show all necessary calculations and then provide the final answer.",Adaptive Multi-Agent Student–Tutor,qwen-plus,3,,,,,,,,,
13,Probability,Healthcare,Easy,Multiple Choice,ch_probability_40_1,"Health coverage, frequencies

The 
Behavioral Risk Factor Surveillance System (BRFSS) is an annual telephone survey 
designed to identify risk factors in the adult population and report emerging 
health trends. The following table summarizes two variables for the respondents: 
health status and health coverage, which describes whether each respondent had 
health insurance. [source: data:BRFSS2010]

Table:
| 5cHealth Status | | | | | | | |
| --- | --- | --- | --- | --- | --- | --- | --- |
| Excellent | Very good | Good | Fair | Poor | Total | | |
| Health | No | 459 | 727 | 854 | 385 | 99 | 2,524 |
| Coverage | Yes | 4,198 | 6,245 | 4,821 | 1,634 | 578 | 17,476 |
| Total | 4,657 | 6,972 | 5,675 | 2,019 | 677 | 20,000 | |

If we draw one individual at random, what is the probability that the 
respondent has excellent health and doesn't have health coverage?","\qt{Health coverage, frequencies\label{health_coverage_freqs}} The 
Behavioral Risk Factor Surveillance System (BRFSS) is an annual telephone survey 
designed to identify risk factors in the adult population and report emerging 
health trends. The following table summarizes two variables for the respondents: 
health status and health coverage, which describes whether each respondent had 
health insurance. \footfullcite{data:BRFSS2010}
\begin{center}
\begin{tabular}{rrrrrrrr}
                    &       & \multicolumn{5}{c}{\textit{Health Status}} &  \\ 
\cline{3-7}
                    &       & Excellent & Very good & Good  & Fair  & Poor  & Total\\ 
\cline{2-8}
\textit{Health}     & No    & 459       & 727       & 854   & 385   & 99    & 2,524 \\ 
\textit{Coverage}   & Yes   & 4,198     & 6,245     & 4,821 & 1,634 & 578   & 17,476 \\ 
\cline{2-8}
                    & Total & 4,657     & 6,972     & 5,675 & 2,019 & 677   & 20,000
\end{tabular}
\end{center}
\begin{parts}
\item If we draw one individual at random, what is the probability that the 
respondent has excellent health and doesn't have health coverage?
\item If we draw one individual at random, what is the probability that the 
respondent has excellent health or doesn't have health coverage?
\end{parts}",A financial survey finds that 258 out of 300 investors hold at least one low-risk asset. Which of the following statements are correct based on the sample? Select all that apply.,"A. The sample proportion holding at least one low-risk asset is 0.86.
B. The sample proportion not holding any low-risk asset is 0.14.
C. 42 investors in the sample do not hold any low-risk asset.
D. The probability that a randomly selected investor from the entire population holds a low-risk asset is known to be exactly 0.86.","A, B, C","The sample proportion holding at least one low-risk asset is 258/300 = 0.86.
The proportion not holding any low-risk asset is 1 - 0.86 = 0.14.
The corresponding number of investors is 300 - 258 = 42.
The value 0.86 is a sample proportion and does not establish that the population probability is exactly 0.86.
Therefore, A, B, and C are correct.","A financial survey finds that 258 out of 300 investors hold at least one low-risk asset. Which of the following statements are correct based on the sample? Select all that apply.

Options:
A. The sample proportion holding at least one low-risk asset is 0.86.
B. The sample proportion not holding any low-risk asset is 0.14.
C. 42 investors in the sample do not hold any low-risk asset.
D. The probability that a randomly selected investor from the entire population holds a low-risk asset is known to be exactly 0.86.","1. Calculate the sample proportion holding at least one low-risk asset.
2. Calculate the complementary count and sample proportion.
3. Distinguish statements about the observed sample from claims about the wider investor population.
4. Check every option against the sample information.
5. Select all and only the supported statements.","A financial survey finds that 258 out of 300 investors hold at least one low-risk asset. Which of the following statements are correct based on the sample? Select all that apply.

Options:
A. The sample proportion holding at least one low-risk asset is 0.86.
B. The sample proportion not holding any low-risk asset is 0.14.
C. 42 investors in the sample do not hold any low-risk asset.
D. The probability that a randomly selected investor from the entire population holds a low-risk asset is known to be exactly 0.86.

Follow the reasoning stages below:

1. Calculate the sample proportion holding at least one low-risk asset.
2. Calculate the complementary count and sample proportion.
3. Distinguish statements about the observed sample from claims about the wider investor population.
4. Check every option against the sample information.
5. Select all and only the supported statements.

Show all necessary calculations and then provide the final answer.",Adaptive Multi-Agent Student–Tutor,qwen-plus,3,,,,,,,,,
14,Probability,Social Survey,Medium,Calculation,ch_distributions_41_1,"Married women

The American Community Survey 
estimates that 47.1% of women ages 15 years and over are married.
[source: marWomenACS]

We randomly select three women between these ages. What is the 
probability that the third woman selected is the only one who is married?","\qt{Married women} \label{married_women} The American Community Survey 
estimates that 47.1\% of women ages 15 years and over are married.
\footfullcite{marWomenACS}
\begin{parts}
\item We randomly select three women between these ages. What is the 
probability that the third woman selected is the only one who is married?
\item What is the probability that all three randomly selected women are 
married?
\item On average, how many women would you expect to sample before selecting 
a married woman? What is the standard deviation?
\item If the proportion of married women was actually 30\%, how many women 
would you expect to sample before selecting a married woman? What is the 
standard deviation?
\item Based on your answers to parts (c) and (d), how does decreasing the 
probability of an event affect the mean and standard deviation of the wait 
time until success?
\end{parts}",A survey estimates that 42% of adults subscribe to a weekly news digest. Three adults are randomly selected. What is the probability that only the third selected adult subscribes?,,0.1413,The first two must not subscribe and the third must subscribe: (0.58)(0.58)(0.42)=0.1413.,"A survey estimates that 42% of adults subscribe to a weekly news digest. Three adults are randomly selected. What is the probability that only the third selected adult subscribes?

","1. Translate “only the third selected adult subscribes” into the required sequence of subscription and non-subscription outcomes.
2. Identify the probability of subscription and its complement.
3. Assuming independent selections, multiply the probabilities for the required sequence.
4. Calculate the resulting probability.
5. State what the probability represents.","A survey estimates that 42% of adults subscribe to a weekly news digest. Three adults are randomly selected. What is the probability that only the third selected adult subscribes?

Follow the reasoning stages below:

1. Translate “only the third selected adult subscribes” into the required sequence of subscription and non-subscription outcomes.
2. Identify the probability of subscription and its complement.
3. Assuming independent selections, multiply the probabilities for the required sequence.
4. Calculate the resulting probability.
5. State what the probability represents.

Show all necessary calculations and then provide the final answer.",Adaptive Multi-Agent Student–Tutor,qwen-plus,3,,,,,,,,,
15,Probability,Social Survey,Medium,Calculation,ch_distributions_41_2,"Married women

The American Community Survey 
estimates that 47.1% of women ages 15 years and over are married.
[source: marWomenACS]

What is the probability that all three randomly selected women are 
married?","\qt{Married women} \label{married_women} The American Community Survey 
estimates that 47.1\% of women ages 15 years and over are married.
\footfullcite{marWomenACS}
\begin{parts}
\item We randomly select three women between these ages. What is the 
probability that the third woman selected is the only one who is married?
\item What is the probability that all three randomly selected women are 
married?
\item On average, how many women would you expect to sample before selecting 
a married woman? What is the standard deviation?
\item If the proportion of married women was actually 30\%, how many women 
would you expect to sample before selecting a married woman? What is the 
standard deviation?
\item Based on your answers to parts (c) and (d), how does decreasing the 
probability of an event affect the mean and standard deviation of the wait 
time until success?
\end{parts}","A survey estimates that 38% of residents use public sports facilities monthly. If four residents are randomly selected, what is the probability that all four use the facilities monthly?",,0.0209,"Assuming independence, P(all four)=0.38^4=0.0209.","A survey estimates that 38% of residents use public sports facilities monthly. If four residents are randomly selected, what is the probability that all four use the facilities monthly?

","1. Identify the probability that one resident uses the facilities monthly.
2. Recognize that the event requires all four selected residents to satisfy the same condition.
3. Under the independence assumption, write the probability of the joint event.
4. Calculate the probability.
5. Interpret the result.","A survey estimates that 38% of residents use public sports facilities monthly. If four residents are randomly selected, what is the probability that all four use the facilities monthly?

Follow the reasoning stages below:

1. Identify the probability that one resident uses the facilities monthly.
2. Recognize that the event requires all four selected residents to satisfy the same condition.
3. Under the independence assumption, write the probability of the joint event.
4. Calculate the probability.
5. Interpret the result.

Show all necessary calculations and then provide the final answer.",Adaptive Multi-Agent Student–Tutor,qwen-plus,3,,,,,,,,,
16,Probability,Social Survey,Medium,Calculation,ch_distributions_41_5,"Married women

The American Community Survey 
estimates that 47.1% of women ages 15 years and over are married.
[source: marWomenACS]

Based on your answers to parts (c) and (d), how does decreasing the 
probability of an event affect the mean and standard deviation of the wait 
time until success?","\qt{Married women} \label{married_women} The American Community Survey 
estimates that 47.1\% of women ages 15 years and over are married.
\footfullcite{marWomenACS}
\begin{parts}
\item We randomly select three women between these ages. What is the 
probability that the third woman selected is the only one who is married?
\item What is the probability that all three randomly selected women are 
married?
\item On average, how many women would you expect to sample before selecting 
a married woman? What is the standard deviation?
\item If the proportion of married women was actually 30\%, how many women 
would you expect to sample before selecting a married woman? What is the 
standard deviation?
\item Based on your answers to parts (c) and (d), how does decreasing the 
probability of an event affect the mean and standard deviation of the wait 
time until success?
\end{parts}","In a polling study, 25% of contacted people agree to a follow-up interview. On average, how many contacts are needed before the first agreement? What is the standard deviation?",,Mean = 4.00; SD ≈ 3.46,"For a geometric distribution with p=0.25, mean=1/p=4.00 and SD=sqrt(1-p)/p=sqrt(0.75)/0.25≈3.46.","In a polling study, 25% of contacted people agree to a follow-up interview. On average, how many contacts are needed before the first agreement? What is the standard deviation?

","1. Recognize the waiting-time setting and define the random variable as the number of contacts up to and including the first agreement.
2. Identify the success probability for each contact.
3. Use the appropriate waiting-time distribution to obtain its expected value.
4. Use the same distribution to obtain its standard deviation.
5. Report both quantities with a clear interpretation.","In a polling study, 25% of contacted people agree to a follow-up interview. On average, how many contacts are needed before the first agreement? What is the standard deviation?

Follow the reasoning stages below:

1. Recognize the waiting-time setting and define the random variable as the number of contacts up to and including the first agreement.
2. Identify the success probability for each contact.
3. Use the appropriate waiting-time distribution to obtain its expected value.
4. Use the same distribution to obtain its standard deviation.
5. Report both quantities with a clear interpretation.

Show all necessary calculations and then provide the final answer.",Adaptive Multi-Agent Student–Tutor,qwen-plus,3,,,,,,,,,
17,Probability,Social Survey,Medium,Calculation,ch_distributions_42,"Survey response rate

Pew Research reported 
that the typical response rate to their surveys is only 9%. If for a 
particular survey 15,000 households are contacted, what is the probability 
that at least 1,500 will agree to respond? [source: surveysPew]","\qt{Survey response rate\label{survey_response_rate}} Pew Research reported 
that the typical response rate to their surveys is only 9\%. If for a 
particular survey 15,000 households are contacted, what is the probability 
that at least 1,500 will agree to respond? \footfullcite{surveysPew}","A survey firm expects a 28% response rate. If it contacts 120 people, what are the expected number of responses and the standard deviation?",,Mean = 33.6; SD ≈ 4.92,"Let X~Binomial(120,0.28). Mean=np=33.6. SD=sqrt(np(1-p))=sqrt(120×0.28×0.72)≈4.92.","A survey firm expects a 28% response rate. If it contacts 120 people, what are the expected number of responses and the standard deviation?

","1. Model the number of responses among the contacted people using an appropriate count distribution.
2. Identify its parameters from the sample size and response probability.
3. Use the distribution’s mean formula to calculate the expected number of responses.
4. Use its variance or standard-deviation formula to calculate the standard deviation.
5. Report and interpret both quantities.","A survey firm expects a 28% response rate. If it contacts 120 people, what are the expected number of responses and the standard deviation?

Follow the reasoning stages below:

1. Model the number of responses among the contacted people using an appropriate count distribution.
2. Identify its parameters from the sample size and response probability.
3. Use the distribution’s mean formula to calculate the expected number of responses.
4. Use its variance or standard-deviation formula to calculate the standard deviation.
5. Report and interpret both quantities.

Show all necessary calculations and then provide the final answer.",Adaptive Multi-Agent Student–Tutor,qwen-plus,3,,,,,,,,,
18,Probability,Transportation,Medium,Calculation,ch_distributions_38_1,"Speeding on the I-5, Part II

Exercise~[ref: speeding_i5_intro] states that the distribution of speeds of 
cars traveling on the Interstate 5 Freeway (I-5) in California is nearly 
normal with a mean of 72.6 miles/hour and a standard deviation of 4.78 
miles/hour. The speed limit on this stretch of the I-5 is 70 miles/hour.

A highway patrol officer is hidden on the side of the freeway. What is 
the probability that 5~cars pass and none are speeding? Assume that the 
speeds of the cars are independent of each other.","\qt{Speeding on the I-5, Part II\label{speeding_i5_geometric}} 
Exercise~\ref{speeding_i5_intro} states that the distribution of speeds of 
cars traveling on the Interstate 5 Freeway (I-5) in California is nearly 
normal with a mean of 72.6 miles/hour and a standard deviation of 4.78 
miles/hour. The speed limit on this stretch of the I-5 is 70 miles/hour.
\begin{parts}
\item A highway patrol officer is hidden on the side of the freeway. What is 
the probability that 5~cars pass and none are speeding? Assume that the 
speeds of the cars are independent of each other.
\item On average, how many cars would the highway patrol officer expect to 
watch until the first car that is speeding? What is the standard deviation of 
the number of cars he would expect to watch?
\end{parts}","On a monitored highway, 18% of cars exceed the speed limit. A camera records 10 cars. What is the probability that at least 3 are speeding? Round your answer to four decimal places.",,0.2628,"Let X~Binomial(10,0.18). Then P(X≥3)=1-[P(X=0)+P(X=1)+P(X=2)]=1-[C(10,0)(0.82)^10+C(10,1)(0.18)(0.82)^9+C(10,2)(0.18)^2(0.82)^8]≈0.2628.","On a monitored highway, 18% of cars exceed the speed limit. A camera records 10 cars. What is the probability that at least 3 are speeding? Round your answer to four decimal places.
","1. Model the number of speeding cars among the 10 recorded cars and identify the model parameters.
2. Express the event “at least 3 are speeding” in terms of the random variable.
3. Decide whether direct summation or a complementary probability is more efficient.
4. Calculate the required probability using the appropriate probability-mass formula.
5. Interpret the result.","On a monitored highway, 18% of cars exceed the speed limit. A camera records 10 cars. What is the probability that at least 3 are speeding? Round your answer to four decimal places.

Follow the reasoning stages below:

1. Model the number of speeding cars among the 10 recorded cars and identify the model parameters.
2. Express the event “at least 3 are speeding” in terms of the random variable.
3. Decide whether direct summation or a complementary probability is more efficient.
4. Calculate the required probability using the appropriate probability-mass formula.
5. Interpret the result.

Show all necessary calculations and then provide the final answer.",Adaptive Multi-Agent Student–Tutor,qwen-plus,3,,,,,,,,,
19,ch_distributions_38_1,Probability,Transportation,Medium,Calculation,"A train operator finds that 7% of trips are delayed by more than 15 minutes. For 12 independent trips, what is the probability that exactly two are delayed? Round your answer to four decimal places.","A train operator finds that 7% of trips are delayed by more than 15 minutes. For 12 independent trips, what is the probability that exactly two are delayed? Round your answer to four decimal places.","A regional rail operator reports that each train trip has a 7% probability of being delayed. Assume delays on different trips are independent.

A commuter plans to make 12 train trips. What is the probability that exactly two of the 12 trips are delayed?

Give your answer to four decimal places.",DeepSeek-R1-7B,0.1565,"Let X~Binomial(12,0.07). Using the binomial formula, P(X=2)=C(12,2)(0.07)^2(0.93)^10≈0.1565.","A regional rail operator reports that each train trip has a 7% probability of being delayed. Assume delays on different trips are independent.

A commuter plans to make 12 train trips. What is the probability that exactly two of the 12 trips are delayed?

Give your answer to four decimal places.","Identify the appropriate probability distribution and its parameters. Then use the formula for the probability of exactly k successes in n independent trials. Substitute the given values, calculate the probability, and round the final answer to four decimal places.","A regional rail operator reports that each train trip has a 7% probability of being delayed. Assume delays on different trips are independent. A commuter plans to make 12 train trips. What is the probability that exactly two of the 12 trips are delayed? Give your answer to four decimal places.

Solve the problem step by step. First identify the appropriate probability distribution and its parameters. Then select the correct probability formula, substitute the given values, carry out the calculation carefully, and report the final answer to four decimal places.",Adaptive Multi-Agent Student–Tutor,qwen-plus,3,,,,,,,,,319.898
20,Probability,Transportation,Medium,Calculation,ch_distributions_38_1,"Speeding on the I-5, Part II

Exercise~[ref: speeding_i5_intro] states that the distribution of speeds of 
cars traveling on the Interstate 5 Freeway (I-5) in California is nearly 
normal with a mean of 72.6 miles/hour and a standard deviation of 4.78 
miles/hour. The speed limit on this stretch of the I-5 is 70 miles/hour.

A highway patrol officer is hidden on the side of the freeway. What is 
the probability that 5~cars pass and none are speeding? Assume that the 
speeds of the cars are independent of each other.","\qt{Speeding on the I-5, Part II\label{speeding_i5_geometric}} 
Exercise~\ref{speeding_i5_intro} states that the distribution of speeds of 
cars traveling on the Interstate 5 Freeway (I-5) in California is nearly 
normal with a mean of 72.6 miles/hour and a standard deviation of 4.78 
miles/hour. The speed limit on this stretch of the I-5 is 70 miles/hour.
\begin{parts}
\item A highway patrol officer is hidden on the side of the freeway. What is 
the probability that 5~cars pass and none are speeding? Assume that the 
speeds of the cars are independent of each other.
\item On average, how many cars would the highway patrol officer expect to 
watch until the first car that is speeding? What is the standard deviation of 
the number of cars he would expect to watch?
\end{parts}",A bus arrival time is approximately normal with mean 9 minutes and standard deviation 2 minutes after the scheduled time. What is the probability it arrives between 6 and 12 minutes late?,,0.8664,"Compute z1=(6-9)/2=-1.50 and z2=(12-9)/2=1.50. From the supplied Z-table, Phi(1.50)=0.9332 and Phi(-1.50)=1-0.9332=0.0668. Therefore, P(6<X<12)=0.9332-0.0668=0.8664.","A bus arrival time is approximately normal with mean 9 minutes and standard deviation 2 minutes after the scheduled time. What is the probability it arrives between 6 and 12 minutes late?

","1. Identify the normal-distribution parameters and the lower and upper bounds of the interval.
2. Standardize both bounds using z-scores, rounded to two decimal places.
3. Express the required interval probability in terms of standard-normal cumulative probabilities.
4. Evaluate the difference between the two cumulative probabilities.
5. State the probability in the context of the arrival time.","A bus arrival time is approximately normal with mean 9 minutes and standard deviation 2 minutes after the scheduled time. What is the probability it arrives between 6 and 12 minutes late?

Follow the reasoning stages below:

1. Identify the normal-distribution parameters and the lower and upper bounds of the interval.
2. Standardize both bounds using z-scores, rounded to two decimal places.
3. Express the required interval probability in terms of standard-normal cumulative probabilities.
4. Evaluate the difference between the two cumulative probabilities.
5. State the probability in the context of the arrival time.

Show all necessary calculations and then provide the final answer.",Adaptive Multi-Agent Student–Tutor,qwen-plus,3,,,,,,,,,
21,Probability,General Everyday,Hard,Short Answer,ch_probability_44_3,"Scooping ice cream

Ice cream usually comes in 1.5 
quart boxes (48 fluid ounces), and ice cream scoops hold about 2 ounces. 
However, there is some variability in the amount of ice cream in a box as well as 
the amount of ice cream scooped out. We represent the amount of ice cream in the 
box as $X$ and the amount scooped out as $Y$. Suppose these random variables have 
the following means, standard deviations, and variances:

Table:
| mean | SD | variance | |
| --- | --- | --- | --- |
| $X$ | 48 | 1 | 1 |
| $Y$ | 2 | 0.25 | 0.0625 |

Using the context of this exercise, explain why we add variances when we 
subtract one random variable from another.","\qt{Scooping ice cream\label{scoop_ice_cream}} Ice cream usually comes in 1.5 
quart boxes (48 fluid ounces), and ice cream scoops hold about 2 ounces. 
However, there is some variability in the amount of ice cream in a box as well as 
the amount of ice cream scooped out. We represent the amount of ice cream in the 
box as $X$ and the amount scooped out as $Y$. Suppose these random variables have 
the following means, standard deviations, and variances:
\begin{center}
\begin{tabular}{l ccc}
\hline
    & mean & SD & variance \\
\hline
$X$ & 48       & 1      & 1     \\
$Y$ & 2    & 0.25   & 0.0625    \\
\hline
\end{tabular}
\end{center}
\begin{parts}
\item An entire box of ice cream, plus 3 scoops from a second box is served at a 
party. How much ice cream do you expect to have been served at this party? What 
is the standard deviation of the amount of ice cream served?
\item How much ice cream would you expect to be left in the box after scooping 
out one scoop of ice cream? That is, find the expected value of $X-Y$. What is 
the standard deviation of the amount left in the box?
\item Using the context of this exercise, explain why we add variances when we 
subtract one random variable from another.
\end{parts}","An ice-cream shop has 5 chocolate, 4 vanilla, and 3 strawberry tubs. Two tubs are selected without replacement for a display. Find the probability that the two selected tubs are different flavours.",,47/66 ≈ 0.7121,"Total pairs C(12,2)=66. Same-flavour pairs: C(5,2)+C(4,2)+C(3,2)=10+6+3=19. Different-flavour pairs=66-19=47, so probability=47/66≈0.7121.","An ice-cream shop has 5 chocolate, 4 vanilla, and 3 strawberry tubs. Two tubs are selected without replacement for a display. Find the probability that the two selected tubs are different flavours.

","1. Determine the total number of tubs and note that selection is without replacement.
2. Express the event that the two selected tubs have different flavours, either directly or through its complement.
3. Account for the changing denominator after the first selection.
4. Combine the relevant probabilities across the flavour categories.
5. State the final probability.","An ice-cream shop has 5 chocolate, 4 vanilla, and 3 strawberry tubs. Two tubs are selected without replacement for a display. Find the probability that the two selected tubs are different flavours.

Follow the reasoning stages below:

1. Determine the total number of tubs and note that selection is without replacement.
2. Express the event that the two selected tubs have different flavours, either directly or through its complement.
3. Account for the changing denominator after the first selection.
4. Combine the relevant probabilities across the flavour categories.
5. State the final probability.

Show all necessary calculations and then provide the final answer.",Adaptive Multi-Agent Student–Tutor,qwen-plus,3,,,,,,,,,
22,Probability,General Everyday,Hard,Short Answer,ch_distributions_48_3,"Multiple choice quiz

In a multiple choice quiz there are 
5 questions and 4 choices for each question (a, b, c, d). Robin has not 
studied for the quiz at all, and decides to randomly guess the answers. What 
is the probability that

she gets the majority of the questions right?","\qt{Multiple choice quiz\label{mc_quiz}} In a multiple choice quiz there are 
5 questions and 4 choices for each question (a, b, c, d). Robin has not 
studied for the quiz at all, and decides to randomly guess the answers. What 
is the probability that
\begin{parts}
\item the first question she gets right is the $3^{rd}$ question?
\item she gets exactly 3 or exactly 4 questions right?
\item she gets the majority of the questions right?
\end{parts}",A 6-question multiple-choice quiz has 5 options per question. A student guesses every answer. What is the probability of getting at least 3 correct?,,0.0989,"Let X~Binomial(6,0.2). P(X≥3)=Σ from k=3 to 6 of C(6,k)(0.2)^k(0.8)^(6-k)=0.0989.","A 6-question multiple-choice quiz has 5 options per question. A student guesses every answer. What is the probability of getting at least 3 correct?

","1. Model the number of correct answers when all six questions are guessed and identify the model parameters.
2. Express “at least 3 correct” as an event involving the random variable.
3. Choose an efficient way to sum the relevant probabilities.
4. Apply the appropriate probability-mass formula and calculate the result.
5. Interpret the probability.","A 6-question multiple-choice quiz has 5 options per question. A student guesses every answer. What is the probability of getting at least 3 correct?

Follow the reasoning stages below:

1. Model the number of correct answers when all six questions are guessed and identify the model parameters.
2. Express “at least 3 correct” as an event involving the random variable.
3. Choose an efficient way to sum the relevant probabilities.
4. Apply the appropriate probability-mass formula and calculate the result.
5. Interpret the probability.

Show all necessary calculations and then provide the final answer.",Adaptive Multi-Agent Student–Tutor,qwen-plus,3,,,,,,,,,
23,Probability,General Everyday,Hard,Short Answer,ch_probability_39,"Grade distributions

Each row in the table below is 
a proposed grade distribution for a class. Identify each as a valid or invalid 
probability distribution, and explain your reasoning.

Table:
| 5cGrades | | | | | |
| --- | --- | --- | --- | --- | --- |
| A | B | C | D | F | |
| (a) | 0.3 | 0.3 | 0.3 | 0.2 | 0.1 |
| (b) | 0 | 0 | 1 | 0 | 0 |
| (c) | 0.3 | 0.3 | 0.3 | 0 | 0 |
| (d) | 0.3 | 0.5 | 0.2 | 0.1 | -0.1 |
| (e) | 0.2 | 0.4 | 0.2 | 0.1 | 0.1 |
| (f) | 0 | -0.1 | 1.1 | 0 | 0 |","\qt{Grade distributions\label{grade_dists}} Each row in the table below is 
a proposed grade distribution for a class. Identify each as a valid or invalid 
probability distribution, and explain your reasoning.
\begin{center}
\begin{tabular}{l  ccccc} 
    & \multicolumn{5}{c}{\textit{Grades}} \\
\cline{2-6}
    & A     & B     & C     & D     & F  \\
\cline{2-6}
(a) & 0.3   & 0.3   & 0.3   & 0.2   & 0.1\\
(b) & 0     & 0     & 1     & 0     & 0 \\
(c) & 0.3   & 0.3   & 0.3   & 0     & 0 \\
(d) & 0.3   & 0.5   & 0.2   & 0.1   & -0.1 \\
(e) & 0.2   & 0.4   & 0.2   & 0.1   & 0.1 \\
(f) & 0     & -0.1  & 1.1   & 0     & 0 \\
\end{tabular}
\end{center}","In a class, 30% of students receive an A, 45% receive a B, and 25% receive a C. Two students are selected independently. What is the probability that they receive different grades?",,0.645,P(same)=0.30²+0.45²+0.25²=0.355. Therefore P(different)=1-0.355=0.6450.,"In a class, 30% of students receive an A, 45% receive a B, and 25% receive a C. Two students are selected independently. What is the probability that they receive different grades?

","1. Identify the probabilities of the three possible grades for each independently selected student.
2. Express the event that the two students receive different grades, directly or through the complement that they receive the same grade.
3. Calculate the relevant joint probabilities using independence.
4. Combine the mutually exclusive cases correctly.
5. State the final probability.","In a class, 30% of students receive an A, 45% receive a B, and 25% receive a C. Two students are selected independently. What is the probability that they receive different grades?

Follow the reasoning stages below:

1. Identify the probabilities of the three possible grades for each independently selected student.
2. Express the event that the two students receive different grades, directly or through the complement that they receive the same grade.
3. Calculate the relevant joint probabilities using independence.
4. Combine the mutually exclusive cases correctly.
5. State the final probability.

Show all necessary calculations and then provide the final answer.",Adaptive Multi-Agent Student–Tutor,qwen-plus,3,,,,,,,,,
24,Probability,General Everyday,Hard,Short Answer,ch_probability_42,"Twins

About 30% of human twins are identical, and 
the rest are fraternal. Identical twins are necessarily the same sex -- half are 
males and the other half are females. One-quarter of fraternal twins are both 
male, one-quarter both female, and one-half are mixes: one male, one female. You 
have just become a parent of twins and are told they are both girls. Given this 
information, what is the probability that they are identical?","\qt{Twins\label{tree_twins}} About 30\% of human twins are identical, and 
the rest are fraternal. Identical twins are necessarily the same sex -- half are 
males and the other half are females. One-quarter of fraternal twins are both 
male, one-quarter both female, and one-half are mixes: one male, one female. You 
have just become a parent of twins and are told they are both girls. Given this 
information, what is the probability that they are identical?","A family has three children. Assume boys and girls are equally likely and independent. Given that at least one child is a girl, what is the probability that all three children are girls?",,1/7 ≈ 0.1429,"There are 8 equally likely gender sequences. Conditioning on at least one girl removes BBB, leaving 7 sequences. Only GGG has all three girls, so the probability is 1/7.","A family has three children. Assume boys and girls are equally likely and independent. Given that at least one child is a girl, what is the probability that all three children are girls?

","1. Define the event that all three children are girls and the conditioning event that at least one child is a girl.
2. Express the question as a conditional probability.
3. Enumerate or calculate the equally likely gender outcomes under the independence and equal-probability assumptions.
4. Restrict attention to outcomes satisfying the conditioning event and calculate the required conditional probability.
5. Interpret the result.","A family has three children. Assume boys and girls are equally likely and independent. Given that at least one child is a girl, what is the probability that all three children are girls?

Follow the reasoning stages below:

1. Define the event that all three children are girls and the conditioning event that at least one child is a girl.
2. Express the question as a conditional probability.
3. Enumerate or calculate the equally likely gender outcomes under the independence and equal-probability assumptions.
4. Restrict attention to outcomes satisfying the conditioning event and calculate the required conditional probability.
5. Interpret the result.

Show all necessary calculations and then provide the final answer.",Adaptive Multi-Agent Student–Tutor,qwen-plus,3,,,,,,,,,
25,Probability,General Everyday,Hard,Short Answer,ch_distributions_48_2,"Multiple choice quiz

In a multiple choice quiz there are 
5 questions and 4 choices for each question (a, b, c, d). Robin has not 
studied for the quiz at all, and decides to randomly guess the answers. What 
is the probability that

she gets exactly 3 or exactly 4 questions right?","\qt{Multiple choice quiz\label{mc_quiz}} In a multiple choice quiz there are 
5 questions and 4 choices for each question (a, b, c, d). Robin has not 
studied for the quiz at all, and decides to randomly guess the answers. What 
is the probability that
\begin{parts}
\item the first question she gets right is the $3^{rd}$ question?
\item she gets exactly 3 or exactly 4 questions right?
\item she gets the majority of the questions right?
\end{parts}","A player rolls a fair die until the first six appears. What is the probability that the first six appears on the fifth roll, and what is the expected waiting time?",,P = 0.0804; expected time = 6 rolls,"For a geometric distribution with p=1/6, P(X=5)=(5/6)^4(1/6)=0.0804. The expected waiting time is 1/p=6 rolls.","A player rolls a fair die until the first six appears. What is the probability that the first six appears on the fifth roll, and what is the expected waiting time?

","1. Recognize the waiting-time model for the roll on which the first six appears.
2. Identify the success probability and the sequence required for the first success to occur on roll five.
3. Calculate the probability of that waiting-time event.
4. Use the appropriate waiting-time expectation formula to find the expected number of rolls until the first six.
5. Report both requested results.","A player rolls a fair die until the first six appears. What is the probability that the first six appears on the fifth roll, and what is the expected waiting time?

Follow the reasoning stages below:

1. Recognize the waiting-time model for the roll on which the first six appears.
2. Identify the success probability and the sequence required for the first success to occur on roll five.
3. Calculate the probability of that waiting-time event.
4. Use the appropriate waiting-time expectation formula to find the expected number of rolls until the first six.
5. Report both requested results.

Show all necessary calculations and then provide the final answer.",Adaptive Multi-Agent Student–Tutor,qwen-plus,3,,,,,,,,,
26,Probability,Education,Medium,Single Choice,ch_distributions_40,"SAT scores

SAT scores (out of 1600) are distributed 
normally with a mean of 1100 and a standard deviation of 200.
Suppose a school council awards a certificate of excellence
to all students who score at least 1350 on the SAT,
and suppose we pick one of the recognized students at random.
What is the probability this student's score will be
at least 1500?
(The material covered in
Section~[ref: conditionalProbabilitySection]
on conditional probability
would be useful for this question.)","\qt{SAT scores\label{sat_scores}}
SAT scores (out of 1600) are distributed 
normally with a mean of 1100 and a standard deviation of 200.
Suppose a school council awards a certificate of excellence
to all students who score at least 1350 on the SAT,
and suppose we pick one of the recognized students at random.
What is the probability this student's score will be
at least 1500?
(The material covered in
Section~\ref{conditionalProbabilitySection}
on conditional probability
would be useful for this question.)","Entrance test scores are approximately N(1150, 120²). Given that a student scored above 1100, what is the probability that the student scored above 1300?","A. 0.1593
B. 0.1056
C. 0.8944
D. 0.4013",A. 0.1593,"Since X>1300 implies X>1100, P(X>1300 | X>1100)=P(X>1300)/P(X>1100). For 1300, z=1.25, so P(X>1300)=1-0.8944=0.1056. For 1100, z=-0.4167, rounded to -0.42. The supplied Z-table gives Phi(-0.42)=1-0.6628=0.3372, so P(X>1100)=1-0.3372=0.6628. Therefore, 0.1056/0.6628≈0.1593.","Entrance test scores are approximately N(1150, 120²). Given that a student scored above 1100, what is the probability that the student scored above 1300?

Options:
A. 0.1593
B. 0.1056
C. 0.8944
D. 0.4013","1. Identify the conditioning event and the higher-score event whose conditional probability is required.
2. Express the question using conditional-probability notation and note the relationship between the two events.
3. Standardize the relevant score thresholds using z-scores rounded to two decimal places.
4. Evaluate the required normal probabilities and combine them using the conditional-probability formula.
5. Interpret the resulting conditional probability.","Entrance test scores are approximately N(1150, 120²). Given that a student scored above 1100, what is the probability that the student scored above 1300?

Options:
A. 0.1593
B. 0.1056
C. 0.8944
D. 0.4013

Follow the reasoning stages below:

1. Identify the conditioning event and the higher-score event whose conditional probability is required.
2. Express the question using conditional-probability notation and note the relationship between the two events.
3. Standardize the relevant score thresholds using z-scores rounded to two decimal places.
4. Evaluate the required normal probabilities and combine them using the conditional-probability formula.
5. Interpret the resulting conditional probability.

Show all necessary calculations and then provide the final answer.",Adaptive Multi-Agent Student–Tutor,qwen-plus,3,,,,,,,,,
27,Probability,Education,Medium,Single Choice,ch_distributions_40,"SAT scores

SAT scores (out of 1600) are distributed 
normally with a mean of 1100 and a standard deviation of 200.
Suppose a school council awards a certificate of excellence
to all students who score at least 1350 on the SAT,
and suppose we pick one of the recognized students at random.
What is the probability this student's score will be
at least 1500?
(The material covered in
Section~[ref: conditionalProbabilitySection]
on conditional probability
would be useful for this question.)","\qt{SAT scores\label{sat_scores}}
SAT scores (out of 1600) are distributed 
normally with a mean of 1100 and a standard deviation of 200.
Suppose a school council awards a certificate of excellence
to all students who score at least 1350 on the SAT,
and suppose we pick one of the recognized students at random.
What is the probability this student's score will be
at least 1500?
(The material covered in
Section~\ref{conditionalProbabilitySection}
on conditional probability
would be useful for this question.)","Entrance test scores are approximately N(78, 8²). Given that a student scored above 70, what is the probability that the student scored above 85?","A. 0.1870
B. 0.2251
C. 0.8120
D. 0.0918",B. 0.2251,"Since X>85 implies X>70, P(X>85 | X>70)=P(X>85)/P(X>70). For 85, z=(85-78)/8=0.875, rounded to 0.88. The supplied Z-table gives P(X>85)=1-0.8106=0.1894. For 70, z=-1.00, so P(X>70)=1-0.1587=0.8413. Therefore, 0.1894/0.8413≈0.2251.","Entrance test scores are approximately N(78, 8²). Given that a student scored above 70, what is the probability that the student scored above 85?

Options:
A. 0.1870
B. 0.2251
C. 0.8120
D. 0.0918","1. Identify the conditioning event and the higher-score event whose conditional probability is required.
2. Express the question using conditional-probability notation and note the relationship between the two events.
3. Standardize the relevant score thresholds using z-scores rounded to two decimal places.
4. Evaluate the required normal probabilities and combine them using the conditional-probability formula.
5. Interpret the resulting conditional probability.","Entrance test scores are approximately N(78, 8²). Given that a student scored above 70, what is the probability that the student scored above 85?

Options:
A. 0.1870
B. 0.2251
C. 0.8120
D. 0.0918

Follow the reasoning stages below:

1. Identify the conditioning event and the higher-score event whose conditional probability is required.
2. Express the question using conditional-probability notation and note the relationship between the two events.
3. Standardize the relevant score thresholds using z-scores rounded to two decimal places.
4. Evaluate the required normal probabilities and combine them using the conditional-probability formula.
5. Interpret the resulting conditional probability.

Show all necessary calculations and then provide the final answer.",Adaptive Multi-Agent Student–Tutor,qwen-plus,3,,,,,,,,,
28,Probability,Education,Medium,Single Choice,ch_distributions_40,"SAT scores

SAT scores (out of 1600) are distributed 
normally with a mean of 1100 and a standard deviation of 200.
Suppose a school council awards a certificate of excellence
to all students who score at least 1350 on the SAT,
and suppose we pick one of the recognized students at random.
What is the probability this student's score will be
at least 1500?
(The material covered in
Section~[ref: conditionalProbabilitySection]
on conditional probability
would be useful for this question.)","\qt{SAT scores\label{sat_scores}}
SAT scores (out of 1600) are distributed 
normally with a mean of 1100 and a standard deviation of 200.
Suppose a school council awards a certificate of excellence
to all students who score at least 1350 on the SAT,
and suppose we pick one of the recognized students at random.
What is the probability this student's score will be
at least 1500?
(The material covered in
Section~\ref{conditionalProbabilitySection}
on conditional probability
would be useful for this question.)","Entrance test scores are approximately N(500, 100²). Given that a student scored above 450, what is the probability that the student scored above 650?","A. 0.0668
B. 0.1587
C. 0.0966
D. 0.3085",C. 0.0966,"Since X>650 implies X>450, P(X>650 | X>450)=P(X>650)/P(X>450). For 650, z=1.50, so P(X>650)=1-0.9332=0.0668. For 450, z=-0.50, so P(X>450)=1-0.3085=0.6915. Therefore, 0.0668/0.6915≈0.0966.","Entrance test scores are approximately N(500, 100²). Given that a student scored above 450, what is the probability that the student scored above 650?

Options:
A. 0.0668
B. 0.1587
C. 0.0966
D. 0.3085","1. Identify the conditioning event and the higher-score event whose conditional probability is required.
2. Express the question using conditional-probability notation and note the relationship between the two events.
3. Standardize the relevant score thresholds using z-scores rounded to two decimal places.
4. Evaluate the required normal probabilities and combine them using the conditional-probability formula.
5. Interpret the resulting conditional probability.","Entrance test scores are approximately N(500, 100²). Given that a student scored above 450, what is the probability that the student scored above 650?

Options:
A. 0.0668
B. 0.1587
C. 0.0966
D. 0.3085

Follow the reasoning stages below:

1. Identify the conditioning event and the higher-score event whose conditional probability is required.
2. Express the question using conditional-probability notation and note the relationship between the two events.
3. Standardize the relevant score thresholds using z-scores rounded to two decimal places.
4. Evaluate the required normal probabilities and combine them using the conditional-probability formula.
5. Interpret the resulting conditional probability.

Show all necessary calculations and then provide the final answer.",Adaptive Multi-Agent Student–Tutor,qwen-plus,3,,,,,,,,,
29,Probability,Education,Medium,Single Choice,ch_distributions_40,"SAT scores

SAT scores (out of 1600) are distributed 
normally with a mean of 1100 and a standard deviation of 200.
Suppose a school council awards a certificate of excellence
to all students who score at least 1350 on the SAT,
and suppose we pick one of the recognized students at random.
What is the probability this student's score will be
at least 1500?
(The material covered in
Section~[ref: conditionalProbabilitySection]
on conditional probability
would be useful for this question.)","\qt{SAT scores\label{sat_scores}}
SAT scores (out of 1600) are distributed 
normally with a mean of 1100 and a standard deviation of 200.
Suppose a school council awards a certificate of excellence
to all students who score at least 1350 on the SAT,
and suppose we pick one of the recognized students at random.
What is the probability this student's score will be
at least 1500?
(The material covered in
Section~\ref{conditionalProbabilitySection}
on conditional probability
would be useful for this question.)","Entrance test scores are approximately N(24, 4²). Given that a student scored above 20, what is the probability that the student scored above 28?","A. 0.1587
B. 0.3413
C. 0.6826
D. 0.1886",D. 0.1886,"Since X>28 implies X>20, P(X>28 | X>20)=P(X>28)/P(X>20). For 28, z=1.00, so P(X>28)=1-0.8413=0.1587. For 20, z=-1.00, so P(X>20)=1-0.1587=0.8413. Therefore, 0.1587/0.8413≈0.1886.","Entrance test scores are approximately N(24, 4²). Given that a student scored above 20, what is the probability that the student scored above 28?

Options:
A. 0.1587
B. 0.3413
C. 0.6826
D. 0.1886","1. Identify the conditioning event and the higher-score event whose conditional probability is required.
2. Express the question using conditional-probability notation and note the relationship between the two events.
3. Standardize the relevant score thresholds using z-scores rounded to two decimal places.
4. Evaluate the required normal probabilities and combine them using the conditional-probability formula.
5. Interpret the resulting conditional probability.","Entrance test scores are approximately N(24, 4²). Given that a student scored above 20, what is the probability that the student scored above 28?

Options:
A. 0.1587
B. 0.3413
C. 0.6826
D. 0.1886

Follow the reasoning stages below:

1. Identify the conditioning event and the higher-score event whose conditional probability is required.
2. Express the question using conditional-probability notation and note the relationship between the two events.
3. Standardize the relevant score thresholds using z-scores rounded to two decimal places.
4. Evaluate the required normal probabilities and combine them using the conditional-probability formula.
5. Interpret the resulting conditional probability.

Show all necessary calculations and then provide the final answer.",Adaptive Multi-Agent Student–Tutor,qwen-plus,3,,,,,,,,,
30,Probability,Marketing,Medium,Calculation,ch_distributions_42,"Survey response rate

Pew Research reported 
that the typical response rate to their surveys is only 9%. If for a 
particular survey 15,000 households are contacted, what is the probability 
that at least 1,500 will agree to respond? [source: surveysPew]","\qt{Survey response rate\label{survey_response_rate}} Pew Research reported 
that the typical response rate to their surveys is only 9\%. If for a 
particular survey 15,000 households are contacted, what is the probability 
that at least 1,500 will agree to respond? \footfullcite{surveysPew}","A marketing email campaign has an estimated click-through rate of 12%. If 50 customers receive the email, what is the expected number of clicks and the standard deviation?",,Mean = 6.00; SD ≈ 2.30,"Let X~Binomial(50,0.12). Mean=np=6.00. SD=sqrt(np(1-p))=sqrt(50×0.12×0.88)≈2.30.","A marketing email campaign has an estimated click-through rate of 12%. If 50 customers receive the email, what is the expected number of clicks and the standard deviation?

","1. Model the number of clicks among the 50 customers using an appropriate count distribution.
2. Identify the distribution parameters from the number of customers and click-through probability.
3. Calculate the expected number of clicks using the distribution’s mean.
4. Calculate the standard deviation using the distribution’s variance or standard-deviation formula.
5. Report and interpret both quantities.","A marketing email campaign has an estimated click-through rate of 12%. If 50 customers receive the email, what is the expected number of clicks and the standard deviation?

Follow the reasoning stages below:

1. Model the number of clicks among the 50 customers using an appropriate count distribution.
2. Identify the distribution parameters from the number of customers and click-through probability.
3. Calculate the expected number of clicks using the distribution’s mean.
4. Calculate the standard deviation using the distribution’s variance or standard-deviation formula.
5. Report and interpret both quantities.

Show all necessary calculations and then provide the final answer.",Adaptive Multi-Agent Student–Tutor,qwen-plus,3,,,,,,,,,
31,Probability,Marketing,Medium,Calculation,ch_distributions_42,"Survey response rate

Pew Research reported 
that the typical response rate to their surveys is only 9%. If for a 
particular survey 15,000 households are contacted, what is the probability 
that at least 1,500 will agree to respond? [source: surveysPew]","\qt{Survey response rate\label{survey_response_rate}} Pew Research reported 
that the typical response rate to their surveys is only 9\%. If for a 
particular survey 15,000 households are contacted, what is the probability 
that at least 1,500 will agree to respond? \footfullcite{surveysPew}",A store sends a coupon to 12 customers. Each customer independently redeems it with probability 0.18. What is the probability that exactly 4 customers redeem it? Round your answer to four decimal places.,,0.1062,"Let X~Binomial(12,0.18). Using the binomial formula, P(X=4)=C(12,4)(0.18)^4(0.82)^8≈0.1062.","A store sends a coupon to 12 customers. Each customer independently redeems it with probability 0.18. What is the probability that exactly 4 customers redeem it? Round your answer to four decimal places.
","1. Model the number of customers who redeem the coupon among the 12 contacted customers and identify the model parameters.
2. Express “exactly 4 customers redeem it” as an event involving the random variable.
3. Write the appropriate probability-mass formula for that exact count.
4. Substitute the parameters and calculate the probability.
5. Interpret the result.","A store sends a coupon to 12 customers. Each customer independently redeems it with probability 0.18. What is the probability that exactly 4 customers redeem it? Round your answer to four decimal places.

Follow the reasoning stages below:

1. Model the number of customers who redeem the coupon among the 12 contacted customers and identify the model parameters.
2. Express “exactly 4 customers redeem it” as an event involving the random variable.
3. Write the appropriate probability-mass formula for that exact count.
4. Substitute the parameters and calculate the probability.
5. Interpret the result.

Show all necessary calculations and then provide the final answer.",Adaptive Multi-Agent Student–Tutor,qwen-plus,3,,,,,,,,,
32,Probability,Marketing,Medium,Calculation,ch_distributions_41_1,"Married women

The American Community Survey 
estimates that 47.1% of women ages 15 years and over are married.
[source: marWomenACS]

We randomly select three women between these ages. What is the 
probability that the third woman selected is the only one who is married?","\qt{Married women} \label{married_women} The American Community Survey 
estimates that 47.1\% of women ages 15 years and over are married.
\footfullcite{marWomenACS}
\begin{parts}
\item We randomly select three women between these ages. What is the 
probability that the third woman selected is the only one who is married?
\item What is the probability that all three randomly selected women are 
married?
\item On average, how many women would you expect to sample before selecting 
a married woman? What is the standard deviation?
\item If the proportion of married women was actually 30\%, how many women 
would you expect to sample before selecting a married woman? What is the 
standard deviation?
\item Based on your answers to parts (c) and (d), how does decreasing the 
probability of an event affect the mean and standard deviation of the wait 
time until success?
\end{parts}",A customer has a 35% chance of buying after seeing an advert. Three customers see the advert. What is the probability that only the second customer buys?,,0.1479,"The pattern is no-buy, buy, no-buy: 0.65×0.35×0.65=0.1479.","A customer has a 35% chance of buying after seeing an advert. Three customers see the advert. What is the probability that only the second customer buys?

","1. Translate “only the second customer buys” into the required sequence of buying and not buying.
2. Identify the purchase probability and its complement.
3. Assuming independent customers, multiply the probabilities for the required sequence.
4. Calculate the resulting probability.
5. Interpret the result.","A customer has a 35% chance of buying after seeing an advert. Three customers see the advert. What is the probability that only the second customer buys?

Follow the reasoning stages below:

1. Translate “only the second customer buys” into the required sequence of buying and not buying.
2. Identify the purchase probability and its complement.
3. Assuming independent customers, multiply the probabilities for the required sequence.
4. Calculate the resulting probability.
5. Interpret the result.

Show all necessary calculations and then provide the final answer.",Adaptive Multi-Agent Student–Tutor,qwen-plus,3,,,,,,,,,
33,Probability,Marketing,Medium,Calculation,ch_probability_44_1,"Scooping ice cream

Ice cream usually comes in 1.5 
quart boxes (48 fluid ounces), and ice cream scoops hold about 2 ounces. 
However, there is some variability in the amount of ice cream in a box as well as 
the amount of ice cream scooped out. We represent the amount of ice cream in the 
box as $X$ and the amount scooped out as $Y$. Suppose these random variables have 
the following means, standard deviations, and variances:

Table:
| mean | SD | variance | |
| --- | --- | --- | --- |
| $X$ | 48 | 1 | 1 |
| $Y$ | 2 | 0.25 | 0.0625 |

An entire box of ice cream, plus 3 scoops from a second box is served at a 
party. How much ice cream do you expect to have been served at this party? What 
is the standard deviation of the amount of ice cream served?","\qt{Scooping ice cream\label{scoop_ice_cream}} Ice cream usually comes in 1.5 
quart boxes (48 fluid ounces), and ice cream scoops hold about 2 ounces. 
However, there is some variability in the amount of ice cream in a box as well as 
the amount of ice cream scooped out. We represent the amount of ice cream in the 
box as $X$ and the amount scooped out as $Y$. Suppose these random variables have 
the following means, standard deviations, and variances:
\begin{center}
\begin{tabular}{l ccc}
\hline
    & mean & SD & variance \\
\hline
$X$ & 48       & 1      & 1     \\
$Y$ & 2    & 0.25   & 0.0625    \\
\hline
\end{tabular}
\end{center}
\begin{parts}
\item An entire box of ice cream, plus 3 scoops from a second box is served at a 
party. How much ice cream do you expect to have been served at this party? What 
is the standard deviation of the amount of ice cream served?
\item How much ice cream would you expect to be left in the box after scooping 
out one scoop of ice cream? That is, find the expected value of $X-Y$. What is 
the standard deviation of the amount left in the box?
\item Using the context of this exercise, explain why we add variances when we 
subtract one random variable from another.
\end{parts}","A website shows one of four ad designs at random with probabilities 0.40, 0.25, 0.20, and 0.15. What is the probability that a visitor sees either design A or design D?",,0.55,"The events are mutually exclusive, so add the probabilities: 0.40+0.15=0.55.","A website shows one of four ad designs at random with probabilities 0.40, 0.25, 0.20, and 0.15. What is the probability that a visitor sees either design A or design D?

","1. Identify the events corresponding to seeing design A and seeing design D.
2. Determine whether these two events can occur simultaneously for a single visitor.
3. Apply the appropriate addition rule for the union of the two events.
4. Calculate the probability.
5. Interpret the result.","A website shows one of four ad designs at random with probabilities 0.40, 0.25, 0.20, and 0.15. What is the probability that a visitor sees either design A or design D?

Follow the reasoning stages below:

1. Identify the events corresponding to seeing design A and seeing design D.
2. Determine whether these two events can occur simultaneously for a single visitor.
3. Apply the appropriate addition rule for the union of the two events.
4. Calculate the probability.
5. Interpret the result.

Show all necessary calculations and then provide the final answer.",Adaptive Multi-Agent Student–Tutor,qwen-plus,3,,,,,,,,,
34,Probability,Marketing,Medium,Calculation,ch_distributions_45_1,"Buying books on Ebay

Suppose you're considering buying your expensive chemistry
textbook on Ebay.
Looking at past auctions suggests that the 
prices of this textbook follow an approximately normal
distribution with mean $89 and standard deviation $15.

What is the probability that a randomly selected auction for this book 
closes at more than $100?","\qt{Buying books on Ebay\label{buy_boooks_ebay}}
Suppose you're considering buying your expensive chemistry
textbook on Ebay.
Looking at past auctions suggests that the 
prices of this textbook follow an approximately normal
distribution with mean \$89 and standard deviation \$15.
\begin{parts}

\item What is the probability that a randomly selected auction for this book 
closes at more than \$100?

\item Ebay allows you to set your maximum bid price so that if someone 
outbids you on an auction you can automatically outbid them, up to the 
maximum bid price you set. If you are only bidding on one auction, what are 
the advantages and disadvantages of setting a bid price too high or too low? 
What if you are bidding on multiple auctions?

\item If you watched 10 auctions, roughly what percentile might you use for a 
maximum bid cutoff to be somewhat sure that you will win one of these ten 
auctions? Is it possible to find a cutoff point that will ensure that you win 
an auction?

\item If you are willing to track up to ten auctions closely, about what 
price might you use as your maximum bid price if you want to be somewhat sure 
that you will buy one of these ten books?

\end{parts}",Daily revenue from a small online shop is approximately normal with mean £520 and standard deviation £90. What is the probability that revenue exceeds £650 on a randomly selected day?,,0.0749,"Compute z=(650-520)/90=1.4444, then round to z=1.44 for table lookup. From the supplied Z-table, Phi(1.44)=0.9251. Therefore, P(X>650)=1-0.9251=0.0749.","Daily revenue from a small online shop is approximately normal with mean £520 and standard deviation £90. What is the probability that revenue exceeds £650 on a randomly selected day?

","1. Identify the normal-distribution parameters and the target event.
2. Standardize the target revenue using a z-score, rounded to two decimal places.
3. Translate the original event into the corresponding standard-normal upper-tail probability.
4. Evaluate the probability.
5. State the result in the context of daily revenue.","Daily revenue from a small online shop is approximately normal with mean £520 and standard deviation £90. What is the probability that revenue exceeds £650 on a randomly selected day?

Follow the reasoning stages below:

1. Identify the normal-distribution parameters and the target event.
2. Standardize the target revenue using a z-score, rounded to two decimal places.
3. Translate the original event into the corresponding standard-normal upper-tail probability.
4. Evaluate the probability.
5. State the result in the context of daily revenue.

Show all necessary calculations and then provide the final answer.",Adaptive Multi-Agent Student–Tutor,qwen-plus,3,,,,,,,,,
35,Probability,Marketing,Medium,Calculation,ch_distributions_42,"Survey response rate

Pew Research reported 
that the typical response rate to their surveys is only 9%. If for a 
particular survey 15,000 households are contacted, what is the probability 
that at least 1,500 will agree to respond? [source: surveysPew]","\qt{Survey response rate\label{survey_response_rate}} Pew Research reported 
that the typical response rate to their surveys is only 9\%. If for a 
particular survey 15,000 households are contacted, what is the probability 
that at least 1,500 will agree to respond? \footfullcite{surveysPew}","A brand survey expects a 22% response rate. How many responses should be expected from 300 invitations, and what is the probability of receiving no responses in the first 5 invitations?",,Expected responses = 66; P(no response in first 5) ≈ 0.2887,"Expected responses=np=300×0.22=66. For the first 5 invitations, P(no response)=0.78^5≈0.2887.","A brand survey expects a 22% response rate. How many responses should be expected from 300 invitations, and what is the probability of receiving no responses in the first 5 invitations?

","1. Use the response rate and number of invitations to calculate the expected number of responses.
2. For the first five invitations, identify the probability of no response to a single invitation.
3. Under the independence assumption, express the probability that none of the first five invitations produces a response.
4. Calculate that probability.
5. Report both the expected count and the no-response probability.","A brand survey expects a 22% response rate. How many responses should be expected from 300 invitations, and what is the probability of receiving no responses in the first 5 invitations?

Follow the reasoning stages below:

1. Use the response rate and number of invitations to calculate the expected number of responses.
2. For the first five invitations, identify the probability of no response to a single invitation.
3. Under the independence assumption, express the probability that none of the first five invitations produces a response.
4. Calculate that probability.
5. Report both the expected count and the no-response probability.

Show all necessary calculations and then provide the final answer.",Adaptive Multi-Agent Student–Tutor,qwen-plus,3,,,,,,,,,
