id,source,chapter,openintro_exercise_no,local_exercise_no,part_no,title,task,context,sub_question,original_text,raw_latex
ch_distributions_35,OpenIntro Statistics,ch_distributions,35,1,,Roulette winnings,probability,"In the game of roulette, a 
wheel is spun and you place bets on where it will stop. One popular bet is 
that it will stop on a red slot; such a bet has an 18/38 chance of winning. 
If it stops on red, you double the money you bet. If not, you lose the money 
you bet. Suppose you play 3 times, each time with a $1 bet. Let Y represent 
the total amount won or lost. Write a probability model for Y.",,"Roulette winnings

In the game of roulette, a 
wheel is spun and you place bets on where it will stop. One popular bet is 
that it will stop on a red slot; such a bet has an 18/38 chance of winning. 
If it stops on red, you double the money you bet. If not, you lose the money 
you bet. Suppose you play 3 times, each time with a $1 bet. Let Y represent 
the total amount won or lost. Write a probability model for Y.","\qt{Roulette winnings\label{roulette_winnings}} In the game of roulette, a 
wheel is spun and you place bets on where it will stop. One popular bet is 
that it will stop on a red slot; such a bet has an 18/38 chance of winning. 
If it stops on red, you double the money you bet. If not, you lose the money 
you bet. Suppose you play 3 times, each time with a \$1 bet. Let Y represent 
the total amount won or lost. Write a probability model for Y."
ch_distributions_36_1,OpenIntro Statistics,ch_distributions,36,2,1,"Speeding on the I-5, Part I",normal_distribution,"The distribution of 
passenger vehicle speeds traveling on the Interstate 5 Freeway (I-5) in 
California is nearly normal with a mean of 72.6 miles/hour and a standard 
deviation of 4.78 miles/hour.[source: Johnson+Murray:2010]",What percent of passenger vehicles travel slower than 80 miles/hour?,"Speeding on the I-5, Part I

The distribution of 
passenger vehicle speeds traveling on the Interstate 5 Freeway (I-5) in 
California is nearly normal with a mean of 72.6 miles/hour and a standard 
deviation of 4.78 miles/hour.[source: Johnson+Murray:2010]

What percent of passenger vehicles travel slower than 80 miles/hour?","\qt{Speeding on the I-5, Part I\label{speeding_i5_intro}} The distribution of 
passenger vehicle speeds traveling on the Interstate 5 Freeway (I-5) in 
California is nearly normal with a mean of 72.6 miles/hour and a standard 
deviation of 4.78 miles/hour.\footfullcite{Johnson+Murray:2010}
\begin{parts}
\item What percent of passenger vehicles travel slower than 80 miles/hour?
\item What percent of passenger vehicles travel between 60 and 80 miles/hour?
\item How fast do the fastest 5\% of passenger vehicles travel?
\item The speed limit on this stretch of the I-5 is 70 miles/hour. 
Approximate what percentage of the passenger vehicles travel above the speed 
limit on this stretch of the I-5.
\end{parts}"
ch_distributions_36_2,OpenIntro Statistics,ch_distributions,36,2,2,"Speeding on the I-5, Part I",normal_distribution,"The distribution of 
passenger vehicle speeds traveling on the Interstate 5 Freeway (I-5) in 
California is nearly normal with a mean of 72.6 miles/hour and a standard 
deviation of 4.78 miles/hour.[source: Johnson+Murray:2010]",What percent of passenger vehicles travel between 60 and 80 miles/hour?,"Speeding on the I-5, Part I

The distribution of 
passenger vehicle speeds traveling on the Interstate 5 Freeway (I-5) in 
California is nearly normal with a mean of 72.6 miles/hour and a standard 
deviation of 4.78 miles/hour.[source: Johnson+Murray:2010]

What percent of passenger vehicles travel between 60 and 80 miles/hour?","\qt{Speeding on the I-5, Part I\label{speeding_i5_intro}} The distribution of 
passenger vehicle speeds traveling on the Interstate 5 Freeway (I-5) in 
California is nearly normal with a mean of 72.6 miles/hour and a standard 
deviation of 4.78 miles/hour.\footfullcite{Johnson+Murray:2010}
\begin{parts}
\item What percent of passenger vehicles travel slower than 80 miles/hour?
\item What percent of passenger vehicles travel between 60 and 80 miles/hour?
\item How fast do the fastest 5\% of passenger vehicles travel?
\item The speed limit on this stretch of the I-5 is 70 miles/hour. 
Approximate what percentage of the passenger vehicles travel above the speed 
limit on this stretch of the I-5.
\end{parts}"
ch_distributions_36_3,OpenIntro Statistics,ch_distributions,36,2,3,"Speeding on the I-5, Part I",normal_distribution,"The distribution of 
passenger vehicle speeds traveling on the Interstate 5 Freeway (I-5) in 
California is nearly normal with a mean of 72.6 miles/hour and a standard 
deviation of 4.78 miles/hour.[source: Johnson+Murray:2010]",How fast do the fastest 5% of passenger vehicles travel?,"Speeding on the I-5, Part I

The distribution of 
passenger vehicle speeds traveling on the Interstate 5 Freeway (I-5) in 
California is nearly normal with a mean of 72.6 miles/hour and a standard 
deviation of 4.78 miles/hour.[source: Johnson+Murray:2010]

How fast do the fastest 5% of passenger vehicles travel?","\qt{Speeding on the I-5, Part I\label{speeding_i5_intro}} The distribution of 
passenger vehicle speeds traveling on the Interstate 5 Freeway (I-5) in 
California is nearly normal with a mean of 72.6 miles/hour and a standard 
deviation of 4.78 miles/hour.\footfullcite{Johnson+Murray:2010}
\begin{parts}
\item What percent of passenger vehicles travel slower than 80 miles/hour?
\item What percent of passenger vehicles travel between 60 and 80 miles/hour?
\item How fast do the fastest 5\% of passenger vehicles travel?
\item The speed limit on this stretch of the I-5 is 70 miles/hour. 
Approximate what percentage of the passenger vehicles travel above the speed 
limit on this stretch of the I-5.
\end{parts}"
ch_distributions_36_4,OpenIntro Statistics,ch_distributions,36,2,4,"Speeding on the I-5, Part I",normal_distribution,"The distribution of 
passenger vehicle speeds traveling on the Interstate 5 Freeway (I-5) in 
California is nearly normal with a mean of 72.6 miles/hour and a standard 
deviation of 4.78 miles/hour.[source: Johnson+Murray:2010]","The speed limit on this stretch of the I-5 is 70 miles/hour. 
Approximate what percentage of the passenger vehicles travel above the speed 
limit on this stretch of the I-5.","Speeding on the I-5, Part I

The distribution of 
passenger vehicle speeds traveling on the Interstate 5 Freeway (I-5) in 
California is nearly normal with a mean of 72.6 miles/hour and a standard 
deviation of 4.78 miles/hour.[source: Johnson+Murray:2010]

The speed limit on this stretch of the I-5 is 70 miles/hour. 
Approximate what percentage of the passenger vehicles travel above the speed 
limit on this stretch of the I-5.","\qt{Speeding on the I-5, Part I\label{speeding_i5_intro}} The distribution of 
passenger vehicle speeds traveling on the Interstate 5 Freeway (I-5) in 
California is nearly normal with a mean of 72.6 miles/hour and a standard 
deviation of 4.78 miles/hour.\footfullcite{Johnson+Murray:2010}
\begin{parts}
\item What percent of passenger vehicles travel slower than 80 miles/hour?
\item What percent of passenger vehicles travel between 60 and 80 miles/hour?
\item How fast do the fastest 5\% of passenger vehicles travel?
\item The speed limit on this stretch of the I-5 is 70 miles/hour. 
Approximate what percentage of the passenger vehicles travel above the speed 
limit on this stretch of the I-5.
\end{parts}"
ch_distributions_37,OpenIntro Statistics,ch_distributions,37,3,,University admissions,probability,"Suppose a university 
announced that it admitted 2,500 students for the following year's freshman 
class. However, the university has dorm room spots for only 1,786 freshman 
students. If there is a 70% chance that an admitted student will decide to 
accept the offer and attend this university, what is the approximate 
probability that the university will not have enough dormitory room spots for 
the freshman class?",,"University admissions

Suppose a university 
announced that it admitted 2,500 students for the following year's freshman 
class. However, the university has dorm room spots for only 1,786 freshman 
students. If there is a 70% chance that an admitted student will decide to 
accept the offer and attend this university, what is the approximate 
probability that the university will not have enough dormitory room spots for 
the freshman class?","\qt{University admissions\label{university_admissions}} Suppose a university 
announced that it admitted 2,500 students for the following year's freshman 
class. However, the university has dorm room spots for only 1,786 freshman 
students. If there is a 70\% chance that an admitted student will decide to 
accept the offer and attend this university, what is the approximate 
probability that the university will not have enough dormitory room spots for 
the freshman class?"
ch_distributions_38_1,OpenIntro Statistics,ch_distributions,38,4,1,"Speeding on the I-5, Part II",probability,"Exercise~[ref: speeding_i5_intro] states that the distribution of speeds of 
cars traveling on the Interstate 5 Freeway (I-5) in California is nearly 
normal with a mean of 72.6 miles/hour and a standard deviation of 4.78 
miles/hour. The speed limit on this stretch of the I-5 is 70 miles/hour.","A highway patrol officer is hidden on the side of the freeway. What is 
the probability that 5~cars pass and none are speeding? Assume that the 
speeds of the cars are independent of each other.","Speeding on the I-5, Part II

Exercise~[ref: speeding_i5_intro] states that the distribution of speeds of 
cars traveling on the Interstate 5 Freeway (I-5) in California is nearly 
normal with a mean of 72.6 miles/hour and a standard deviation of 4.78 
miles/hour. The speed limit on this stretch of the I-5 is 70 miles/hour.

A highway patrol officer is hidden on the side of the freeway. What is 
the probability that 5~cars pass and none are speeding? Assume that the 
speeds of the cars are independent of each other.","\qt{Speeding on the I-5, Part II\label{speeding_i5_geometric}} 
Exercise~\ref{speeding_i5_intro} states that the distribution of speeds of 
cars traveling on the Interstate 5 Freeway (I-5) in California is nearly 
normal with a mean of 72.6 miles/hour and a standard deviation of 4.78 
miles/hour. The speed limit on this stretch of the I-5 is 70 miles/hour.
\begin{parts}
\item A highway patrol officer is hidden on the side of the freeway. What is 
the probability that 5~cars pass and none are speeding? Assume that the 
speeds of the cars are independent of each other.
\item On average, how many cars would the highway patrol officer expect to 
watch until the first car that is speeding? What is the standard deviation of 
the number of cars he would expect to watch?
\end{parts}"
ch_distributions_38_2,OpenIntro Statistics,ch_distributions,38,4,2,"Speeding on the I-5, Part II",distribution,"Exercise~[ref: speeding_i5_intro] states that the distribution of speeds of 
cars traveling on the Interstate 5 Freeway (I-5) in California is nearly 
normal with a mean of 72.6 miles/hour and a standard deviation of 4.78 
miles/hour. The speed limit on this stretch of the I-5 is 70 miles/hour.","On average, how many cars would the highway patrol officer expect to 
watch until the first car that is speeding? What is the standard deviation of 
the number of cars he would expect to watch?","Speeding on the I-5, Part II

Exercise~[ref: speeding_i5_intro] states that the distribution of speeds of 
cars traveling on the Interstate 5 Freeway (I-5) in California is nearly 
normal with a mean of 72.6 miles/hour and a standard deviation of 4.78 
miles/hour. The speed limit on this stretch of the I-5 is 70 miles/hour.

On average, how many cars would the highway patrol officer expect to 
watch until the first car that is speeding? What is the standard deviation of 
the number of cars he would expect to watch?","\qt{Speeding on the I-5, Part II\label{speeding_i5_geometric}} 
Exercise~\ref{speeding_i5_intro} states that the distribution of speeds of 
cars traveling on the Interstate 5 Freeway (I-5) in California is nearly 
normal with a mean of 72.6 miles/hour and a standard deviation of 4.78 
miles/hour. The speed limit on this stretch of the I-5 is 70 miles/hour.
\begin{parts}
\item A highway patrol officer is hidden on the side of the freeway. What is 
the probability that 5~cars pass and none are speeding? Assume that the 
speeds of the cars are independent of each other.
\item On average, how many cars would the highway patrol officer expect to 
watch until the first car that is speeding? What is the standard deviation of 
the number of cars he would expect to watch?
\end{parts}"
ch_distributions_39_1,OpenIntro Statistics,ch_distributions,39,5,1,Auto insurance premiums,normal_distribution,"Suppose a 
newspaper article states that the distribution of auto insurance premiums for 
residents of California is approximately normal with a mean of $1,650. The 
article also states that 25% of California residents pay more than $1,800.","What is the Z-score that corresponds to the top 25% (or the $75^th$ 
percentile) of the standard normal distribution?","Auto insurance premiums

Suppose a 
newspaper article states that the distribution of auto insurance premiums for 
residents of California is approximately normal with a mean of $1,650. The 
article also states that 25% of California residents pay more than $1,800.

What is the Z-score that corresponds to the top 25% (or the $75^th$ 
percentile) of the standard normal distribution?","\qt{Auto insurance premiums\label{auto_insurance_premiums}} Suppose a 
newspaper article states that the distribution of auto insurance premiums for 
residents of California is approximately normal with a mean of \$1,650. The 
article also states that 25\% of California residents pay more than \$1,800. 
\begin{parts}
\item What is the Z-score that corresponds to the top 25\% (or the $75^{th}$ 
percentile) of the standard normal distribution?
\item What is the mean insurance cost? What is the cutoff for the 75th 
percentile?
\item Identify the standard deviation of insurance premiums in California.
\end{parts}"
ch_distributions_39_2,OpenIntro Statistics,ch_distributions,39,5,2,Auto insurance premiums,distribution,"Suppose a 
newspaper article states that the distribution of auto insurance premiums for 
residents of California is approximately normal with a mean of $1,650. The 
article also states that 25% of California residents pay more than $1,800.","What is the mean insurance cost? What is the cutoff for the 75th 
percentile?","Auto insurance premiums

Suppose a 
newspaper article states that the distribution of auto insurance premiums for 
residents of California is approximately normal with a mean of $1,650. The 
article also states that 25% of California residents pay more than $1,800.

What is the mean insurance cost? What is the cutoff for the 75th 
percentile?","\qt{Auto insurance premiums\label{auto_insurance_premiums}} Suppose a 
newspaper article states that the distribution of auto insurance premiums for 
residents of California is approximately normal with a mean of \$1,650. The 
article also states that 25\% of California residents pay more than \$1,800. 
\begin{parts}
\item What is the Z-score that corresponds to the top 25\% (or the $75^{th}$ 
percentile) of the standard normal distribution?
\item What is the mean insurance cost? What is the cutoff for the 75th 
percentile?
\item Identify the standard deviation of insurance premiums in California.
\end{parts}"
ch_distributions_39_3,OpenIntro Statistics,ch_distributions,39,5,3,Auto insurance premiums,distribution,"Suppose a 
newspaper article states that the distribution of auto insurance premiums for 
residents of California is approximately normal with a mean of $1,650. The 
article also states that 25% of California residents pay more than $1,800.",Identify the standard deviation of insurance premiums in California.,"Auto insurance premiums

Suppose a 
newspaper article states that the distribution of auto insurance premiums for 
residents of California is approximately normal with a mean of $1,650. The 
article also states that 25% of California residents pay more than $1,800.

Identify the standard deviation of insurance premiums in California.","\qt{Auto insurance premiums\label{auto_insurance_premiums}} Suppose a 
newspaper article states that the distribution of auto insurance premiums for 
residents of California is approximately normal with a mean of \$1,650. The 
article also states that 25\% of California residents pay more than \$1,800. 
\begin{parts}
\item What is the Z-score that corresponds to the top 25\% (or the $75^{th}$ 
percentile) of the standard normal distribution?
\item What is the mean insurance cost? What is the cutoff for the 75th 
percentile?
\item Identify the standard deviation of insurance premiums in California.
\end{parts}"
ch_distributions_40,OpenIntro Statistics,ch_distributions,40,6,,SAT scores,probability,"SAT scores (out of 1600) are distributed 
normally with a mean of 1100 and a standard deviation of 200.
Suppose a school council awards a certificate of excellence
to all students who score at least 1350 on the SAT,
and suppose we pick one of the recognized students at random.
What is the probability this student's score will be
at least 1500?
(The material covered in
Section~[ref: conditionalProbabilitySection]
on conditional probability
would be useful for this question.)",,"SAT scores

SAT scores (out of 1600) are distributed 
normally with a mean of 1100 and a standard deviation of 200.
Suppose a school council awards a certificate of excellence
to all students who score at least 1350 on the SAT,
and suppose we pick one of the recognized students at random.
What is the probability this student's score will be
at least 1500?
(The material covered in
Section~[ref: conditionalProbabilitySection]
on conditional probability
would be useful for this question.)","\qt{SAT scores\label{sat_scores}}
SAT scores (out of 1600) are distributed 
normally with a mean of 1100 and a standard deviation of 200.
Suppose a school council awards a certificate of excellence
to all students who score at least 1350 on the SAT,
and suppose we pick one of the recognized students at random.
What is the probability this student's score will be
at least 1500?
(The material covered in
Section~\ref{conditionalProbabilitySection}
on conditional probability
would be useful for this question.)"
ch_distributions_41_1,OpenIntro Statistics,ch_distributions,41,7,1,Married women,probability,"The American Community Survey 
estimates that 47.1% of women ages 15 years and over are married.
[source: marWomenACS]","We randomly select three women between these ages. What is the 
probability that the third woman selected is the only one who is married?","Married women

The American Community Survey 
estimates that 47.1% of women ages 15 years and over are married.
[source: marWomenACS]

We randomly select three women between these ages. What is the 
probability that the third woman selected is the only one who is married?","\qt{Married women} \label{married_women} The American Community Survey 
estimates that 47.1\% of women ages 15 years and over are married.
\footfullcite{marWomenACS}
\begin{parts}
\item We randomly select three women between these ages. What is the 
probability that the third woman selected is the only one who is married?
\item What is the probability that all three randomly selected women are 
married?
\item On average, how many women would you expect to sample before selecting 
a married woman? What is the standard deviation?
\item If the proportion of married women was actually 30\%, how many women 
would you expect to sample before selecting a married woman? What is the 
standard deviation?
\item Based on your answers to parts (c) and (d), how does decreasing the 
probability of an event affect the mean and standard deviation of the wait 
time until success?
\end{parts}"
ch_distributions_41_2,OpenIntro Statistics,ch_distributions,41,7,2,Married women,probability,"The American Community Survey 
estimates that 47.1% of women ages 15 years and over are married.
[source: marWomenACS]","What is the probability that all three randomly selected women are 
married?","Married women

The American Community Survey 
estimates that 47.1% of women ages 15 years and over are married.
[source: marWomenACS]

What is the probability that all three randomly selected women are 
married?","\qt{Married women} \label{married_women} The American Community Survey 
estimates that 47.1\% of women ages 15 years and over are married.
\footfullcite{marWomenACS}
\begin{parts}
\item We randomly select three women between these ages. What is the 
probability that the third woman selected is the only one who is married?
\item What is the probability that all three randomly selected women are 
married?
\item On average, how many women would you expect to sample before selecting 
a married woman? What is the standard deviation?
\item If the proportion of married women was actually 30\%, how many women 
would you expect to sample before selecting a married woman? What is the 
standard deviation?
\item Based on your answers to parts (c) and (d), how does decreasing the 
probability of an event affect the mean and standard deviation of the wait 
time until success?
\end{parts}"
ch_distributions_41_3,OpenIntro Statistics,ch_distributions,41,7,3,Married women,sampling,"The American Community Survey 
estimates that 47.1% of women ages 15 years and over are married.
[source: marWomenACS]","On average, how many women would you expect to sample before selecting 
a married woman? What is the standard deviation?","Married women

The American Community Survey 
estimates that 47.1% of women ages 15 years and over are married.
[source: marWomenACS]

On average, how many women would you expect to sample before selecting 
a married woman? What is the standard deviation?","\qt{Married women} \label{married_women} The American Community Survey 
estimates that 47.1\% of women ages 15 years and over are married.
\footfullcite{marWomenACS}
\begin{parts}
\item We randomly select three women between these ages. What is the 
probability that the third woman selected is the only one who is married?
\item What is the probability that all three randomly selected women are 
married?
\item On average, how many women would you expect to sample before selecting 
a married woman? What is the standard deviation?
\item If the proportion of married women was actually 30\%, how many women 
would you expect to sample before selecting a married woman? What is the 
standard deviation?
\item Based on your answers to parts (c) and (d), how does decreasing the 
probability of an event affect the mean and standard deviation of the wait 
time until success?
\end{parts}"
ch_distributions_41_4,OpenIntro Statistics,ch_distributions,41,7,4,Married women,sampling,"The American Community Survey 
estimates that 47.1% of women ages 15 years and over are married.
[source: marWomenACS]","If the proportion of married women was actually 30%, how many women 
would you expect to sample before selecting a married woman? What is the 
standard deviation?","Married women

The American Community Survey 
estimates that 47.1% of women ages 15 years and over are married.
[source: marWomenACS]

If the proportion of married women was actually 30%, how many women 
would you expect to sample before selecting a married woman? What is the 
standard deviation?","\qt{Married women} \label{married_women} The American Community Survey 
estimates that 47.1\% of women ages 15 years and over are married.
\footfullcite{marWomenACS}
\begin{parts}
\item We randomly select three women between these ages. What is the 
probability that the third woman selected is the only one who is married?
\item What is the probability that all three randomly selected women are 
married?
\item On average, how many women would you expect to sample before selecting 
a married woman? What is the standard deviation?
\item If the proportion of married women was actually 30\%, how many women 
would you expect to sample before selecting a married woman? What is the 
standard deviation?
\item Based on your answers to parts (c) and (d), how does decreasing the 
probability of an event affect the mean and standard deviation of the wait 
time until success?
\end{parts}"
ch_distributions_41_5,OpenIntro Statistics,ch_distributions,41,7,5,Married women,probability,"The American Community Survey 
estimates that 47.1% of women ages 15 years and over are married.
[source: marWomenACS]","Based on your answers to parts (c) and (d), how does decreasing the 
probability of an event affect the mean and standard deviation of the wait 
time until success?","Married women

The American Community Survey 
estimates that 47.1% of women ages 15 years and over are married.
[source: marWomenACS]

Based on your answers to parts (c) and (d), how does decreasing the 
probability of an event affect the mean and standard deviation of the wait 
time until success?","\qt{Married women} \label{married_women} The American Community Survey 
estimates that 47.1\% of women ages 15 years and over are married.
\footfullcite{marWomenACS}
\begin{parts}
\item We randomly select three women between these ages. What is the 
probability that the third woman selected is the only one who is married?
\item What is the probability that all three randomly selected women are 
married?
\item On average, how many women would you expect to sample before selecting 
a married woman? What is the standard deviation?
\item If the proportion of married women was actually 30\%, how many women 
would you expect to sample before selecting a married woman? What is the 
standard deviation?
\item Based on your answers to parts (c) and (d), how does decreasing the 
probability of an event affect the mean and standard deviation of the wait 
time until success?
\end{parts}"
ch_distributions_42,OpenIntro Statistics,ch_distributions,42,8,,Survey response rate,probability,"Pew Research reported 
that the typical response rate to their surveys is only 9%. If for a 
particular survey 15,000 households are contacted, what is the probability 
that at least 1,500 will agree to respond? [source: surveysPew]",,"Survey response rate

Pew Research reported 
that the typical response rate to their surveys is only 9%. If for a 
particular survey 15,000 households are contacted, what is the probability 
that at least 1,500 will agree to respond? [source: surveysPew]","\qt{Survey response rate\label{survey_response_rate}} Pew Research reported 
that the typical response rate to their surveys is only 9\%. If for a 
particular survey 15,000 households are contacted, what is the probability 
that at least 1,500 will agree to respond? \footfullcite{surveysPew}"
ch_distributions_43,OpenIntro Statistics,ch_distributions,43,9,,Overweight baggage,normal_distribution,"Suppose weights of the 
checked baggage of airline passengers follow a nearly normal distribution 
with mean 45 pounds and standard deviation 3.2 pounds. Most airlines charge a 
fee for baggage that weigh in excess of 50 pounds. Determine what percent of 
airline passengers incur this fee.",,"Overweight baggage

Suppose weights of the 
checked baggage of airline passengers follow a nearly normal distribution 
with mean 45 pounds and standard deviation 3.2 pounds. Most airlines charge a 
fee for baggage that weigh in excess of 50 pounds. Determine what percent of 
airline passengers incur this fee.","\qt{Overweight baggage\label{overweight_baggage}} Suppose weights of the 
checked baggage of airline passengers follow a nearly normal distribution 
with mean 45 pounds and standard deviation 3.2 pounds. Most airlines charge a 
fee for baggage that weigh in excess of 50 pounds. Determine what percent of 
airline passengers incur this fee."
ch_distributions_44_1,OpenIntro Statistics,ch_distributions,44,10,1,"Heights of 10 year olds, Part I",normal_distribution,"Heights of 10 year olds, regardless of gender, closely follow
a normal distribution with mean 55 inches and standard deviation
6~inches.","What is the probability that a randomly chosen 10 year old
 is shorter than 48 inches?","Heights of 10 year olds, Part I

Heights of 10 year olds, regardless of gender, closely follow
a normal distribution with mean 55 inches and standard deviation
6~inches.

What is the probability that a randomly chosen 10 year old
 is shorter than 48 inches?","\qt{Heights of 10 year olds, Part I\label{heights_10_yrs}}
Heights of 10 year olds, regardless of gender, closely follow
a normal distribution with mean 55 inches and standard deviation
6~inches.
\begin{parts}
\item
    What is the probability that a randomly chosen 10 year old
    is shorter than 48 inches?
\item
    What is the probability that a randomly chosen 10 year old
    is between 60 and 65 inches?
\item
    If the tallest 10\% of the class is considered
    ``very tall'',
    what is the height cutoff for ``very tall""?
\end{parts}"
ch_distributions_44_2,OpenIntro Statistics,ch_distributions,44,10,2,"Heights of 10 year olds, Part I",normal_distribution,"Heights of 10 year olds, regardless of gender, closely follow
a normal distribution with mean 55 inches and standard deviation
6~inches.","What is the probability that a randomly chosen 10 year old
 is between 60 and 65 inches?","Heights of 10 year olds, Part I

Heights of 10 year olds, regardless of gender, closely follow
a normal distribution with mean 55 inches and standard deviation
6~inches.

What is the probability that a randomly chosen 10 year old
 is between 60 and 65 inches?","\qt{Heights of 10 year olds, Part I\label{heights_10_yrs}}
Heights of 10 year olds, regardless of gender, closely follow
a normal distribution with mean 55 inches and standard deviation
6~inches.
\begin{parts}
\item
    What is the probability that a randomly chosen 10 year old
    is shorter than 48 inches?
\item
    What is the probability that a randomly chosen 10 year old
    is between 60 and 65 inches?
\item
    If the tallest 10\% of the class is considered
    ``very tall'',
    what is the height cutoff for ``very tall""?
\end{parts}"
ch_distributions_44_3,OpenIntro Statistics,ch_distributions,44,10,3,"Heights of 10 year olds, Part I",normal_distribution,"Heights of 10 year olds, regardless of gender, closely follow
a normal distribution with mean 55 inches and standard deviation
6~inches.","If the tallest 10% of the class is considered
 ``very tall'',
 what is the height cutoff for ``very tall""?","Heights of 10 year olds, Part I

Heights of 10 year olds, regardless of gender, closely follow
a normal distribution with mean 55 inches and standard deviation
6~inches.

If the tallest 10% of the class is considered
 ``very tall'',
 what is the height cutoff for ``very tall""?","\qt{Heights of 10 year olds, Part I\label{heights_10_yrs}}
Heights of 10 year olds, regardless of gender, closely follow
a normal distribution with mean 55 inches and standard deviation
6~inches.
\begin{parts}
\item
    What is the probability that a randomly chosen 10 year old
    is shorter than 48 inches?
\item
    What is the probability that a randomly chosen 10 year old
    is between 60 and 65 inches?
\item
    If the tallest 10\% of the class is considered
    ``very tall'',
    what is the height cutoff for ``very tall""?
\end{parts}"
ch_distributions_45_1,OpenIntro Statistics,ch_distributions,45,11,1,Buying books on Ebay,probability,"Suppose you're considering buying your expensive chemistry
textbook on Ebay.
Looking at past auctions suggests that the 
prices of this textbook follow an approximately normal
distribution with mean $89 and standard deviation $15.","What is the probability that a randomly selected auction for this book 
closes at more than $100?","Buying books on Ebay

Suppose you're considering buying your expensive chemistry
textbook on Ebay.
Looking at past auctions suggests that the 
prices of this textbook follow an approximately normal
distribution with mean $89 and standard deviation $15.

What is the probability that a randomly selected auction for this book 
closes at more than $100?","\qt{Buying books on Ebay\label{buy_boooks_ebay}}
Suppose you're considering buying your expensive chemistry
textbook on Ebay.
Looking at past auctions suggests that the 
prices of this textbook follow an approximately normal
distribution with mean \$89 and standard deviation \$15.
\begin{parts}

\item What is the probability that a randomly selected auction for this book 
closes at more than \$100?

\item Ebay allows you to set your maximum bid price so that if someone 
outbids you on an auction you can automatically outbid them, up to the 
maximum bid price you set. If you are only bidding on one auction, what are 
the advantages and disadvantages of setting a bid price too high or too low? 
What if you are bidding on multiple auctions?

\item If you watched 10 auctions, roughly what percentile might you use for a 
maximum bid cutoff to be somewhat sure that you will win one of these ten 
auctions? Is it possible to find a cutoff point that will ensure that you win 
an auction?

\item If you are willing to track up to ten auctions closely, about what 
price might you use as your maximum bid price if you want to be somewhat sure 
that you will buy one of these ten books?

\end{parts}"
ch_distributions_45_2,OpenIntro Statistics,ch_distributions,45,11,2,Buying books on Ebay,distribution,"Suppose you're considering buying your expensive chemistry
textbook on Ebay.
Looking at past auctions suggests that the 
prices of this textbook follow an approximately normal
distribution with mean $89 and standard deviation $15.","Ebay allows you to set your maximum bid price so that if someone 
outbids you on an auction you can automatically outbid them, up to the 
maximum bid price you set. If you are only bidding on one auction, what are 
the advantages and disadvantages of setting a bid price too high or too low? 
What if you are bidding on multiple auctions?","Buying books on Ebay

Suppose you're considering buying your expensive chemistry
textbook on Ebay.
Looking at past auctions suggests that the 
prices of this textbook follow an approximately normal
distribution with mean $89 and standard deviation $15.

Ebay allows you to set your maximum bid price so that if someone 
outbids you on an auction you can automatically outbid them, up to the 
maximum bid price you set. If you are only bidding on one auction, what are 
the advantages and disadvantages of setting a bid price too high or too low? 
What if you are bidding on multiple auctions?","\qt{Buying books on Ebay\label{buy_boooks_ebay}}
Suppose you're considering buying your expensive chemistry
textbook on Ebay.
Looking at past auctions suggests that the 
prices of this textbook follow an approximately normal
distribution with mean \$89 and standard deviation \$15.
\begin{parts}

\item What is the probability that a randomly selected auction for this book 
closes at more than \$100?

\item Ebay allows you to set your maximum bid price so that if someone 
outbids you on an auction you can automatically outbid them, up to the 
maximum bid price you set. If you are only bidding on one auction, what are 
the advantages and disadvantages of setting a bid price too high or too low? 
What if you are bidding on multiple auctions?

\item If you watched 10 auctions, roughly what percentile might you use for a 
maximum bid cutoff to be somewhat sure that you will win one of these ten 
auctions? Is it possible to find a cutoff point that will ensure that you win 
an auction?

\item If you are willing to track up to ten auctions closely, about what 
price might you use as your maximum bid price if you want to be somewhat sure 
that you will buy one of these ten books?

\end{parts}"
ch_distributions_45_3,OpenIntro Statistics,ch_distributions,45,11,3,Buying books on Ebay,distribution,"Suppose you're considering buying your expensive chemistry
textbook on Ebay.
Looking at past auctions suggests that the 
prices of this textbook follow an approximately normal
distribution with mean $89 and standard deviation $15.","If you watched 10 auctions, roughly what percentile might you use for a 
maximum bid cutoff to be somewhat sure that you will win one of these ten 
auctions? Is it possible to find a cutoff point that will ensure that you win 
an auction?","Buying books on Ebay

Suppose you're considering buying your expensive chemistry
textbook on Ebay.
Looking at past auctions suggests that the 
prices of this textbook follow an approximately normal
distribution with mean $89 and standard deviation $15.

If you watched 10 auctions, roughly what percentile might you use for a 
maximum bid cutoff to be somewhat sure that you will win one of these ten 
auctions? Is it possible to find a cutoff point that will ensure that you win 
an auction?","\qt{Buying books on Ebay\label{buy_boooks_ebay}}
Suppose you're considering buying your expensive chemistry
textbook on Ebay.
Looking at past auctions suggests that the 
prices of this textbook follow an approximately normal
distribution with mean \$89 and standard deviation \$15.
\begin{parts}

\item What is the probability that a randomly selected auction for this book 
closes at more than \$100?

\item Ebay allows you to set your maximum bid price so that if someone 
outbids you on an auction you can automatically outbid them, up to the 
maximum bid price you set. If you are only bidding on one auction, what are 
the advantages and disadvantages of setting a bid price too high or too low? 
What if you are bidding on multiple auctions?

\item If you watched 10 auctions, roughly what percentile might you use for a 
maximum bid cutoff to be somewhat sure that you will win one of these ten 
auctions? Is it possible to find a cutoff point that will ensure that you win 
an auction?

\item If you are willing to track up to ten auctions closely, about what 
price might you use as your maximum bid price if you want to be somewhat sure 
that you will buy one of these ten books?

\end{parts}"
ch_distributions_45_4,OpenIntro Statistics,ch_distributions,45,11,4,Buying books on Ebay,distribution,"Suppose you're considering buying your expensive chemistry
textbook on Ebay.
Looking at past auctions suggests that the 
prices of this textbook follow an approximately normal
distribution with mean $89 and standard deviation $15.","If you are willing to track up to ten auctions closely, about what 
price might you use as your maximum bid price if you want to be somewhat sure 
that you will buy one of these ten books?","Buying books on Ebay

Suppose you're considering buying your expensive chemistry
textbook on Ebay.
Looking at past auctions suggests that the 
prices of this textbook follow an approximately normal
distribution with mean $89 and standard deviation $15.

If you are willing to track up to ten auctions closely, about what 
price might you use as your maximum bid price if you want to be somewhat sure 
that you will buy one of these ten books?","\qt{Buying books on Ebay\label{buy_boooks_ebay}}
Suppose you're considering buying your expensive chemistry
textbook on Ebay.
Looking at past auctions suggests that the 
prices of this textbook follow an approximately normal
distribution with mean \$89 and standard deviation \$15.
\begin{parts}

\item What is the probability that a randomly selected auction for this book 
closes at more than \$100?

\item Ebay allows you to set your maximum bid price so that if someone 
outbids you on an auction you can automatically outbid them, up to the 
maximum bid price you set. If you are only bidding on one auction, what are 
the advantages and disadvantages of setting a bid price too high or too low? 
What if you are bidding on multiple auctions?

\item If you watched 10 auctions, roughly what percentile might you use for a 
maximum bid cutoff to be somewhat sure that you will win one of these ten 
auctions? Is it possible to find a cutoff point that will ensure that you win 
an auction?

\item If you are willing to track up to ten auctions closely, about what 
price might you use as your maximum bid price if you want to be somewhat sure 
that you will buy one of these ten books?

\end{parts}"
ch_distributions_46_1,OpenIntro Statistics,ch_distributions,46,12,1,"Heights of 10 year olds, Part II",normal_distribution,"Heights of 10 year olds, regardless of gender, closely follow
a normal distribution with mean 55 inches and standard deviation
6~inches.","The height requirement for Batman the Ride at
 Six Flags Magic Mountain is 54 inches.
 What percent of 10 year olds cannot go on this ride?","Heights of 10 year olds, Part II

Heights of 10 year olds, regardless of gender, closely follow
a normal distribution with mean 55 inches and standard deviation
6~inches.

The height requirement for Batman the Ride at
 Six Flags Magic Mountain is 54 inches.
 What percent of 10 year olds cannot go on this ride?","\qt{Heights of 10 year olds, Part II\label{heights_10_yrs_prob}}
Heights of 10 year olds, regardless of gender, closely follow
a normal distribution with mean 55 inches and standard deviation
6~inches.
\begin{parts}
\item
    The height requirement for \textit{Batman the Ride} at
    Six Flags Magic Mountain is 54 inches.
    What percent of 10 year olds cannot go on this ride?
\item
    Suppose there are four 10 year olds.
    What is the chance that at least two of them
    will be able to ride \emph{Batman the Ride}?
\item
    Suppose you work at the park to help them better
    understand their customers' demographics, and
    you are counting people as they enter
    the park.
    What is the chance that the first 10 year old
    you see who can ride \emph{Batman the Ride} is
    the 3rd 10 year old who enters the park?
\item
    What is the chance that the fifth 10 year old
    you see who can ride \emph{Batman the Ride} is
    the 12th 10 year old who enters the park?
\end{parts}"
ch_distributions_46_2,OpenIntro Statistics,ch_distributions,46,12,2,"Heights of 10 year olds, Part II",normal_distribution,"Heights of 10 year olds, regardless of gender, closely follow
a normal distribution with mean 55 inches and standard deviation
6~inches.","Suppose there are four 10 year olds.
 What is the chance that at least two of them
 will be able to ride Batman the Ride?","Heights of 10 year olds, Part II

Heights of 10 year olds, regardless of gender, closely follow
a normal distribution with mean 55 inches and standard deviation
6~inches.

Suppose there are four 10 year olds.
 What is the chance that at least two of them
 will be able to ride Batman the Ride?","\qt{Heights of 10 year olds, Part II\label{heights_10_yrs_prob}}
Heights of 10 year olds, regardless of gender, closely follow
a normal distribution with mean 55 inches and standard deviation
6~inches.
\begin{parts}
\item
    The height requirement for \textit{Batman the Ride} at
    Six Flags Magic Mountain is 54 inches.
    What percent of 10 year olds cannot go on this ride?
\item
    Suppose there are four 10 year olds.
    What is the chance that at least two of them
    will be able to ride \emph{Batman the Ride}?
\item
    Suppose you work at the park to help them better
    understand their customers' demographics, and
    you are counting people as they enter
    the park.
    What is the chance that the first 10 year old
    you see who can ride \emph{Batman the Ride} is
    the 3rd 10 year old who enters the park?
\item
    What is the chance that the fifth 10 year old
    you see who can ride \emph{Batman the Ride} is
    the 12th 10 year old who enters the park?
\end{parts}"
ch_distributions_46_3,OpenIntro Statistics,ch_distributions,46,12,3,"Heights of 10 year olds, Part II",normal_distribution,"Heights of 10 year olds, regardless of gender, closely follow
a normal distribution with mean 55 inches and standard deviation
6~inches.","Suppose you work at the park to help them better
 understand their customers' demographics, and
 you are counting people as they enter
 the park.
 What is the chance that the first 10 year old
 you see who can ride Batman the Ride is
 the 3rd 10 year old who enters the park?","Heights of 10 year olds, Part II

Heights of 10 year olds, regardless of gender, closely follow
a normal distribution with mean 55 inches and standard deviation
6~inches.

Suppose you work at the park to help them better
 understand their customers' demographics, and
 you are counting people as they enter
 the park.
 What is the chance that the first 10 year old
 you see who can ride Batman the Ride is
 the 3rd 10 year old who enters the park?","\qt{Heights of 10 year olds, Part II\label{heights_10_yrs_prob}}
Heights of 10 year olds, regardless of gender, closely follow
a normal distribution with mean 55 inches and standard deviation
6~inches.
\begin{parts}
\item
    The height requirement for \textit{Batman the Ride} at
    Six Flags Magic Mountain is 54 inches.
    What percent of 10 year olds cannot go on this ride?
\item
    Suppose there are four 10 year olds.
    What is the chance that at least two of them
    will be able to ride \emph{Batman the Ride}?
\item
    Suppose you work at the park to help them better
    understand their customers' demographics, and
    you are counting people as they enter
    the park.
    What is the chance that the first 10 year old
    you see who can ride \emph{Batman the Ride} is
    the 3rd 10 year old who enters the park?
\item
    What is the chance that the fifth 10 year old
    you see who can ride \emph{Batman the Ride} is
    the 12th 10 year old who enters the park?
\end{parts}"
ch_distributions_46_4,OpenIntro Statistics,ch_distributions,46,12,4,"Heights of 10 year olds, Part II",normal_distribution,"Heights of 10 year olds, regardless of gender, closely follow
a normal distribution with mean 55 inches and standard deviation
6~inches.","What is the chance that the fifth 10 year old
 you see who can ride Batman the Ride is
 the 12th 10 year old who enters the park?","Heights of 10 year olds, Part II

Heights of 10 year olds, regardless of gender, closely follow
a normal distribution with mean 55 inches and standard deviation
6~inches.

What is the chance that the fifth 10 year old
 you see who can ride Batman the Ride is
 the 12th 10 year old who enters the park?","\qt{Heights of 10 year olds, Part II\label{heights_10_yrs_prob}}
Heights of 10 year olds, regardless of gender, closely follow
a normal distribution with mean 55 inches and standard deviation
6~inches.
\begin{parts}
\item
    The height requirement for \textit{Batman the Ride} at
    Six Flags Magic Mountain is 54 inches.
    What percent of 10 year olds cannot go on this ride?
\item
    Suppose there are four 10 year olds.
    What is the chance that at least two of them
    will be able to ride \emph{Batman the Ride}?
\item
    Suppose you work at the park to help them better
    understand their customers' demographics, and
    you are counting people as they enter
    the park.
    What is the chance that the first 10 year old
    you see who can ride \emph{Batman the Ride} is
    the 3rd 10 year old who enters the park?
\item
    What is the chance that the fifth 10 year old
    you see who can ride \emph{Batman the Ride} is
    the 12th 10 year old who enters the park?
\end{parts}"
ch_distributions_47_1,OpenIntro Statistics,ch_distributions,47,13,1,"Heights of 10 year olds, Part III",normal_distribution,"Heights of 10 year olds, regardless of gender, closely follow
a normal distribution with mean 55 inches and standard deviation
6~inches.","What fraction of 10 year olds are taller than
 76 inches?","Heights of 10 year olds, Part III

Heights of 10 year olds, regardless of gender, closely follow
a normal distribution with mean 55 inches and standard deviation
6~inches.

What fraction of 10 year olds are taller than
 76 inches?","\qt{Heights of 10 year olds, Part III\label{heights_10_yrs_dist}}
Heights of 10 year olds, regardless of gender, closely follow
a normal distribution with mean 55 inches and standard deviation
6~inches.
\begin{parts}
\item
    What fraction of 10 year olds are taller than
    76 inches?
\item\label{heights_10_yrs_dist_76_inches}
    If there are 2,000 10 year olds entering
    Six Flags Magic Mountain in a single day,
    then compute the expected number of
    10 year olds who are at least 76 inches tall.
    (You may assume the heights of the 10-year olds
    are independent.)
\item
    Using the binomial distribution,
    compute the probability that 0 of the 2,000
    10 year olds will be at least 76 inches tall.
\item
    The number of 10 year olds who enter
    Six Flags Magic Mountain and are
    at least 76 inches tall in a given day
    follows a Poisson distribution with
    mean equal to the value found in
    part~(\ref{heights_10_yrs_dist_76_inches}).
    Use the Poisson distribution to identify
    the probability no 10 year old will enter
    the park who is 76 inches or taller.
\end{parts}"
ch_distributions_47_2,OpenIntro Statistics,ch_distributions,47,13,2,"Heights of 10 year olds, Part III",normal_distribution,"Heights of 10 year olds, regardless of gender, closely follow
a normal distribution with mean 55 inches and standard deviation
6~inches.","If there are 2,000 10 year olds entering
 Six Flags Magic Mountain in a single day,
 then compute the expected number of
 10 year olds who are at least 76 inches tall.
 (You may assume the heights of the 10-year olds
 are independent.)","Heights of 10 year olds, Part III

Heights of 10 year olds, regardless of gender, closely follow
a normal distribution with mean 55 inches and standard deviation
6~inches.

If there are 2,000 10 year olds entering
 Six Flags Magic Mountain in a single day,
 then compute the expected number of
 10 year olds who are at least 76 inches tall.
 (You may assume the heights of the 10-year olds
 are independent.)","\qt{Heights of 10 year olds, Part III\label{heights_10_yrs_dist}}
Heights of 10 year olds, regardless of gender, closely follow
a normal distribution with mean 55 inches and standard deviation
6~inches.
\begin{parts}
\item
    What fraction of 10 year olds are taller than
    76 inches?
\item\label{heights_10_yrs_dist_76_inches}
    If there are 2,000 10 year olds entering
    Six Flags Magic Mountain in a single day,
    then compute the expected number of
    10 year olds who are at least 76 inches tall.
    (You may assume the heights of the 10-year olds
    are independent.)
\item
    Using the binomial distribution,
    compute the probability that 0 of the 2,000
    10 year olds will be at least 76 inches tall.
\item
    The number of 10 year olds who enter
    Six Flags Magic Mountain and are
    at least 76 inches tall in a given day
    follows a Poisson distribution with
    mean equal to the value found in
    part~(\ref{heights_10_yrs_dist_76_inches}).
    Use the Poisson distribution to identify
    the probability no 10 year old will enter
    the park who is 76 inches or taller.
\end{parts}"
ch_distributions_47_3,OpenIntro Statistics,ch_distributions,47,13,3,"Heights of 10 year olds, Part III",normal_distribution,"Heights of 10 year olds, regardless of gender, closely follow
a normal distribution with mean 55 inches and standard deviation
6~inches.","Using the binomial distribution,
 compute the probability that 0 of the 2,000
 10 year olds will be at least 76 inches tall.","Heights of 10 year olds, Part III

Heights of 10 year olds, regardless of gender, closely follow
a normal distribution with mean 55 inches and standard deviation
6~inches.

Using the binomial distribution,
 compute the probability that 0 of the 2,000
 10 year olds will be at least 76 inches tall.","\qt{Heights of 10 year olds, Part III\label{heights_10_yrs_dist}}
Heights of 10 year olds, regardless of gender, closely follow
a normal distribution with mean 55 inches and standard deviation
6~inches.
\begin{parts}
\item
    What fraction of 10 year olds are taller than
    76 inches?
\item\label{heights_10_yrs_dist_76_inches}
    If there are 2,000 10 year olds entering
    Six Flags Magic Mountain in a single day,
    then compute the expected number of
    10 year olds who are at least 76 inches tall.
    (You may assume the heights of the 10-year olds
    are independent.)
\item
    Using the binomial distribution,
    compute the probability that 0 of the 2,000
    10 year olds will be at least 76 inches tall.
\item
    The number of 10 year olds who enter
    Six Flags Magic Mountain and are
    at least 76 inches tall in a given day
    follows a Poisson distribution with
    mean equal to the value found in
    part~(\ref{heights_10_yrs_dist_76_inches}).
    Use the Poisson distribution to identify
    the probability no 10 year old will enter
    the park who is 76 inches or taller.
\end{parts}"
ch_distributions_47_4,OpenIntro Statistics,ch_distributions,47,13,4,"Heights of 10 year olds, Part III",normal_distribution,"Heights of 10 year olds, regardless of gender, closely follow
a normal distribution with mean 55 inches and standard deviation
6~inches.","The number of 10 year olds who enter
 Six Flags Magic Mountain and are
 at least 76 inches tall in a given day
 follows a Poisson distribution with
 mean equal to the value found in
 part~([ref: heights_10_yrs_dist_76_inches]).
 Use the Poisson distribution to identify
 the probability no 10 year old will enter
 the park who is 76 inches or taller.","Heights of 10 year olds, Part III

Heights of 10 year olds, regardless of gender, closely follow
a normal distribution with mean 55 inches and standard deviation
6~inches.

The number of 10 year olds who enter
 Six Flags Magic Mountain and are
 at least 76 inches tall in a given day
 follows a Poisson distribution with
 mean equal to the value found in
 part~([ref: heights_10_yrs_dist_76_inches]).
 Use the Poisson distribution to identify
 the probability no 10 year old will enter
 the park who is 76 inches or taller.","\qt{Heights of 10 year olds, Part III\label{heights_10_yrs_dist}}
Heights of 10 year olds, regardless of gender, closely follow
a normal distribution with mean 55 inches and standard deviation
6~inches.
\begin{parts}
\item
    What fraction of 10 year olds are taller than
    76 inches?
\item\label{heights_10_yrs_dist_76_inches}
    If there are 2,000 10 year olds entering
    Six Flags Magic Mountain in a single day,
    then compute the expected number of
    10 year olds who are at least 76 inches tall.
    (You may assume the heights of the 10-year olds
    are independent.)
\item
    Using the binomial distribution,
    compute the probability that 0 of the 2,000
    10 year olds will be at least 76 inches tall.
\item
    The number of 10 year olds who enter
    Six Flags Magic Mountain and are
    at least 76 inches tall in a given day
    follows a Poisson distribution with
    mean equal to the value found in
    part~(\ref{heights_10_yrs_dist_76_inches}).
    Use the Poisson distribution to identify
    the probability no 10 year old will enter
    the park who is 76 inches or taller.
\end{parts}"
ch_distributions_48_1,OpenIntro Statistics,ch_distributions,48,14,1,Multiple choice quiz,probability,"In a multiple choice quiz there are 
5 questions and 4 choices for each question (a, b, c, d). Robin has not 
studied for the quiz at all, and decides to randomly guess the answers. What 
is the probability that",the first question she gets right is the $3^rd$ question?,"Multiple choice quiz

In a multiple choice quiz there are 
5 questions and 4 choices for each question (a, b, c, d). Robin has not 
studied for the quiz at all, and decides to randomly guess the answers. What 
is the probability that

the first question she gets right is the $3^rd$ question?","\qt{Multiple choice quiz\label{mc_quiz}} In a multiple choice quiz there are 
5 questions and 4 choices for each question (a, b, c, d). Robin has not 
studied for the quiz at all, and decides to randomly guess the answers. What 
is the probability that
\begin{parts}
\item the first question she gets right is the $3^{rd}$ question?
\item she gets exactly 3 or exactly 4 questions right?
\item she gets the majority of the questions right?
\end{parts}"
ch_distributions_48_2,OpenIntro Statistics,ch_distributions,48,14,2,Multiple choice quiz,probability,"In a multiple choice quiz there are 
5 questions and 4 choices for each question (a, b, c, d). Robin has not 
studied for the quiz at all, and decides to randomly guess the answers. What 
is the probability that",she gets exactly 3 or exactly 4 questions right?,"Multiple choice quiz

In a multiple choice quiz there are 
5 questions and 4 choices for each question (a, b, c, d). Robin has not 
studied for the quiz at all, and decides to randomly guess the answers. What 
is the probability that

she gets exactly 3 or exactly 4 questions right?","\qt{Multiple choice quiz\label{mc_quiz}} In a multiple choice quiz there are 
5 questions and 4 choices for each question (a, b, c, d). Robin has not 
studied for the quiz at all, and decides to randomly guess the answers. What 
is the probability that
\begin{parts}
\item the first question she gets right is the $3^{rd}$ question?
\item she gets exactly 3 or exactly 4 questions right?
\item she gets the majority of the questions right?
\end{parts}"
ch_distributions_48_3,OpenIntro Statistics,ch_distributions,48,14,3,Multiple choice quiz,probability,"In a multiple choice quiz there are 
5 questions and 4 choices for each question (a, b, c, d). Robin has not 
studied for the quiz at all, and decides to randomly guess the answers. What 
is the probability that",she gets the majority of the questions right?,"Multiple choice quiz

In a multiple choice quiz there are 
5 questions and 4 choices for each question (a, b, c, d). Robin has not 
studied for the quiz at all, and decides to randomly guess the answers. What 
is the probability that

she gets the majority of the questions right?","\qt{Multiple choice quiz\label{mc_quiz}} In a multiple choice quiz there are 
5 questions and 4 choices for each question (a, b, c, d). Robin has not 
studied for the quiz at all, and decides to randomly guess the answers. What 
is the probability that
\begin{parts}
\item the first question she gets right is the $3^{rd}$ question?
\item she gets exactly 3 or exactly 4 questions right?
\item she gets the majority of the questions right?
\end{parts}"
ch_foundations_for_inf_27_1,OpenIntro Statistics,ch_foundations_for_inf,27,1,1,Relaxing after work,confidence_interval,"The General Social Survey asked the question:
``After an average work day, about how many hours do you have to relax or pursue 
activities that you enjoy?"" to a random sample of 1,155 Americans.[source: data:gss] A 95% confidence interval for the mean number of hours spent 
relaxing or pursuing activities they enjoy was (1.38, 1.92).",Interpret this interval in context of the data.,"Relaxing after work

The General Social Survey asked the question:
``After an average work day, about how many hours do you have to relax or pursue 
activities that you enjoy?"" to a random sample of 1,155 Americans.[source: data:gss] A 95% confidence interval for the mean number of hours spent 
relaxing or pursuing activities they enjoy was (1.38, 1.92).

Interpret this interval in context of the data.","\qt{Relaxing after work\label{relax_after_work}} The General Social Survey asked the question:
``After an average work day, about how many hours do you have to relax or pursue 
activities that you enjoy?"" to a random sample of 1,155 Americans.\footfullcite{data:gss} A 95\% confidence interval for the mean number of hours spent 
relaxing or pursuing activities they enjoy was (1.38, 1.92).
\begin{parts}
\item Interpret this interval in context of the data.
\item Suppose another set of researchers reported a confidence interval with a 
larger margin of error based on the same sample of 1,155 Americans. How does 
their confidence level compare to the confidence level of the interval stated 
above?
\item Suppose next year a new survey asking the same question is conducted, and 
this time the sample size is 2,500. Assuming that the population 
characteristics, with respect to how much time people spend relaxing after work, 
have not changed much within a year. How will the margin of error of the 95\% 
confidence interval constructed based on data from the new survey compare to the 
margin of error of the interval stated above?
\end{parts}"
ch_foundations_for_inf_27_2,OpenIntro Statistics,ch_foundations_for_inf,27,1,2,Relaxing after work,confidence_interval,"The General Social Survey asked the question:
``After an average work day, about how many hours do you have to relax or pursue 
activities that you enjoy?"" to a random sample of 1,155 Americans.[source: data:gss] A 95% confidence interval for the mean number of hours spent 
relaxing or pursuing activities they enjoy was (1.38, 1.92).","Suppose another set of researchers reported a confidence interval with a 
larger margin of error based on the same sample of 1,155 Americans. How does 
their confidence level compare to the confidence level of the interval stated 
above?","Relaxing after work

The General Social Survey asked the question:
``After an average work day, about how many hours do you have to relax or pursue 
activities that you enjoy?"" to a random sample of 1,155 Americans.[source: data:gss] A 95% confidence interval for the mean number of hours spent 
relaxing or pursuing activities they enjoy was (1.38, 1.92).

Suppose another set of researchers reported a confidence interval with a 
larger margin of error based on the same sample of 1,155 Americans. How does 
their confidence level compare to the confidence level of the interval stated 
above?","\qt{Relaxing after work\label{relax_after_work}} The General Social Survey asked the question:
``After an average work day, about how many hours do you have to relax or pursue 
activities that you enjoy?"" to a random sample of 1,155 Americans.\footfullcite{data:gss} A 95\% confidence interval for the mean number of hours spent 
relaxing or pursuing activities they enjoy was (1.38, 1.92).
\begin{parts}
\item Interpret this interval in context of the data.
\item Suppose another set of researchers reported a confidence interval with a 
larger margin of error based on the same sample of 1,155 Americans. How does 
their confidence level compare to the confidence level of the interval stated 
above?
\item Suppose next year a new survey asking the same question is conducted, and 
this time the sample size is 2,500. Assuming that the population 
characteristics, with respect to how much time people spend relaxing after work, 
have not changed much within a year. How will the margin of error of the 95\% 
confidence interval constructed based on data from the new survey compare to the 
margin of error of the interval stated above?
\end{parts}"
ch_foundations_for_inf_27_3,OpenIntro Statistics,ch_foundations_for_inf,27,1,3,Relaxing after work,confidence_interval,"The General Social Survey asked the question:
``After an average work day, about how many hours do you have to relax or pursue 
activities that you enjoy?"" to a random sample of 1,155 Americans.[source: data:gss] A 95% confidence interval for the mean number of hours spent 
relaxing or pursuing activities they enjoy was (1.38, 1.92).","Suppose next year a new survey asking the same question is conducted, and 
this time the sample size is 2,500. Assuming that the population 
characteristics, with respect to how much time people spend relaxing after work, 
have not changed much within a year. How will the margin of error of the 95% 
confidence interval constructed based on data from the new survey compare to the 
margin of error of the interval stated above?","Relaxing after work

The General Social Survey asked the question:
``After an average work day, about how many hours do you have to relax or pursue 
activities that you enjoy?"" to a random sample of 1,155 Americans.[source: data:gss] A 95% confidence interval for the mean number of hours spent 
relaxing or pursuing activities they enjoy was (1.38, 1.92).

Suppose next year a new survey asking the same question is conducted, and 
this time the sample size is 2,500. Assuming that the population 
characteristics, with respect to how much time people spend relaxing after work, 
have not changed much within a year. How will the margin of error of the 95% 
confidence interval constructed based on data from the new survey compare to the 
margin of error of the interval stated above?","\qt{Relaxing after work\label{relax_after_work}} The General Social Survey asked the question:
``After an average work day, about how many hours do you have to relax or pursue 
activities that you enjoy?"" to a random sample of 1,155 Americans.\footfullcite{data:gss} A 95\% confidence interval for the mean number of hours spent 
relaxing or pursuing activities they enjoy was (1.38, 1.92).
\begin{parts}
\item Interpret this interval in context of the data.
\item Suppose another set of researchers reported a confidence interval with a 
larger margin of error based on the same sample of 1,155 Americans. How does 
their confidence level compare to the confidence level of the interval stated 
above?
\item Suppose next year a new survey asking the same question is conducted, and 
this time the sample size is 2,500. Assuming that the population 
characteristics, with respect to how much time people spend relaxing after work, 
have not changed much within a year. How will the margin of error of the 95\% 
confidence interval constructed based on data from the new survey compare to the 
margin of error of the interval stated above?
\end{parts}"
ch_foundations_for_inf_28,OpenIntro Statistics,ch_foundations_for_inf,28,2,,"Minimum wage, Part II",confidence_interval,"In Exercise~[ref: minimum_wage_prop_1],
we learned that a Rasmussen Reports survey
of 1,000 US adults found that 42% believe
raising the minimum wage will help the economy.
Construct a 99% confidence interval for the
true proportion of US adults who believe this.",,"Minimum wage, Part II

In Exercise~[ref: minimum_wage_prop_1],
we learned that a Rasmussen Reports survey
of 1,000 US adults found that 42% believe
raising the minimum wage will help the economy.
Construct a 99% confidence interval for the
true proportion of US adults who believe this.","\qt{Minimum wage, Part II\label{minimum_wage_prop_2}}
In Exercise~\ref{minimum_wage_prop_1},
we learned that a Rasmussen Reports survey
of 1,000 US adults found that 42\% believe
raising the minimum wage will help the economy.
Construct a 99\% confidence interval for the
true proportion of US adults who believe this."
ch_foundations_for_inf_29_1,OpenIntro Statistics,ch_foundations_for_inf,29,3,1,Testing for food safety,hypothesis_testing,"A food safety inspector 
is called upon to investigate a restaurant with a few customer reports of poor 
sanitation practices. The food safety inspector uses a hypothesis testing 
framework to evaluate whether regulations are not being met. If he decides 
the restaurant is in gross violation, its license to serve food will be revoked.",Write the hypotheses in words.,"Testing for food safety

A food safety inspector 
is called upon to investigate a restaurant with a few customer reports of poor 
sanitation practices. The food safety inspector uses a hypothesis testing 
framework to evaluate whether regulations are not being met. If he decides 
the restaurant is in gross violation, its license to serve food will be revoked.

Write the hypotheses in words.","\qt{Testing for food safety\label{errors_food_safety}} A food safety inspector 
is called upon to investigate a restaurant with a few customer reports of poor 
sanitation practices. The food safety inspector uses a hypothesis testing 
framework to evaluate whether regulations are not being met. If he decides 
the restaurant is in gross violation, its license to serve food will be revoked.
\begin{parts}
\item Write the hypotheses in words.
\item What is a Type~1 Error in this context?
\item What is a Type~2 Error in this context?
\item Which error is more problematic for the restaurant owner? Why?
\item Which error is more problematic for the diners? Why?
\item As a diner, would you prefer that the food safety inspector requires 
strong evidence or very strong evidence of health concerns before revoking a 
restaurant's license? Explain your reasoning.
\end{parts}"
ch_foundations_for_inf_29_2,OpenIntro Statistics,ch_foundations_for_inf,29,3,2,Testing for food safety,hypothesis_testing,"A food safety inspector 
is called upon to investigate a restaurant with a few customer reports of poor 
sanitation practices. The food safety inspector uses a hypothesis testing 
framework to evaluate whether regulations are not being met. If he decides 
the restaurant is in gross violation, its license to serve food will be revoked.",What is a Type~1 Error in this context?,"Testing for food safety

A food safety inspector 
is called upon to investigate a restaurant with a few customer reports of poor 
sanitation practices. The food safety inspector uses a hypothesis testing 
framework to evaluate whether regulations are not being met. If he decides 
the restaurant is in gross violation, its license to serve food will be revoked.

What is a Type~1 Error in this context?","\qt{Testing for food safety\label{errors_food_safety}} A food safety inspector 
is called upon to investigate a restaurant with a few customer reports of poor 
sanitation practices. The food safety inspector uses a hypothesis testing 
framework to evaluate whether regulations are not being met. If he decides 
the restaurant is in gross violation, its license to serve food will be revoked.
\begin{parts}
\item Write the hypotheses in words.
\item What is a Type~1 Error in this context?
\item What is a Type~2 Error in this context?
\item Which error is more problematic for the restaurant owner? Why?
\item Which error is more problematic for the diners? Why?
\item As a diner, would you prefer that the food safety inspector requires 
strong evidence or very strong evidence of health concerns before revoking a 
restaurant's license? Explain your reasoning.
\end{parts}"
ch_foundations_for_inf_29_3,OpenIntro Statistics,ch_foundations_for_inf,29,3,3,Testing for food safety,hypothesis_testing,"A food safety inspector 
is called upon to investigate a restaurant with a few customer reports of poor 
sanitation practices. The food safety inspector uses a hypothesis testing 
framework to evaluate whether regulations are not being met. If he decides 
the restaurant is in gross violation, its license to serve food will be revoked.",What is a Type~2 Error in this context?,"Testing for food safety

A food safety inspector 
is called upon to investigate a restaurant with a few customer reports of poor 
sanitation practices. The food safety inspector uses a hypothesis testing 
framework to evaluate whether regulations are not being met. If he decides 
the restaurant is in gross violation, its license to serve food will be revoked.

What is a Type~2 Error in this context?","\qt{Testing for food safety\label{errors_food_safety}} A food safety inspector 
is called upon to investigate a restaurant with a few customer reports of poor 
sanitation practices. The food safety inspector uses a hypothesis testing 
framework to evaluate whether regulations are not being met. If he decides 
the restaurant is in gross violation, its license to serve food will be revoked.
\begin{parts}
\item Write the hypotheses in words.
\item What is a Type~1 Error in this context?
\item What is a Type~2 Error in this context?
\item Which error is more problematic for the restaurant owner? Why?
\item Which error is more problematic for the diners? Why?
\item As a diner, would you prefer that the food safety inspector requires 
strong evidence or very strong evidence of health concerns before revoking a 
restaurant's license? Explain your reasoning.
\end{parts}"
ch_foundations_for_inf_29_4,OpenIntro Statistics,ch_foundations_for_inf,29,3,4,Testing for food safety,hypothesis_testing,"A food safety inspector 
is called upon to investigate a restaurant with a few customer reports of poor 
sanitation practices. The food safety inspector uses a hypothesis testing 
framework to evaluate whether regulations are not being met. If he decides 
the restaurant is in gross violation, its license to serve food will be revoked.",Which error is more problematic for the restaurant owner? Why?,"Testing for food safety

A food safety inspector 
is called upon to investigate a restaurant with a few customer reports of poor 
sanitation practices. The food safety inspector uses a hypothesis testing 
framework to evaluate whether regulations are not being met. If he decides 
the restaurant is in gross violation, its license to serve food will be revoked.

Which error is more problematic for the restaurant owner? Why?","\qt{Testing for food safety\label{errors_food_safety}} A food safety inspector 
is called upon to investigate a restaurant with a few customer reports of poor 
sanitation practices. The food safety inspector uses a hypothesis testing 
framework to evaluate whether regulations are not being met. If he decides 
the restaurant is in gross violation, its license to serve food will be revoked.
\begin{parts}
\item Write the hypotheses in words.
\item What is a Type~1 Error in this context?
\item What is a Type~2 Error in this context?
\item Which error is more problematic for the restaurant owner? Why?
\item Which error is more problematic for the diners? Why?
\item As a diner, would you prefer that the food safety inspector requires 
strong evidence or very strong evidence of health concerns before revoking a 
restaurant's license? Explain your reasoning.
\end{parts}"
ch_foundations_for_inf_29_5,OpenIntro Statistics,ch_foundations_for_inf,29,3,5,Testing for food safety,hypothesis_testing,"A food safety inspector 
is called upon to investigate a restaurant with a few customer reports of poor 
sanitation practices. The food safety inspector uses a hypothesis testing 
framework to evaluate whether regulations are not being met. If he decides 
the restaurant is in gross violation, its license to serve food will be revoked.",Which error is more problematic for the diners? Why?,"Testing for food safety

A food safety inspector 
is called upon to investigate a restaurant with a few customer reports of poor 
sanitation practices. The food safety inspector uses a hypothesis testing 
framework to evaluate whether regulations are not being met. If he decides 
the restaurant is in gross violation, its license to serve food will be revoked.

Which error is more problematic for the diners? Why?","\qt{Testing for food safety\label{errors_food_safety}} A food safety inspector 
is called upon to investigate a restaurant with a few customer reports of poor 
sanitation practices. The food safety inspector uses a hypothesis testing 
framework to evaluate whether regulations are not being met. If he decides 
the restaurant is in gross violation, its license to serve food will be revoked.
\begin{parts}
\item Write the hypotheses in words.
\item What is a Type~1 Error in this context?
\item What is a Type~2 Error in this context?
\item Which error is more problematic for the restaurant owner? Why?
\item Which error is more problematic for the diners? Why?
\item As a diner, would you prefer that the food safety inspector requires 
strong evidence or very strong evidence of health concerns before revoking a 
restaurant's license? Explain your reasoning.
\end{parts}"
ch_foundations_for_inf_29_6,OpenIntro Statistics,ch_foundations_for_inf,29,3,6,Testing for food safety,hypothesis_testing,"A food safety inspector 
is called upon to investigate a restaurant with a few customer reports of poor 
sanitation practices. The food safety inspector uses a hypothesis testing 
framework to evaluate whether regulations are not being met. If he decides 
the restaurant is in gross violation, its license to serve food will be revoked.","As a diner, would you prefer that the food safety inspector requires 
strong evidence or very strong evidence of health concerns before revoking a 
restaurant's license? Explain your reasoning.","Testing for food safety

A food safety inspector 
is called upon to investigate a restaurant with a few customer reports of poor 
sanitation practices. The food safety inspector uses a hypothesis testing 
framework to evaluate whether regulations are not being met. If he decides 
the restaurant is in gross violation, its license to serve food will be revoked.

As a diner, would you prefer that the food safety inspector requires 
strong evidence or very strong evidence of health concerns before revoking a 
restaurant's license? Explain your reasoning.","\qt{Testing for food safety\label{errors_food_safety}} A food safety inspector 
is called upon to investigate a restaurant with a few customer reports of poor 
sanitation practices. The food safety inspector uses a hypothesis testing 
framework to evaluate whether regulations are not being met. If he decides 
the restaurant is in gross violation, its license to serve food will be revoked.
\begin{parts}
\item Write the hypotheses in words.
\item What is a Type~1 Error in this context?
\item What is a Type~2 Error in this context?
\item Which error is more problematic for the restaurant owner? Why?
\item Which error is more problematic for the diners? Why?
\item As a diner, would you prefer that the food safety inspector requires 
strong evidence or very strong evidence of health concerns before revoking a 
restaurant's license? Explain your reasoning.
\end{parts}"
ch_foundations_for_inf_30_1,OpenIntro Statistics,ch_foundations_for_inf,30,4,1,True or false,confidence_interval,"Determine if the following statements are true or false, and 
explain your reasoning. If false, state how it could be corrected.","If a given value (for example, the null hypothesized value of a parameter) 
is within a 95% confidence interval, it will also be within a 99% confidence 
interval.","True or false

Determine if the following statements are true or false, and 
explain your reasoning. If false, state how it could be corrected.

If a given value (for example, the null hypothesized value of a parameter) 
is within a 95% confidence interval, it will also be within a 99% confidence 
interval.","\qt{True or false\label{tf_found_inf_prop_friendly}}
Determine if the following statements are true or false, and 
explain your reasoning. If false, state how it could be corrected.
\begin{parts}
\item If a given value (for example, the null hypothesized value of a parameter) 
is within a 95\% confidence interval, it will also be within a 99\% confidence 
interval.
\item Decreasing the significance level ($\alpha$) will increase the probability 
of making a Type~1 Error.
\item Suppose the null hypothesis is $p = 0.5$ and we fail to reject $H_0$. 
Under this scenario, the true population proportion is 0.5.
\item With large sample sizes, even small differences between the null value and 
the observed point estimate, a difference often called the
effect size\index{effect size}, will be identified as statistically significant.
\end{parts}"
ch_foundations_for_inf_30_2,OpenIntro Statistics,ch_foundations_for_inf,30,4,2,True or false,hypothesis_testing,"Determine if the following statements are true or false, and 
explain your reasoning. If false, state how it could be corrected.","Decreasing the significance level ($$) will increase the probability 
of making a Type~1 Error.","True or false

Determine if the following statements are true or false, and 
explain your reasoning. If false, state how it could be corrected.

Decreasing the significance level ($$) will increase the probability 
of making a Type~1 Error.","\qt{True or false\label{tf_found_inf_prop_friendly}}
Determine if the following statements are true or false, and 
explain your reasoning. If false, state how it could be corrected.
\begin{parts}
\item If a given value (for example, the null hypothesized value of a parameter) 
is within a 95\% confidence interval, it will also be within a 99\% confidence 
interval.
\item Decreasing the significance level ($\alpha$) will increase the probability 
of making a Type~1 Error.
\item Suppose the null hypothesis is $p = 0.5$ and we fail to reject $H_0$. 
Under this scenario, the true population proportion is 0.5.
\item With large sample sizes, even small differences between the null value and 
the observed point estimate, a difference often called the
effect size\index{effect size}, will be identified as statistically significant.
\end{parts}"
ch_foundations_for_inf_30_3,OpenIntro Statistics,ch_foundations_for_inf,30,4,3,True or false,hypothesis_testing,"Determine if the following statements are true or false, and 
explain your reasoning. If false, state how it could be corrected.","Suppose the null hypothesis is $p = 0.5$ and we fail to reject $H_0$. 
Under this scenario, the true population proportion is 0.5.","True or false

Determine if the following statements are true or false, and 
explain your reasoning. If false, state how it could be corrected.

Suppose the null hypothesis is $p = 0.5$ and we fail to reject $H_0$. 
Under this scenario, the true population proportion is 0.5.","\qt{True or false\label{tf_found_inf_prop_friendly}}
Determine if the following statements are true or false, and 
explain your reasoning. If false, state how it could be corrected.
\begin{parts}
\item If a given value (for example, the null hypothesized value of a parameter) 
is within a 95\% confidence interval, it will also be within a 99\% confidence 
interval.
\item Decreasing the significance level ($\alpha$) will increase the probability 
of making a Type~1 Error.
\item Suppose the null hypothesis is $p = 0.5$ and we fail to reject $H_0$. 
Under this scenario, the true population proportion is 0.5.
\item With large sample sizes, even small differences between the null value and 
the observed point estimate, a difference often called the
effect size\index{effect size}, will be identified as statistically significant.
\end{parts}"
ch_foundations_for_inf_30_4,OpenIntro Statistics,ch_foundations_for_inf,30,4,4,True or false,sampling,"Determine if the following statements are true or false, and 
explain your reasoning. If false, state how it could be corrected.","With large sample sizes, even small differences between the null value and 
the observed point estimate, a difference often called the
effect sizeeffect size, will be identified as statistically significant.","True or false

Determine if the following statements are true or false, and 
explain your reasoning. If false, state how it could be corrected.

With large sample sizes, even small differences between the null value and 
the observed point estimate, a difference often called the
effect sizeeffect size, will be identified as statistically significant.","\qt{True or false\label{tf_found_inf_prop_friendly}}
Determine if the following statements are true or false, and 
explain your reasoning. If false, state how it could be corrected.
\begin{parts}
\item If a given value (for example, the null hypothesized value of a parameter) 
is within a 95\% confidence interval, it will also be within a 99\% confidence 
interval.
\item Decreasing the significance level ($\alpha$) will increase the probability 
of making a Type~1 Error.
\item Suppose the null hypothesis is $p = 0.5$ and we fail to reject $H_0$. 
Under this scenario, the true population proportion is 0.5.
\item With large sample sizes, even small differences between the null value and 
the observed point estimate, a difference often called the
effect size\index{effect size}, will be identified as statistically significant.
\end{parts}"
ch_foundations_for_inf_31_1,OpenIntro Statistics,ch_foundations_for_inf,31,5,1,Unemployment and relationship problems,unknown,"A USA Today/Gallup poll asked a group of
unemployed and underemployed Americans if they have
had major problems in their relationships with their
spouse or another close family member as a result of
not having a job (if unemployed) or not having
a full-time job (if underemployed).
27%~of the 1,145 unemployed respondents and
25%~of the 675 underemployed respondents said they had
major problems in relationships as a result of their
employment status.","What are the hypotheses for evaluating if the proportions
 of unemployed and underemployed people who had relationship
 problems were different?","Unemployment and relationship problems

A USA Today/Gallup poll asked a group of
unemployed and underemployed Americans if they have
had major problems in their relationships with their
spouse or another close family member as a result of
not having a job (if unemployed) or not having
a full-time job (if underemployed).
27%~of the 1,145 unemployed respondents and
25%~of the 675 underemployed respondents said they had
major problems in relationships as a result of their
employment status.

What are the hypotheses for evaluating if the proportions
 of unemployed and underemployed people who had relationship
 problems were different?","\qt{Unemployment and relationship problems\label{unemployment_relationship}} 
A USA Today/Gallup poll asked a group of
unemployed and underemployed Americans if they have
had major problems in their  relationships with their
spouse or another close family member as a result of
not having a job (if unemployed) or not having
a full-time job (if underemployed).
27\%~of the 1,145 unemployed respondents and
25\%~of the 675 underemployed respondents said they had
major problems in relationships as a  result of their
employment status.
\begin{parts}
\item
    What are the hypotheses for evaluating if the proportions
    of unemployed and underemployed people who had relationship
    problems were different?
\item
    The p-value for this hypothesis test is approximately 0.35.
    Explain what this means in context of the hypothesis test
    and the data.
\end{parts}"
ch_foundations_for_inf_31_2,OpenIntro Statistics,ch_foundations_for_inf,31,5,2,Unemployment and relationship problems,hypothesis_testing,"A USA Today/Gallup poll asked a group of
unemployed and underemployed Americans if they have
had major problems in their relationships with their
spouse or another close family member as a result of
not having a job (if unemployed) or not having
a full-time job (if underemployed).
27%~of the 1,145 unemployed respondents and
25%~of the 675 underemployed respondents said they had
major problems in relationships as a result of their
employment status.","The p-value for this hypothesis test is approximately 0.35.
 Explain what this means in context of the hypothesis test
 and the data.","Unemployment and relationship problems

A USA Today/Gallup poll asked a group of
unemployed and underemployed Americans if they have
had major problems in their relationships with their
spouse or another close family member as a result of
not having a job (if unemployed) or not having
a full-time job (if underemployed).
27%~of the 1,145 unemployed respondents and
25%~of the 675 underemployed respondents said they had
major problems in relationships as a result of their
employment status.

The p-value for this hypothesis test is approximately 0.35.
 Explain what this means in context of the hypothesis test
 and the data.","\qt{Unemployment and relationship problems\label{unemployment_relationship}} 
A USA Today/Gallup poll asked a group of
unemployed and underemployed Americans if they have
had major problems in their  relationships with their
spouse or another close family member as a result of
not having a job (if unemployed) or not having
a full-time job (if underemployed).
27\%~of the 1,145 unemployed respondents and
25\%~of the 675 underemployed respondents said they had
major problems in relationships as a  result of their
employment status.
\begin{parts}
\item
    What are the hypotheses for evaluating if the proportions
    of unemployed and underemployed people who had relationship
    problems were different?
\item
    The p-value for this hypothesis test is approximately 0.35.
    Explain what this means in context of the hypothesis test
    and the data.
\end{parts}"
ch_foundations_for_inf_32,OpenIntro Statistics,ch_foundations_for_inf,32,6,,Nearsighted,hypothesis_testing,"It is believed that nearsightedness affects about 8% of 
all children.
In a random sample of 194 children, 21 are nearsighted.
Conduct a hypothesis test for the following question:
do these data provide evidence that the 8% value is inaccurate?",,"Nearsighted

It is believed that nearsightedness affects about 8% of 
all children.
In a random sample of 194 children, 21 are nearsighted.
Conduct a hypothesis test for the following question:
do these data provide evidence that the 8% value is inaccurate?","\qt{Nearsighted\label{nearsighted_updated}}
It is believed that nearsightedness affects about 8\% of 
all children.
In a random sample of 194 children, 21 are nearsighted.
Conduct a hypothesis test for the following question:
do these data provide evidence that the 8\% value is inaccurate?"
ch_foundations_for_inf_33,OpenIntro Statistics,ch_foundations_for_inf,33,7,,Nutrition labels,confidence_interval,"The nutrition label on a bag of potato chips says
that a one ounce (28~gram) serving of potato chips
has 130 calories and contains ten grams of fat,
with three grams of saturated fat.
A~random sample of 35 bags yielded
a confidence interval for the number of calories
per bag of 128.2 to 139.8 calories.
Is there evidence that the nutrition label does not 
provide an accurate measure of calories in the bags
of potato chips?",,"Nutrition labels

The nutrition label on a bag of potato chips says
that a one ounce (28~gram) serving of potato chips
has 130 calories and contains ten grams of fat,
with three grams of saturated fat.
A~random sample of 35 bags yielded
a confidence interval for the number of calories
per bag of 128.2 to 139.8 calories.
Is there evidence that the nutrition label does not 
provide an accurate measure of calories in the bags
of potato chips?","\qt{Nutrition labels\label{nutrition_labels}}
The nutrition label on a bag of potato chips says
that a one ounce (28~gram) serving of potato chips
has 130 calories and contains ten grams of fat,
with three grams of saturated fat.
A~random sample of 35 bags yielded
a confidence interval for the number of calories
per bag of 128.2 to 139.8 calories.
Is there evidence that the nutrition label does not 
provide an accurate measure of calories in the bags
of potato chips?"
ch_foundations_for_inf_34,OpenIntro Statistics,ch_foundations_for_inf,34,8,,CLT for proportions,distribution,"Define the term ``sampling distribution"" of the sample proportion,
and describe how the shape, center, and spread of the sampling
distribution change as the sample size increases when $p = 0.1$.",,"CLT for proportions

Define the term ``sampling distribution"" of the sample proportion,
and describe how the shape, center, and spread of the sampling
distribution change as the sample size increases when $p = 0.1$.","\qt{CLT for proportions\label{CLT_prop}}
Define the term ``sampling distribution"" of the sample proportion,
and describe how the shape, center, and spread of the sampling
distribution change as the sample size increases when $p = 0.1$."
ch_foundations_for_inf_35,OpenIntro Statistics,ch_foundations_for_inf,35,9,,Practical vs. statistical significance,sampling,"Determine whether the following statement is true
or false, and explain your reasoning:
``With large sample sizes, even small differences
between the null value and the observed point
estimate can be statistically significant.''",,"Practical vs. statistical significance

Determine whether the following statement is true
or false, and explain your reasoning:
``With large sample sizes, even small differences
between the null value and the observed point
estimate can be statistically significant.''","\qt{Practical vs. statistical significance\label{prac_stat_sig}}
Determine whether the following statement is true
or false, and explain your reasoning:
``With large sample sizes, even small differences
between the null value and the observed point
estimate can be statistically significant.''"
ch_foundations_for_inf_36,OpenIntro Statistics,ch_foundations_for_inf,36,10,,"Same observation, different sample size",hypothesis_testing,"Suppose you 
conduct a hypothesis test based on a sample where the sample size is $n = 50$, 
and arrive at a p-value of 0.08. You then refer back to your notes and discover 
that you made a careless mistake, the sample size should have been $n = 500$. 
Will your p-value increase, decrease, or stay the same? Explain.",,"Same observation, different sample size

Suppose you 
conduct a hypothesis test based on a sample where the sample size is $n = 50$, 
and arrive at a p-value of 0.08. You then refer back to your notes and discover 
that you made a careless mistake, the sample size should have been $n = 500$. 
Will your p-value increase, decrease, or stay the same? Explain.","\qt{Same observation, different sample size\label{same_obs_diff_n}} Suppose you 
conduct a hypothesis test based on a sample where the sample size is $n = 50$, 
and arrive at a p-value of 0.08. You then refer back to your notes and discover 
that you made a careless mistake, the sample size should have been $n = 500$. 
Will your p-value increase, decrease, or stay the same? Explain."
ch_foundations_for_inf_37_1,OpenIntro Statistics,ch_foundations_for_inf,37,11,1,Gender pay gap in medicine,mean_variance,"A study examined the average pay for men and women
entering the workforce as doctors for 21 different
positions.[source: LoSassoMedicineGenderPayGap]","If each gender was equally paid, then we would expect
 about half of those positions to have men paid more
 than women and women would be paid more than men in
 the other half of positions.
 Write appropriate hypotheses to test this scenario.","Gender pay gap in medicine

A study examined the average pay for men and women
entering the workforce as doctors for 21 different
positions.[source: LoSassoMedicineGenderPayGap]

If each gender was equally paid, then we would expect
 about half of those positions to have men paid more
 than women and women would be paid more than men in
 the other half of positions.
 Write appropriate hypotheses to test this scenario.","\qt{Gender pay gap in medicine\label{gender_pay_gap_medicine}}
A study examined the average pay for men and women
entering the workforce as doctors for 21 different
positions.\footfullcite{LoSassoMedicineGenderPayGap}
\begin{parts}
\item\label{gender_pay_gap_medicine_hypotheses}
    If each gender was equally paid, then we would expect
    about half of those positions to have men paid more
    than women and women would be paid more than men in
    the other half of positions.
    Write appropriate hypotheses to test this scenario.
\item
    Men were, on average, paid more in 19 of those
    21 positions.
    Supposing these 21 positions represent a simple random sample,
    complete a hypothesis test using your hypotheses
    from part~(\ref{gender_pay_gap_medicine_hypotheses}).
\end{parts}"
ch_foundations_for_inf_37_2,OpenIntro Statistics,ch_foundations_for_inf,37,11,2,Gender pay gap in medicine,hypothesis_testing,"A study examined the average pay for men and women
entering the workforce as doctors for 21 different
positions.[source: LoSassoMedicineGenderPayGap]","Men were, on average, paid more in 19 of those
 21 positions.
 Supposing these 21 positions represent a simple random sample,
 complete a hypothesis test using your hypotheses
 from part~([ref: gender_pay_gap_medicine_hypotheses]).","Gender pay gap in medicine

A study examined the average pay for men and women
entering the workforce as doctors for 21 different
positions.[source: LoSassoMedicineGenderPayGap]

Men were, on average, paid more in 19 of those
 21 positions.
 Supposing these 21 positions represent a simple random sample,
 complete a hypothesis test using your hypotheses
 from part~([ref: gender_pay_gap_medicine_hypotheses]).","\qt{Gender pay gap in medicine\label{gender_pay_gap_medicine}}
A study examined the average pay for men and women
entering the workforce as doctors for 21 different
positions.\footfullcite{LoSassoMedicineGenderPayGap}
\begin{parts}
\item\label{gender_pay_gap_medicine_hypotheses}
    If each gender was equally paid, then we would expect
    about half of those positions to have men paid more
    than women and women would be paid more than men in
    the other half of positions.
    Write appropriate hypotheses to test this scenario.
\item
    Men were, on average, paid more in 19 of those
    21 positions.
    Supposing these 21 positions represent a simple random sample,
    complete a hypothesis test using your hypotheses
    from part~(\ref{gender_pay_gap_medicine_hypotheses}).
\end{parts}"
ch_inference_for_means_47,OpenIntro Statistics,ch_inference_for_means,47,1,,"Gaming and distracted eating, Part I",hypothesis_testing,"A group of researchers are interested in the possible effects of distracting 
stimuli during eating, such as an increase or decrease in the amount of food 
consumption. To test this hypothesis, they monitored food intake for a group of 
44 patients who were randomized into two equal groups. The treatment group ate 
lunch while playing solitaire, and the control group ate lunch without any 
added distractions. Patients in the treatment group ate 52.1 grams of biscuits, 
with a standard deviation of 45.1 grams, and patients in the control group ate 
27.1 grams of biscuits, with a standard deviation of 26.4 grams. Do these data 
provide convincing evidence that the average food intake (measured in amount of 
biscuits consumed) is different for the patients in the treatment group? Assume 
that conditions for inference are satisfied. [source: Oldham:2011]",,"Gaming and distracted eating, Part I

A group of researchers are interested in the possible effects of distracting 
stimuli during eating, such as an increase or decrease in the amount of food 
consumption. To test this hypothesis, they monitored food intake for a group of 
44 patients who were randomized into two equal groups. The treatment group ate 
lunch while playing solitaire, and the control group ate lunch without any 
added distractions. Patients in the treatment group ate 52.1 grams of biscuits, 
with a standard deviation of 45.1 grams, and patients in the control group ate 
27.1 grams of biscuits, with a standard deviation of 26.4 grams. Do these data 
provide convincing evidence that the average food intake (measured in amount of 
biscuits consumed) is different for the patients in the treatment group? Assume 
that conditions for inference are satisfied. [source: Oldham:2011]","\qt{Gaming and distracted eating, Part I\label{gaming_distracted_eating_intake}}
A group of researchers are interested in the possible effects of distracting 
stimuli during eating, such as an increase or decrease in the amount of food 
consumption. To test this hypothesis, they monitored food intake for a group of 
44 patients who were randomized into two equal groups. The treatment group ate 
lunch while playing solitaire, and the control group ate lunch without any 
added distractions. Patients in the treatment group ate 52.1 grams of biscuits, 
with a standard deviation of 45.1 grams, and patients in the control group ate 
27.1 grams of biscuits, with a standard deviation of 26.4 grams. Do these data 
provide convincing evidence that the average food intake (measured in amount of 
biscuits consumed) is different for the patients in the treatment group? Assume 
that conditions for inference are satisfied. \footfullcite{Oldham:2011}"
ch_inference_for_means_48,OpenIntro Statistics,ch_inference_for_means,48,2,,"Gaming and distracted eating, Part II",mean_variance,"The researchers from Exercise~[ref: gaming_distracted_eating_intake] also 
investigated the effects of being distracted by a game on how much people eat. 
The 22 patients in the treatment group who ate their lunch while playing 
solitaire were asked to do a serial-order recall of the food lunch items they 
ate. The average number of items recalled by the patients in this group was 4.
9, with a standard deviation of 1.8. The average number of items recalled by 
the patients in the control group (no distraction) was 6.1, with a standard 
deviation of 1.8. Do these data provide strong evidence that the average number 
of food items recalled by the patients in the treatment and control groups are 
different?",,"Gaming and distracted eating, Part II

The researchers from Exercise~[ref: gaming_distracted_eating_intake] also 
investigated the effects of being distracted by a game on how much people eat. 
The 22 patients in the treatment group who ate their lunch while playing 
solitaire were asked to do a serial-order recall of the food lunch items they 
ate. The average number of items recalled by the patients in this group was 4.
9, with a standard deviation of 1.8. The average number of items recalled by 
the patients in the control group (no distraction) was 6.1, with a standard 
deviation of 1.8. Do these data provide strong evidence that the average number 
of food items recalled by the patients in the treatment and control groups are 
different?","\qt{Gaming and distracted eating, Part II\label{gaming_distracted_eating_recall}} 
The researchers from Exercise~\ref{gaming_distracted_eating_intake} also 
investigated the effects of being distracted by a game on how much people eat. 
The 22 patients in the treatment group who ate their lunch while playing 
solitaire were asked to do a serial-order recall of the food lunch items they 
ate. The average number of items recalled by the patients in this group was 4.
9, with a standard deviation of 1.8. The average number of items recalled by 
the patients in the control group (no distraction) was 6.1, with a standard 
deviation of 1.8. Do these data provide strong evidence that the average number 
of food items recalled by the patients in the treatment and control groups are 
different?"
ch_inference_for_means_49,OpenIntro Statistics,ch_inference_for_means,49,3,,Sample size and pairing,sampling,"Determine if the 
following statement is true or false, and if false, explain your reasoning: If 
comparing means of two groups with equal sample sizes, always use a paired test.",,"Sample size and pairing

Determine if the 
following statement is true or false, and if false, explain your reasoning: If 
comparing means of two groups with equal sample sizes, always use a paired test.","\qt{Sample size and pairing\label{sample_size_pairing}} Determine if the 
following statement is true or false, and if false, explain your reasoning: If 
comparing means of two groups with equal sample sizes, always use a paired test."
ch_inference_for_means_50_1,OpenIntro Statistics,ch_inference_for_means,50,4,1,College credits,distribution,"A college counselor is interested in 
estimating how many credits a student typically enrolls
in each semester.
The counselor decides to randomly sample 100 students
by using the registrar's 
database of students.
The histogram below shows the distribution of the number 
of credits taken by these students.
Sample statistics for this distribution are 
also provided.

minipage[c]0.1
\ 
minipage
minipage[c]0.5

ch_inference_for_means/figures/eoce/college_credits/college_credits_hist

minipage
minipage[c]0.32

Table:
| Min | 8 |
| --- | --- |
| Q1 | 13 |
| Median | 14 |
| Mean | 13.65 |
| SD | 1.91 |
| Q3 | 15 |
| Max | 18 |

minipage","What is the point estimate for the average
number of credits taken per semester by students at this college?
What about the median?","College credits

A college counselor is interested in 
estimating how many credits a student typically enrolls
in each semester.
The counselor decides to randomly sample 100 students
by using the registrar's 
database of students.
The histogram below shows the distribution of the number 
of credits taken by these students.
Sample statistics for this distribution are 
also provided.

minipage[c]0.1
\ 
minipage
minipage[c]0.5

ch_inference_for_means/figures/eoce/college_credits/college_credits_hist

minipage
minipage[c]0.32

Table:
| Min | 8 |
| --- | --- |
| Q1 | 13 |
| Median | 14 |
| Mean | 13.65 |
| SD | 1.91 |
| Q3 | 15 |
| Max | 18 |

minipage

What is the point estimate for the average
number of credits taken per semester by students at this college?
What about the median?","\qt{College credits\label{college_credits}}
A college counselor is interested in 
estimating how many credits a student typically enrolls
in each semester.
The counselor decides to randomly sample 100 students
by using the registrar's 
database of students.
The histogram below shows the distribution of the number 
of credits taken by these students.
Sample statistics for this distribution are 
also provided.\\
\begin{minipage}[c]{0.1\textwidth}
\ 
\end{minipage}
\begin{minipage}[c]{0.5\textwidth}
\begin{center}
\FigureFullPath[A histogram is shown for ""Number of credits"". The distribution is centered at about 13 and is very roughly bell-shaped with data ranging from 8 to 18 with no apparent outliers.]{}{ch_inference_for_means/figures/eoce/college_credits/college_credits_hist}
\end{center}
\end{minipage}
\begin{minipage}[c]{0.32\textwidth}
\begin{center}
\begin{tabular}{l|r l}
Min     & 8 \\
Q1      & 13 \\
Median  & 14 \\
Mean    & 13.65 \\
SD      & 1.91 \\
Q3      & 15 \\
Max     & 18 \\
\end{tabular}
\end{center}
\end{minipage}
\begin{parts}
\item What is the point estimate for the average
number of credits taken per semester by students at this college?
What about the median?
\item What is the point estimate for the standard deviation
of the number of credits taken per semester by students at
this college?
What about the IQR?
\item Is a load of 16 credits unusually high for this college?
What about 18 credits?
Explain your reasoning.
\item The college counselor takes another
random sample of 100 students and this 
time finds a sample mean of 14.02 units.
Should she be surprised that this sample
statistic is slightly different than the
one from the original sample? 
Explain your reasoning.
\item
The sample means given above are point estimates
for the mean number of 
credits taken by all students at that college.
What measures do we use to 
quantify the variability of this estimate?
Compute this quantity using the data 
from the original sample.
\end{parts}"
ch_inference_for_means_50_2,OpenIntro Statistics,ch_inference_for_means,50,4,2,College credits,distribution,"A college counselor is interested in 
estimating how many credits a student typically enrolls
in each semester.
The counselor decides to randomly sample 100 students
by using the registrar's 
database of students.
The histogram below shows the distribution of the number 
of credits taken by these students.
Sample statistics for this distribution are 
also provided.

minipage[c]0.1
\ 
minipage
minipage[c]0.5

ch_inference_for_means/figures/eoce/college_credits/college_credits_hist

minipage
minipage[c]0.32

Table:
| Min | 8 |
| --- | --- |
| Q1 | 13 |
| Median | 14 |
| Mean | 13.65 |
| SD | 1.91 |
| Q3 | 15 |
| Max | 18 |

minipage","What is the point estimate for the standard deviation
of the number of credits taken per semester by students at
this college?
What about the IQR?","College credits

A college counselor is interested in 
estimating how many credits a student typically enrolls
in each semester.
The counselor decides to randomly sample 100 students
by using the registrar's 
database of students.
The histogram below shows the distribution of the number 
of credits taken by these students.
Sample statistics for this distribution are 
also provided.

minipage[c]0.1
\ 
minipage
minipage[c]0.5

ch_inference_for_means/figures/eoce/college_credits/college_credits_hist

minipage
minipage[c]0.32

Table:
| Min | 8 |
| --- | --- |
| Q1 | 13 |
| Median | 14 |
| Mean | 13.65 |
| SD | 1.91 |
| Q3 | 15 |
| Max | 18 |

minipage

What is the point estimate for the standard deviation
of the number of credits taken per semester by students at
this college?
What about the IQR?","\qt{College credits\label{college_credits}}
A college counselor is interested in 
estimating how many credits a student typically enrolls
in each semester.
The counselor decides to randomly sample 100 students
by using the registrar's 
database of students.
The histogram below shows the distribution of the number 
of credits taken by these students.
Sample statistics for this distribution are 
also provided.\\
\begin{minipage}[c]{0.1\textwidth}
\ 
\end{minipage}
\begin{minipage}[c]{0.5\textwidth}
\begin{center}
\FigureFullPath[A histogram is shown for ""Number of credits"". The distribution is centered at about 13 and is very roughly bell-shaped with data ranging from 8 to 18 with no apparent outliers.]{}{ch_inference_for_means/figures/eoce/college_credits/college_credits_hist}
\end{center}
\end{minipage}
\begin{minipage}[c]{0.32\textwidth}
\begin{center}
\begin{tabular}{l|r l}
Min     & 8 \\
Q1      & 13 \\
Median  & 14 \\
Mean    & 13.65 \\
SD      & 1.91 \\
Q3      & 15 \\
Max     & 18 \\
\end{tabular}
\end{center}
\end{minipage}
\begin{parts}
\item What is the point estimate for the average
number of credits taken per semester by students at this college?
What about the median?
\item What is the point estimate for the standard deviation
of the number of credits taken per semester by students at
this college?
What about the IQR?
\item Is a load of 16 credits unusually high for this college?
What about 18 credits?
Explain your reasoning.
\item The college counselor takes another
random sample of 100 students and this 
time finds a sample mean of 14.02 units.
Should she be surprised that this sample
statistic is slightly different than the
one from the original sample? 
Explain your reasoning.
\item
The sample means given above are point estimates
for the mean number of 
credits taken by all students at that college.
What measures do we use to 
quantify the variability of this estimate?
Compute this quantity using the data 
from the original sample.
\end{parts}"
ch_inference_for_means_50_3,OpenIntro Statistics,ch_inference_for_means,50,4,3,College credits,distribution,"A college counselor is interested in 
estimating how many credits a student typically enrolls
in each semester.
The counselor decides to randomly sample 100 students
by using the registrar's 
database of students.
The histogram below shows the distribution of the number 
of credits taken by these students.
Sample statistics for this distribution are 
also provided.

minipage[c]0.1
\ 
minipage
minipage[c]0.5

ch_inference_for_means/figures/eoce/college_credits/college_credits_hist

minipage
minipage[c]0.32

Table:
| Min | 8 |
| --- | --- |
| Q1 | 13 |
| Median | 14 |
| Mean | 13.65 |
| SD | 1.91 |
| Q3 | 15 |
| Max | 18 |

minipage","Is a load of 16 credits unusually high for this college?
What about 18 credits?
Explain your reasoning.","College credits

A college counselor is interested in 
estimating how many credits a student typically enrolls
in each semester.
The counselor decides to randomly sample 100 students
by using the registrar's 
database of students.
The histogram below shows the distribution of the number 
of credits taken by these students.
Sample statistics for this distribution are 
also provided.

minipage[c]0.1
\ 
minipage
minipage[c]0.5

ch_inference_for_means/figures/eoce/college_credits/college_credits_hist

minipage
minipage[c]0.32

Table:
| Min | 8 |
| --- | --- |
| Q1 | 13 |
| Median | 14 |
| Mean | 13.65 |
| SD | 1.91 |
| Q3 | 15 |
| Max | 18 |

minipage

Is a load of 16 credits unusually high for this college?
What about 18 credits?
Explain your reasoning.","\qt{College credits\label{college_credits}}
A college counselor is interested in 
estimating how many credits a student typically enrolls
in each semester.
The counselor decides to randomly sample 100 students
by using the registrar's 
database of students.
The histogram below shows the distribution of the number 
of credits taken by these students.
Sample statistics for this distribution are 
also provided.\\
\begin{minipage}[c]{0.1\textwidth}
\ 
\end{minipage}
\begin{minipage}[c]{0.5\textwidth}
\begin{center}
\FigureFullPath[A histogram is shown for ""Number of credits"". The distribution is centered at about 13 and is very roughly bell-shaped with data ranging from 8 to 18 with no apparent outliers.]{}{ch_inference_for_means/figures/eoce/college_credits/college_credits_hist}
\end{center}
\end{minipage}
\begin{minipage}[c]{0.32\textwidth}
\begin{center}
\begin{tabular}{l|r l}
Min     & 8 \\
Q1      & 13 \\
Median  & 14 \\
Mean    & 13.65 \\
SD      & 1.91 \\
Q3      & 15 \\
Max     & 18 \\
\end{tabular}
\end{center}
\end{minipage}
\begin{parts}
\item What is the point estimate for the average
number of credits taken per semester by students at this college?
What about the median?
\item What is the point estimate for the standard deviation
of the number of credits taken per semester by students at
this college?
What about the IQR?
\item Is a load of 16 credits unusually high for this college?
What about 18 credits?
Explain your reasoning.
\item The college counselor takes another
random sample of 100 students and this 
time finds a sample mean of 14.02 units.
Should she be surprised that this sample
statistic is slightly different than the
one from the original sample? 
Explain your reasoning.
\item
The sample means given above are point estimates
for the mean number of 
credits taken by all students at that college.
What measures do we use to 
quantify the variability of this estimate?
Compute this quantity using the data 
from the original sample.
\end{parts}"
ch_inference_for_means_50_4,OpenIntro Statistics,ch_inference_for_means,50,4,4,College credits,distribution,"A college counselor is interested in 
estimating how many credits a student typically enrolls
in each semester.
The counselor decides to randomly sample 100 students
by using the registrar's 
database of students.
The histogram below shows the distribution of the number 
of credits taken by these students.
Sample statistics for this distribution are 
also provided.

minipage[c]0.1
\ 
minipage
minipage[c]0.5

ch_inference_for_means/figures/eoce/college_credits/college_credits_hist

minipage
minipage[c]0.32

Table:
| Min | 8 |
| --- | --- |
| Q1 | 13 |
| Median | 14 |
| Mean | 13.65 |
| SD | 1.91 |
| Q3 | 15 |
| Max | 18 |

minipage","The college counselor takes another
random sample of 100 students and this 
time finds a sample mean of 14.02 units.
Should she be surprised that this sample
statistic is slightly different than the
one from the original sample? 
Explain your reasoning.","College credits

A college counselor is interested in 
estimating how many credits a student typically enrolls
in each semester.
The counselor decides to randomly sample 100 students
by using the registrar's 
database of students.
The histogram below shows the distribution of the number 
of credits taken by these students.
Sample statistics for this distribution are 
also provided.

minipage[c]0.1
\ 
minipage
minipage[c]0.5

ch_inference_for_means/figures/eoce/college_credits/college_credits_hist

minipage
minipage[c]0.32

Table:
| Min | 8 |
| --- | --- |
| Q1 | 13 |
| Median | 14 |
| Mean | 13.65 |
| SD | 1.91 |
| Q3 | 15 |
| Max | 18 |

minipage

The college counselor takes another
random sample of 100 students and this 
time finds a sample mean of 14.02 units.
Should she be surprised that this sample
statistic is slightly different than the
one from the original sample? 
Explain your reasoning.","\qt{College credits\label{college_credits}}
A college counselor is interested in 
estimating how many credits a student typically enrolls
in each semester.
The counselor decides to randomly sample 100 students
by using the registrar's 
database of students.
The histogram below shows the distribution of the number 
of credits taken by these students.
Sample statistics for this distribution are 
also provided.\\
\begin{minipage}[c]{0.1\textwidth}
\ 
\end{minipage}
\begin{minipage}[c]{0.5\textwidth}
\begin{center}
\FigureFullPath[A histogram is shown for ""Number of credits"". The distribution is centered at about 13 and is very roughly bell-shaped with data ranging from 8 to 18 with no apparent outliers.]{}{ch_inference_for_means/figures/eoce/college_credits/college_credits_hist}
\end{center}
\end{minipage}
\begin{minipage}[c]{0.32\textwidth}
\begin{center}
\begin{tabular}{l|r l}
Min     & 8 \\
Q1      & 13 \\
Median  & 14 \\
Mean    & 13.65 \\
SD      & 1.91 \\
Q3      & 15 \\
Max     & 18 \\
\end{tabular}
\end{center}
\end{minipage}
\begin{parts}
\item What is the point estimate for the average
number of credits taken per semester by students at this college?
What about the median?
\item What is the point estimate for the standard deviation
of the number of credits taken per semester by students at
this college?
What about the IQR?
\item Is a load of 16 credits unusually high for this college?
What about 18 credits?
Explain your reasoning.
\item The college counselor takes another
random sample of 100 students and this 
time finds a sample mean of 14.02 units.
Should she be surprised that this sample
statistic is slightly different than the
one from the original sample? 
Explain your reasoning.
\item
The sample means given above are point estimates
for the mean number of 
credits taken by all students at that college.
What measures do we use to 
quantify the variability of this estimate?
Compute this quantity using the data 
from the original sample.
\end{parts}"
ch_inference_for_means_50_5,OpenIntro Statistics,ch_inference_for_means,50,4,5,College credits,distribution,"A college counselor is interested in 
estimating how many credits a student typically enrolls
in each semester.
The counselor decides to randomly sample 100 students
by using the registrar's 
database of students.
The histogram below shows the distribution of the number 
of credits taken by these students.
Sample statistics for this distribution are 
also provided.

minipage[c]0.1
\ 
minipage
minipage[c]0.5

ch_inference_for_means/figures/eoce/college_credits/college_credits_hist

minipage
minipage[c]0.32

Table:
| Min | 8 |
| --- | --- |
| Q1 | 13 |
| Median | 14 |
| Mean | 13.65 |
| SD | 1.91 |
| Q3 | 15 |
| Max | 18 |

minipage","The sample means given above are point estimates
for the mean number of 
credits taken by all students at that college.
What measures do we use to 
quantify the variability of this estimate?
Compute this quantity using the data 
from the original sample.","College credits

A college counselor is interested in 
estimating how many credits a student typically enrolls
in each semester.
The counselor decides to randomly sample 100 students
by using the registrar's 
database of students.
The histogram below shows the distribution of the number 
of credits taken by these students.
Sample statistics for this distribution are 
also provided.

minipage[c]0.1
\ 
minipage
minipage[c]0.5

ch_inference_for_means/figures/eoce/college_credits/college_credits_hist

minipage
minipage[c]0.32

Table:
| Min | 8 |
| --- | --- |
| Q1 | 13 |
| Median | 14 |
| Mean | 13.65 |
| SD | 1.91 |
| Q3 | 15 |
| Max | 18 |

minipage

The sample means given above are point estimates
for the mean number of 
credits taken by all students at that college.
What measures do we use to 
quantify the variability of this estimate?
Compute this quantity using the data 
from the original sample.","\qt{College credits\label{college_credits}}
A college counselor is interested in 
estimating how many credits a student typically enrolls
in each semester.
The counselor decides to randomly sample 100 students
by using the registrar's 
database of students.
The histogram below shows the distribution of the number 
of credits taken by these students.
Sample statistics for this distribution are 
also provided.\\
\begin{minipage}[c]{0.1\textwidth}
\ 
\end{minipage}
\begin{minipage}[c]{0.5\textwidth}
\begin{center}
\FigureFullPath[A histogram is shown for ""Number of credits"". The distribution is centered at about 13 and is very roughly bell-shaped with data ranging from 8 to 18 with no apparent outliers.]{}{ch_inference_for_means/figures/eoce/college_credits/college_credits_hist}
\end{center}
\end{minipage}
\begin{minipage}[c]{0.32\textwidth}
\begin{center}
\begin{tabular}{l|r l}
Min     & 8 \\
Q1      & 13 \\
Median  & 14 \\
Mean    & 13.65 \\
SD      & 1.91 \\
Q3      & 15 \\
Max     & 18 \\
\end{tabular}
\end{center}
\end{minipage}
\begin{parts}
\item What is the point estimate for the average
number of credits taken per semester by students at this college?
What about the median?
\item What is the point estimate for the standard deviation
of the number of credits taken per semester by students at
this college?
What about the IQR?
\item Is a load of 16 credits unusually high for this college?
What about 18 credits?
Explain your reasoning.
\item The college counselor takes another
random sample of 100 students and this 
time finds a sample mean of 14.02 units.
Should she be surprised that this sample
statistic is slightly different than the
one from the original sample? 
Explain your reasoning.
\item
The sample means given above are point estimates
for the mean number of 
credits taken by all students at that college.
What measures do we use to 
quantify the variability of this estimate?
Compute this quantity using the data 
from the original sample.
\end{parts}"
ch_inference_for_means_51_1,OpenIntro Statistics,ch_inference_for_means,51,5,1,Hen eggs,distribution,"The distribution of the number of eggs laid 
by a certain species of hen during their breeding period has a mean of 35 eggs 
with a standard deviation of 18.2. Suppose a group of researchers 
randomly samples 45 hens of this species, counts the number of eggs laid 
during their breeding period, and records the sample mean. They repeat 
this 1,000 times, and build a distribution of sample 
means.",What is this distribution called?,"Hen eggs

The distribution of the number of eggs laid 
by a certain species of hen during their breeding period has a mean of 35 eggs 
with a standard deviation of 18.2. Suppose a group of researchers 
randomly samples 45 hens of this species, counts the number of eggs laid 
during their breeding period, and records the sample mean. They repeat 
this 1,000 times, and build a distribution of sample 
means.

What is this distribution called?","\qt{Hen eggs\label{hen_eggs}} The distribution of the number of eggs laid 
by a certain species of hen during their breeding period has a mean of 35 eggs 
with a standard deviation of 18.2. Suppose a group of researchers 
randomly samples 45 hens of this species, counts the number of eggs laid 
during their breeding period, and records the sample mean. They repeat 
this 1,000 times, and build a distribution of sample 
means. 
\begin{parts}
\item What is this distribution called? 
\item Would you expect the shape of this distribution to be symmetric, right 
skewed, or left skewed? Explain your reasoning.
\item Calculate the variability of this distribution and state the appropriate 
term used to refer to this value.
\item Suppose the researchers' budget is reduced and they are only able to 
collect random samples of 10 hens. The sample mean of the number of eggs is 
recorded, and we repeat this 1,000 times, and build a new distribution of sample 
means. How will the variability of this new distribution compare to the 
variability of the original distribution?
\end{parts}"
ch_inference_for_means_51_2,OpenIntro Statistics,ch_inference_for_means,51,5,2,Hen eggs,distribution,"The distribution of the number of eggs laid 
by a certain species of hen during their breeding period has a mean of 35 eggs 
with a standard deviation of 18.2. Suppose a group of researchers 
randomly samples 45 hens of this species, counts the number of eggs laid 
during their breeding period, and records the sample mean. They repeat 
this 1,000 times, and build a distribution of sample 
means.","Would you expect the shape of this distribution to be symmetric, right 
skewed, or left skewed? Explain your reasoning.","Hen eggs

The distribution of the number of eggs laid 
by a certain species of hen during their breeding period has a mean of 35 eggs 
with a standard deviation of 18.2. Suppose a group of researchers 
randomly samples 45 hens of this species, counts the number of eggs laid 
during their breeding period, and records the sample mean. They repeat 
this 1,000 times, and build a distribution of sample 
means.

Would you expect the shape of this distribution to be symmetric, right 
skewed, or left skewed? Explain your reasoning.","\qt{Hen eggs\label{hen_eggs}} The distribution of the number of eggs laid 
by a certain species of hen during their breeding period has a mean of 35 eggs 
with a standard deviation of 18.2. Suppose a group of researchers 
randomly samples 45 hens of this species, counts the number of eggs laid 
during their breeding period, and records the sample mean. They repeat 
this 1,000 times, and build a distribution of sample 
means. 
\begin{parts}
\item What is this distribution called? 
\item Would you expect the shape of this distribution to be symmetric, right 
skewed, or left skewed? Explain your reasoning.
\item Calculate the variability of this distribution and state the appropriate 
term used to refer to this value.
\item Suppose the researchers' budget is reduced and they are only able to 
collect random samples of 10 hens. The sample mean of the number of eggs is 
recorded, and we repeat this 1,000 times, and build a new distribution of sample 
means. How will the variability of this new distribution compare to the 
variability of the original distribution?
\end{parts}"
ch_inference_for_means_51_3,OpenIntro Statistics,ch_inference_for_means,51,5,3,Hen eggs,distribution,"The distribution of the number of eggs laid 
by a certain species of hen during their breeding period has a mean of 35 eggs 
with a standard deviation of 18.2. Suppose a group of researchers 
randomly samples 45 hens of this species, counts the number of eggs laid 
during their breeding period, and records the sample mean. They repeat 
this 1,000 times, and build a distribution of sample 
means.","Calculate the variability of this distribution and state the appropriate 
term used to refer to this value.","Hen eggs

The distribution of the number of eggs laid 
by a certain species of hen during their breeding period has a mean of 35 eggs 
with a standard deviation of 18.2. Suppose a group of researchers 
randomly samples 45 hens of this species, counts the number of eggs laid 
during their breeding period, and records the sample mean. They repeat 
this 1,000 times, and build a distribution of sample 
means.

Calculate the variability of this distribution and state the appropriate 
term used to refer to this value.","\qt{Hen eggs\label{hen_eggs}} The distribution of the number of eggs laid 
by a certain species of hen during their breeding period has a mean of 35 eggs 
with a standard deviation of 18.2. Suppose a group of researchers 
randomly samples 45 hens of this species, counts the number of eggs laid 
during their breeding period, and records the sample mean. They repeat 
this 1,000 times, and build a distribution of sample 
means. 
\begin{parts}
\item What is this distribution called? 
\item Would you expect the shape of this distribution to be symmetric, right 
skewed, or left skewed? Explain your reasoning.
\item Calculate the variability of this distribution and state the appropriate 
term used to refer to this value.
\item Suppose the researchers' budget is reduced and they are only able to 
collect random samples of 10 hens. The sample mean of the number of eggs is 
recorded, and we repeat this 1,000 times, and build a new distribution of sample 
means. How will the variability of this new distribution compare to the 
variability of the original distribution?
\end{parts}"
ch_inference_for_means_51_4,OpenIntro Statistics,ch_inference_for_means,51,5,4,Hen eggs,distribution,"The distribution of the number of eggs laid 
by a certain species of hen during their breeding period has a mean of 35 eggs 
with a standard deviation of 18.2. Suppose a group of researchers 
randomly samples 45 hens of this species, counts the number of eggs laid 
during their breeding period, and records the sample mean. They repeat 
this 1,000 times, and build a distribution of sample 
means.","Suppose the researchers' budget is reduced and they are only able to 
collect random samples of 10 hens. The sample mean of the number of eggs is 
recorded, and we repeat this 1,000 times, and build a new distribution of sample 
means. How will the variability of this new distribution compare to the 
variability of the original distribution?","Hen eggs

The distribution of the number of eggs laid 
by a certain species of hen during their breeding period has a mean of 35 eggs 
with a standard deviation of 18.2. Suppose a group of researchers 
randomly samples 45 hens of this species, counts the number of eggs laid 
during their breeding period, and records the sample mean. They repeat 
this 1,000 times, and build a distribution of sample 
means.

Suppose the researchers' budget is reduced and they are only able to 
collect random samples of 10 hens. The sample mean of the number of eggs is 
recorded, and we repeat this 1,000 times, and build a new distribution of sample 
means. How will the variability of this new distribution compare to the 
variability of the original distribution?","\qt{Hen eggs\label{hen_eggs}} The distribution of the number of eggs laid 
by a certain species of hen during their breeding period has a mean of 35 eggs 
with a standard deviation of 18.2. Suppose a group of researchers 
randomly samples 45 hens of this species, counts the number of eggs laid 
during their breeding period, and records the sample mean. They repeat 
this 1,000 times, and build a distribution of sample 
means. 
\begin{parts}
\item What is this distribution called? 
\item Would you expect the shape of this distribution to be symmetric, right 
skewed, or left skewed? Explain your reasoning.
\item Calculate the variability of this distribution and state the appropriate 
term used to refer to this value.
\item Suppose the researchers' budget is reduced and they are only able to 
collect random samples of 10 hens. The sample mean of the number of eggs is 
recorded, and we repeat this 1,000 times, and build a new distribution of sample 
means. How will the variability of this new distribution compare to the 
variability of the original distribution?
\end{parts}"
ch_inference_for_means_52,OpenIntro Statistics,ch_inference_for_means,52,6,,Forest management,confidence_interval,"Forest rangers wanted to better understand the rate
of growth for younger trees in the park.
They took measurements of a random sample of 50 young trees
in 2009 and again measured those same trees in 2019.
The data below summarize their measurements,
where the heights are in feet:

Table:
| 2009 | 2019 | Differences | |
| --- | --- | --- | --- |
| $x$ | 12.0 | 24.5 | 12.5 |
| $s$ | 3.5 | 9.5 | 7.2 |
| $n$ | 50 | 50 | 50 |

Construct a 99% confidence interval for the
average growth of (what had been) younger trees
in the park over 2009-2019.",,"Forest management

Forest rangers wanted to better understand the rate
of growth for younger trees in the park.
They took measurements of a random sample of 50 young trees
in 2009 and again measured those same trees in 2019.
The data below summarize their measurements,
where the heights are in feet:

Table:
| 2009 | 2019 | Differences | |
| --- | --- | --- | --- |
| $x$ | 12.0 | 24.5 | 12.5 |
| $s$ | 3.5 | 9.5 | 7.2 |
| $n$ | 50 | 50 | 50 |

Construct a 99% confidence interval for the
average growth of (what had been) younger trees
in the park over 2009-2019.","\qt{Forest management\label{forest_mgmt_tree_growth}}
Forest rangers wanted to better understand the rate
of growth for younger trees in the park.
They took measurements of a random sample of 50 young trees
in 2009 and again measured those same trees in 2019.
The data below summarize their measurements,
where the heights are in feet:
\begin{center}
\begin{tabular}{l c c c}
\hline
          & 2009   & 2019  & Differences\\
\hline  
$\bar{x}$ & 12.0  & 24.5  & 12.5 \\
$s$       & 3.5   & 9.5   & 7.2 \\
$n$       & 50    & 50    & 50 \\
\hline
\end{tabular}
\end{center}
Construct a 99\% confidence interval for the
average growth of (what had been) younger trees
in the park over 2009-2019."
ch_inference_for_means_53_1,OpenIntro Statistics,ch_inference_for_means,53,7,1,Experiment resizing,confidence_interval,"At a startup company running a new weather app, an engineering
team generally runs experiments where a random sample of 1%
of the app's visitors in the control group and another
1% were in the treatment group to test each new feature.
The team's core goal is to increase a metric
called daily visitors,
which is essentially the number of visitors to the app
each day.
They track this metric in each experiment arm and
as their core experiment metric.
In their most recent experiment, the team tested
including a new animation when the app started,
and the number of daily visitors in this experiment
stabilized at +1.2% with a 95% confidence interval
of (-0.2%, +2.6%).
This means if this new app start animation was launched,
the team thinks they might lose as many as 0.2% of daily
visitors or gain as many as 2.6% more daily visitors.
Suppose you are consulting as the team's data scientist,
and after discussing with the team,
you and they agree that they should run
another experiment that is bigger.
You also agree that this new experiment
should be able to detect a gain in the daily visitors
metric of 1.0% or more with 80% power.
Now they turn to you and ask,
``How big of an experiment do we need to run
to ensure we can detect this effect?''","How small must the standard error be if
 the team is to be able to detect an effect
 of 1.0% with 80% power and a significance
 level of $ = 0.05$?
 You may safely assume the percent change in
 daily visitors metric follows a normal distribution.","Experiment resizing

At a startup company running a new weather app, an engineering
team generally runs experiments where a random sample of 1%
of the app's visitors in the control group and another
1% were in the treatment group to test each new feature.
The team's core goal is to increase a metric
called daily visitors,
which is essentially the number of visitors to the app
each day.
They track this metric in each experiment arm and
as their core experiment metric.
In their most recent experiment, the team tested
including a new animation when the app started,
and the number of daily visitors in this experiment
stabilized at +1.2% with a 95% confidence interval
of (-0.2%, +2.6%).
This means if this new app start animation was launched,
the team thinks they might lose as many as 0.2% of daily
visitors or gain as many as 2.6% more daily visitors.
Suppose you are consulting as the team's data scientist,
and after discussing with the team,
you and they agree that they should run
another experiment that is bigger.
You also agree that this new experiment
should be able to detect a gain in the daily visitors
metric of 1.0% or more with 80% power.
Now they turn to you and ask,
``How big of an experiment do we need to run
to ensure we can detect this effect?''

How small must the standard error be if
 the team is to be able to detect an effect
 of 1.0% with 80% power and a significance
 level of $ = 0.05$?
 You may safely assume the percent change in
 daily visitors metric follows a normal distribution.","\qt{Experiment resizing\label{tech_exp_resizing}}
At a startup company running a new weather app, an engineering
team generally runs experiments where a random sample of 1\%
of the app's visitors in the control group and another
1\% were in the treatment group to test each new feature.
The team's core goal is to increase a metric
called \emph{daily visitors},
which is essentially the number of visitors to the app
each day.
They track this metric in each experiment arm and
as their core experiment metric.
In their most recent experiment, the team tested
including a new animation when the app started,
and the number of daily visitors in this experiment
stabilized at +1.2\% with a 95\% confidence interval
of (-0.2\%, +2.6\%).
This means if this new app start animation was launched,
the team thinks they might lose as many as 0.2\% of daily
visitors or gain as many as 2.6\% more daily visitors.
Suppose you are consulting as the team's data scientist,
and after discussing with the team,
you and they agree that they should run
another experiment that is bigger.
You also agree that this new experiment
should be able to detect a gain in the daily visitors
metric of 1.0\% or more with 80\% power.
Now they turn to you and ask,
``How big of an experiment do we need to run
to ensure we can detect this effect?''
\begin{parts}
\item\label{tech_exp_resizing_target_se}
    How small must the standard error be if
    the team is to be able to detect an effect
    of 1.0\% with 80\% power and a significance
    level of $\alpha = 0.05$?
    You may safely assume the percent change in
    daily visitors metric follows a normal distribution.
\item\label{tech_exp_resizing_original_se}
    Consider the first experiment, where
    the point estimate was +1.2\% and the
    95\% confidence interval was (-0.2\%, +2.6\%).
    If that point estimate followed a normal
    distribution, what was the standard error
    of the estimate?
\item\label{tech_exp_resizing_ratio}
    The ratio of the standard error from
    part~(\ref{tech_exp_resizing_target_se})
    vs the standard error from
    part~(\ref{tech_exp_resizing_original_se})
    should be~1.97.
    How much bigger of an experiment is needed
    to shrink a standard error by a factor of~1.97?
\item
    Using your answer from
    part~(\ref{tech_exp_resizing_ratio})
    and that the original experiment was
    a 1\% vs 1\% experiment to recommend
    an experiment size to the team.
\end{parts}"
ch_inference_for_means_53_2,OpenIntro Statistics,ch_inference_for_means,53,7,2,Experiment resizing,confidence_interval,"At a startup company running a new weather app, an engineering
team generally runs experiments where a random sample of 1%
of the app's visitors in the control group and another
1% were in the treatment group to test each new feature.
The team's core goal is to increase a metric
called daily visitors,
which is essentially the number of visitors to the app
each day.
They track this metric in each experiment arm and
as their core experiment metric.
In their most recent experiment, the team tested
including a new animation when the app started,
and the number of daily visitors in this experiment
stabilized at +1.2% with a 95% confidence interval
of (-0.2%, +2.6%).
This means if this new app start animation was launched,
the team thinks they might lose as many as 0.2% of daily
visitors or gain as many as 2.6% more daily visitors.
Suppose you are consulting as the team's data scientist,
and after discussing with the team,
you and they agree that they should run
another experiment that is bigger.
You also agree that this new experiment
should be able to detect a gain in the daily visitors
metric of 1.0% or more with 80% power.
Now they turn to you and ask,
``How big of an experiment do we need to run
to ensure we can detect this effect?''","Consider the first experiment, where
 the point estimate was +1.2% and the
 95% confidence interval was (-0.2%, +2.6%).
 If that point estimate followed a normal
 distribution, what was the standard error
 of the estimate?","Experiment resizing

At a startup company running a new weather app, an engineering
team generally runs experiments where a random sample of 1%
of the app's visitors in the control group and another
1% were in the treatment group to test each new feature.
The team's core goal is to increase a metric
called daily visitors,
which is essentially the number of visitors to the app
each day.
They track this metric in each experiment arm and
as their core experiment metric.
In their most recent experiment, the team tested
including a new animation when the app started,
and the number of daily visitors in this experiment
stabilized at +1.2% with a 95% confidence interval
of (-0.2%, +2.6%).
This means if this new app start animation was launched,
the team thinks they might lose as many as 0.2% of daily
visitors or gain as many as 2.6% more daily visitors.
Suppose you are consulting as the team's data scientist,
and after discussing with the team,
you and they agree that they should run
another experiment that is bigger.
You also agree that this new experiment
should be able to detect a gain in the daily visitors
metric of 1.0% or more with 80% power.
Now they turn to you and ask,
``How big of an experiment do we need to run
to ensure we can detect this effect?''

Consider the first experiment, where
 the point estimate was +1.2% and the
 95% confidence interval was (-0.2%, +2.6%).
 If that point estimate followed a normal
 distribution, what was the standard error
 of the estimate?","\qt{Experiment resizing\label{tech_exp_resizing}}
At a startup company running a new weather app, an engineering
team generally runs experiments where a random sample of 1\%
of the app's visitors in the control group and another
1\% were in the treatment group to test each new feature.
The team's core goal is to increase a metric
called \emph{daily visitors},
which is essentially the number of visitors to the app
each day.
They track this metric in each experiment arm and
as their core experiment metric.
In their most recent experiment, the team tested
including a new animation when the app started,
and the number of daily visitors in this experiment
stabilized at +1.2\% with a 95\% confidence interval
of (-0.2\%, +2.6\%).
This means if this new app start animation was launched,
the team thinks they might lose as many as 0.2\% of daily
visitors or gain as many as 2.6\% more daily visitors.
Suppose you are consulting as the team's data scientist,
and after discussing with the team,
you and they agree that they should run
another experiment that is bigger.
You also agree that this new experiment
should be able to detect a gain in the daily visitors
metric of 1.0\% or more with 80\% power.
Now they turn to you and ask,
``How big of an experiment do we need to run
to ensure we can detect this effect?''
\begin{parts}
\item\label{tech_exp_resizing_target_se}
    How small must the standard error be if
    the team is to be able to detect an effect
    of 1.0\% with 80\% power and a significance
    level of $\alpha = 0.05$?
    You may safely assume the percent change in
    daily visitors metric follows a normal distribution.
\item\label{tech_exp_resizing_original_se}
    Consider the first experiment, where
    the point estimate was +1.2\% and the
    95\% confidence interval was (-0.2\%, +2.6\%).
    If that point estimate followed a normal
    distribution, what was the standard error
    of the estimate?
\item\label{tech_exp_resizing_ratio}
    The ratio of the standard error from
    part~(\ref{tech_exp_resizing_target_se})
    vs the standard error from
    part~(\ref{tech_exp_resizing_original_se})
    should be~1.97.
    How much bigger of an experiment is needed
    to shrink a standard error by a factor of~1.97?
\item
    Using your answer from
    part~(\ref{tech_exp_resizing_ratio})
    and that the original experiment was
    a 1\% vs 1\% experiment to recommend
    an experiment size to the team.
\end{parts}"
ch_inference_for_means_53_3,OpenIntro Statistics,ch_inference_for_means,53,7,3,Experiment resizing,confidence_interval,"At a startup company running a new weather app, an engineering
team generally runs experiments where a random sample of 1%
of the app's visitors in the control group and another
1% were in the treatment group to test each new feature.
The team's core goal is to increase a metric
called daily visitors,
which is essentially the number of visitors to the app
each day.
They track this metric in each experiment arm and
as their core experiment metric.
In their most recent experiment, the team tested
including a new animation when the app started,
and the number of daily visitors in this experiment
stabilized at +1.2% with a 95% confidence interval
of (-0.2%, +2.6%).
This means if this new app start animation was launched,
the team thinks they might lose as many as 0.2% of daily
visitors or gain as many as 2.6% more daily visitors.
Suppose you are consulting as the team's data scientist,
and after discussing with the team,
you and they agree that they should run
another experiment that is bigger.
You also agree that this new experiment
should be able to detect a gain in the daily visitors
metric of 1.0% or more with 80% power.
Now they turn to you and ask,
``How big of an experiment do we need to run
to ensure we can detect this effect?''","The ratio of the standard error from
 part~([ref: tech_exp_resizing_target_se])
 vs the standard error from
 part~([ref: tech_exp_resizing_original_se])
 should be~1.97.
 How much bigger of an experiment is needed
 to shrink a standard error by a factor of~1.97?","Experiment resizing

At a startup company running a new weather app, an engineering
team generally runs experiments where a random sample of 1%
of the app's visitors in the control group and another
1% were in the treatment group to test each new feature.
The team's core goal is to increase a metric
called daily visitors,
which is essentially the number of visitors to the app
each day.
They track this metric in each experiment arm and
as their core experiment metric.
In their most recent experiment, the team tested
including a new animation when the app started,
and the number of daily visitors in this experiment
stabilized at +1.2% with a 95% confidence interval
of (-0.2%, +2.6%).
This means if this new app start animation was launched,
the team thinks they might lose as many as 0.2% of daily
visitors or gain as many as 2.6% more daily visitors.
Suppose you are consulting as the team's data scientist,
and after discussing with the team,
you and they agree that they should run
another experiment that is bigger.
You also agree that this new experiment
should be able to detect a gain in the daily visitors
metric of 1.0% or more with 80% power.
Now they turn to you and ask,
``How big of an experiment do we need to run
to ensure we can detect this effect?''

The ratio of the standard error from
 part~([ref: tech_exp_resizing_target_se])
 vs the standard error from
 part~([ref: tech_exp_resizing_original_se])
 should be~1.97.
 How much bigger of an experiment is needed
 to shrink a standard error by a factor of~1.97?","\qt{Experiment resizing\label{tech_exp_resizing}}
At a startup company running a new weather app, an engineering
team generally runs experiments where a random sample of 1\%
of the app's visitors in the control group and another
1\% were in the treatment group to test each new feature.
The team's core goal is to increase a metric
called \emph{daily visitors},
which is essentially the number of visitors to the app
each day.
They track this metric in each experiment arm and
as their core experiment metric.
In their most recent experiment, the team tested
including a new animation when the app started,
and the number of daily visitors in this experiment
stabilized at +1.2\% with a 95\% confidence interval
of (-0.2\%, +2.6\%).
This means if this new app start animation was launched,
the team thinks they might lose as many as 0.2\% of daily
visitors or gain as many as 2.6\% more daily visitors.
Suppose you are consulting as the team's data scientist,
and after discussing with the team,
you and they agree that they should run
another experiment that is bigger.
You also agree that this new experiment
should be able to detect a gain in the daily visitors
metric of 1.0\% or more with 80\% power.
Now they turn to you and ask,
``How big of an experiment do we need to run
to ensure we can detect this effect?''
\begin{parts}
\item\label{tech_exp_resizing_target_se}
    How small must the standard error be if
    the team is to be able to detect an effect
    of 1.0\% with 80\% power and a significance
    level of $\alpha = 0.05$?
    You may safely assume the percent change in
    daily visitors metric follows a normal distribution.
\item\label{tech_exp_resizing_original_se}
    Consider the first experiment, where
    the point estimate was +1.2\% and the
    95\% confidence interval was (-0.2\%, +2.6\%).
    If that point estimate followed a normal
    distribution, what was the standard error
    of the estimate?
\item\label{tech_exp_resizing_ratio}
    The ratio of the standard error from
    part~(\ref{tech_exp_resizing_target_se})
    vs the standard error from
    part~(\ref{tech_exp_resizing_original_se})
    should be~1.97.
    How much bigger of an experiment is needed
    to shrink a standard error by a factor of~1.97?
\item
    Using your answer from
    part~(\ref{tech_exp_resizing_ratio})
    and that the original experiment was
    a 1\% vs 1\% experiment to recommend
    an experiment size to the team.
\end{parts}"
ch_inference_for_means_53_4,OpenIntro Statistics,ch_inference_for_means,53,7,4,Experiment resizing,confidence_interval,"At a startup company running a new weather app, an engineering
team generally runs experiments where a random sample of 1%
of the app's visitors in the control group and another
1% were in the treatment group to test each new feature.
The team's core goal is to increase a metric
called daily visitors,
which is essentially the number of visitors to the app
each day.
They track this metric in each experiment arm and
as their core experiment metric.
In their most recent experiment, the team tested
including a new animation when the app started,
and the number of daily visitors in this experiment
stabilized at +1.2% with a 95% confidence interval
of (-0.2%, +2.6%).
This means if this new app start animation was launched,
the team thinks they might lose as many as 0.2% of daily
visitors or gain as many as 2.6% more daily visitors.
Suppose you are consulting as the team's data scientist,
and after discussing with the team,
you and they agree that they should run
another experiment that is bigger.
You also agree that this new experiment
should be able to detect a gain in the daily visitors
metric of 1.0% or more with 80% power.
Now they turn to you and ask,
``How big of an experiment do we need to run
to ensure we can detect this effect?''","Using your answer from
 part~([ref: tech_exp_resizing_ratio])
 and that the original experiment was
 a 1% vs 1% experiment to recommend
 an experiment size to the team.","Experiment resizing

At a startup company running a new weather app, an engineering
team generally runs experiments where a random sample of 1%
of the app's visitors in the control group and another
1% were in the treatment group to test each new feature.
The team's core goal is to increase a metric
called daily visitors,
which is essentially the number of visitors to the app
each day.
They track this metric in each experiment arm and
as their core experiment metric.
In their most recent experiment, the team tested
including a new animation when the app started,
and the number of daily visitors in this experiment
stabilized at +1.2% with a 95% confidence interval
of (-0.2%, +2.6%).
This means if this new app start animation was launched,
the team thinks they might lose as many as 0.2% of daily
visitors or gain as many as 2.6% more daily visitors.
Suppose you are consulting as the team's data scientist,
and after discussing with the team,
you and they agree that they should run
another experiment that is bigger.
You also agree that this new experiment
should be able to detect a gain in the daily visitors
metric of 1.0% or more with 80% power.
Now they turn to you and ask,
``How big of an experiment do we need to run
to ensure we can detect this effect?''

Using your answer from
 part~([ref: tech_exp_resizing_ratio])
 and that the original experiment was
 a 1% vs 1% experiment to recommend
 an experiment size to the team.","\qt{Experiment resizing\label{tech_exp_resizing}}
At a startup company running a new weather app, an engineering
team generally runs experiments where a random sample of 1\%
of the app's visitors in the control group and another
1\% were in the treatment group to test each new feature.
The team's core goal is to increase a metric
called \emph{daily visitors},
which is essentially the number of visitors to the app
each day.
They track this metric in each experiment arm and
as their core experiment metric.
In their most recent experiment, the team tested
including a new animation when the app started,
and the number of daily visitors in this experiment
stabilized at +1.2\% with a 95\% confidence interval
of (-0.2\%, +2.6\%).
This means if this new app start animation was launched,
the team thinks they might lose as many as 0.2\% of daily
visitors or gain as many as 2.6\% more daily visitors.
Suppose you are consulting as the team's data scientist,
and after discussing with the team,
you and they agree that they should run
another experiment that is bigger.
You also agree that this new experiment
should be able to detect a gain in the daily visitors
metric of 1.0\% or more with 80\% power.
Now they turn to you and ask,
``How big of an experiment do we need to run
to ensure we can detect this effect?''
\begin{parts}
\item\label{tech_exp_resizing_target_se}
    How small must the standard error be if
    the team is to be able to detect an effect
    of 1.0\% with 80\% power and a significance
    level of $\alpha = 0.05$?
    You may safely assume the percent change in
    daily visitors metric follows a normal distribution.
\item\label{tech_exp_resizing_original_se}
    Consider the first experiment, where
    the point estimate was +1.2\% and the
    95\% confidence interval was (-0.2\%, +2.6\%).
    If that point estimate followed a normal
    distribution, what was the standard error
    of the estimate?
\item\label{tech_exp_resizing_ratio}
    The ratio of the standard error from
    part~(\ref{tech_exp_resizing_target_se})
    vs the standard error from
    part~(\ref{tech_exp_resizing_original_se})
    should be~1.97.
    How much bigger of an experiment is needed
    to shrink a standard error by a factor of~1.97?
\item
    Using your answer from
    part~(\ref{tech_exp_resizing_ratio})
    and that the original experiment was
    a 1\% vs 1\% experiment to recommend
    an experiment size to the team.
\end{parts}"
ch_inference_for_means_54_1,OpenIntro Statistics,ch_inference_for_means,54,8,1,Torque on a rusty bolt,anova,"Project Farm is a YouTube channel that routinely
compares different products.
In one episode, the channel evaluated different
options for loosening rusty
bolts.[source: youtube:torque_on_rusty_bolt]
Eight options were evaluated,
including a control group where no treatment was given
(``none'' in the graph),
to determine which was most effective.
For all treatments, there were four bolts tested,
except for a treatment of heat with a blow torch,
where only two data points were collected.
The results are shown in the figure below:

0.8ch_inference_for_means/figures/eoce/torque_on_rusty_bolt/torque_on_rusty_bolt_dot_plot",Do you think it is reasonable to apply ANOVA in this case?,"Torque on a rusty bolt

Project Farm is a YouTube channel that routinely
compares different products.
In one episode, the channel evaluated different
options for loosening rusty
bolts.[source: youtube:torque_on_rusty_bolt]
Eight options were evaluated,
including a control group where no treatment was given
(``none'' in the graph),
to determine which was most effective.
For all treatments, there were four bolts tested,
except for a treatment of heat with a blow torch,
where only two data points were collected.
The results are shown in the figure below:

0.8ch_inference_for_means/figures/eoce/torque_on_rusty_bolt/torque_on_rusty_bolt_dot_plot

Do you think it is reasonable to apply ANOVA in this case?","\qt{Torque on a rusty bolt\label{torque_on_rusty_bolt}}
Project Farm is a YouTube channel that routinely
compares different products.
In one episode, the channel evaluated different
options for loosening rusty
bolts.\footfullcite{youtube:torque_on_rusty_bolt}
Eight options were evaluated,
including a control group where no treatment was given
(``none'' in the graph),
to determine which was most effective.
For all treatments, there were four bolts tested,
except for a treatment of heat with a blow torch,
where only two data points were collected.
The results are shown in the figure below:
\begin{center}
\FigureFullPath[A side-by-side dot plot is shown for ""Torque required to loosen a rusty bolt, in foot-pounds"". There are only 2 to 4 observations per option, which are roughly as follows: Heat (82, 98), WD-40 (106, 118, 129, 131), Royal Purple (108, 114, 122, 132), PB Blaster (110, 124, 127, 128), Liquid Wrench (85, 88, 98, 114), AeroKroil (107, 125, 132, 134), Acetone/ATF (105, 107, 114, 129), and ""none"" (110, 123, 129, 142).)]{0.8}{ch_inference_for_means/figures/eoce/torque_on_rusty_bolt/torque_on_rusty_bolt_dot_plot}
\end{center}
\begin{parts}
\item\label{torque_on_rusty_bolt_appropriate}
    Do you think it is reasonable to apply ANOVA in this case?
\item
    Regardless of your answer in
    part~(\ref{torque_on_rusty_bolt_appropriate}),
    describe hypotheses for ANOVA in this context,
    and use the table below to carry out the test.
    Give your conclusion in the context of the data.
    \begin{center}
    \begin{tabular}{lrrrrr}
    \hline
    & Df & Sum Sq & Mean Sq & F value & Pr($>$F) \\ 
    \hline
    treatment & 7 & 3603.43 & 514.78 & 4.03 & 0.0056 \\ 
    Residuals & 22 & 2812.80 & 127.85 &  &  \\ 
    \hline
    \end{tabular}
    \end{center}
\item\label{torque_on_rusty_bolt_pvalues}
    The table below are p-values for pairwise $t$-tests
    comparing each of the different groups.
    These p-values have not been corrected for multiple
    comparisons.
    Which pair of groups appears most likely to represent
    a difference?
    \begin{center}\footnotesize
    \begin{tabular}{l ccc ccc c}
    \hline
    & AeroKroil & Heat & Liquid Wrench & none &
        PB Blaster & Royal Purple & WD-40 \\ 
    \hline
    Acetone/ATF & 0.2026 & 0.0308 & 0.0476 & 0.1542 &
        0.3294 & 0.5222 & 0.3744 \\ 
    AeroKroil &  & 0.0027 & 0.0025 & 0.8723 & 0.7551 &
        0.5143 & 0.6883 \\ 
    Heat &  &  & 0.5580 & 0.0020 & 0.0050 & 0.0096 &
        0.0059 \\ 
    Liquid Wrench &  &  &  & 0.0017 & 0.0053 &
        0.0117 & 0.0065 \\ 
    none &  &  &  &  & 0.6371 & 0.4180 & 0.5751 \\ 
    PB Blaster &  &  &  &  &  & 0.7318 & 0.9286 \\ 
    Royal Purple &  &  &  &  &  &  & 0.8000 \\
    \hline
    \end{tabular}
    \end{center}
\item
    There are 28 p-values shown in the table in
    part~(\ref{torque_on_rusty_bolt_pvalues}).
    Determine if any of them are statistically
    significant after correcting for multiple
    comparisons.
    If so, which one(s)?
    Explain your answer.
\end{parts}"
ch_inference_for_means_54_2,OpenIntro Statistics,ch_inference_for_means,54,8,2,Torque on a rusty bolt,regression,"Project Farm is a YouTube channel that routinely
compares different products.
In one episode, the channel evaluated different
options for loosening rusty
bolts.[source: youtube:torque_on_rusty_bolt]
Eight options were evaluated,
including a control group where no treatment was given
(``none'' in the graph),
to determine which was most effective.
For all treatments, there were four bolts tested,
except for a treatment of heat with a blow torch,
where only two data points were collected.
The results are shown in the figure below:

0.8ch_inference_for_means/figures/eoce/torque_on_rusty_bolt/torque_on_rusty_bolt_dot_plot","Regardless of your answer in
 part~([ref: torque_on_rusty_bolt_appropriate]),
 describe hypotheses for ANOVA in this context,
 and use the table below to carry out the test.
 Give your conclusion in the context of the data.

Table:
| Df | Sum Sq | Mean Sq | F value | Pr($>$F) | |
| --- | --- | --- | --- | --- | --- |
| treatment | 7 | 3603.43 | 514.78 | 4.03 | 0.0056 |
| Residuals | 22 | 2812.80 | 127.85 | | |","Torque on a rusty bolt

Project Farm is a YouTube channel that routinely
compares different products.
In one episode, the channel evaluated different
options for loosening rusty
bolts.[source: youtube:torque_on_rusty_bolt]
Eight options were evaluated,
including a control group where no treatment was given
(``none'' in the graph),
to determine which was most effective.
For all treatments, there were four bolts tested,
except for a treatment of heat with a blow torch,
where only two data points were collected.
The results are shown in the figure below:

0.8ch_inference_for_means/figures/eoce/torque_on_rusty_bolt/torque_on_rusty_bolt_dot_plot

Regardless of your answer in
 part~([ref: torque_on_rusty_bolt_appropriate]),
 describe hypotheses for ANOVA in this context,
 and use the table below to carry out the test.
 Give your conclusion in the context of the data.

Table:
| Df | Sum Sq | Mean Sq | F value | Pr($>$F) | |
| --- | --- | --- | --- | --- | --- |
| treatment | 7 | 3603.43 | 514.78 | 4.03 | 0.0056 |
| Residuals | 22 | 2812.80 | 127.85 | | |","\qt{Torque on a rusty bolt\label{torque_on_rusty_bolt}}
Project Farm is a YouTube channel that routinely
compares different products.
In one episode, the channel evaluated different
options for loosening rusty
bolts.\footfullcite{youtube:torque_on_rusty_bolt}
Eight options were evaluated,
including a control group where no treatment was given
(``none'' in the graph),
to determine which was most effective.
For all treatments, there were four bolts tested,
except for a treatment of heat with a blow torch,
where only two data points were collected.
The results are shown in the figure below:
\begin{center}
\FigureFullPath[A side-by-side dot plot is shown for ""Torque required to loosen a rusty bolt, in foot-pounds"". There are only 2 to 4 observations per option, which are roughly as follows: Heat (82, 98), WD-40 (106, 118, 129, 131), Royal Purple (108, 114, 122, 132), PB Blaster (110, 124, 127, 128), Liquid Wrench (85, 88, 98, 114), AeroKroil (107, 125, 132, 134), Acetone/ATF (105, 107, 114, 129), and ""none"" (110, 123, 129, 142).)]{0.8}{ch_inference_for_means/figures/eoce/torque_on_rusty_bolt/torque_on_rusty_bolt_dot_plot}
\end{center}
\begin{parts}
\item\label{torque_on_rusty_bolt_appropriate}
    Do you think it is reasonable to apply ANOVA in this case?
\item
    Regardless of your answer in
    part~(\ref{torque_on_rusty_bolt_appropriate}),
    describe hypotheses for ANOVA in this context,
    and use the table below to carry out the test.
    Give your conclusion in the context of the data.
    \begin{center}
    \begin{tabular}{lrrrrr}
    \hline
    & Df & Sum Sq & Mean Sq & F value & Pr($>$F) \\ 
    \hline
    treatment & 7 & 3603.43 & 514.78 & 4.03 & 0.0056 \\ 
    Residuals & 22 & 2812.80 & 127.85 &  &  \\ 
    \hline
    \end{tabular}
    \end{center}
\item\label{torque_on_rusty_bolt_pvalues}
    The table below are p-values for pairwise $t$-tests
    comparing each of the different groups.
    These p-values have not been corrected for multiple
    comparisons.
    Which pair of groups appears most likely to represent
    a difference?
    \begin{center}\footnotesize
    \begin{tabular}{l ccc ccc c}
    \hline
    & AeroKroil & Heat & Liquid Wrench & none &
        PB Blaster & Royal Purple & WD-40 \\ 
    \hline
    Acetone/ATF & 0.2026 & 0.0308 & 0.0476 & 0.1542 &
        0.3294 & 0.5222 & 0.3744 \\ 
    AeroKroil &  & 0.0027 & 0.0025 & 0.8723 & 0.7551 &
        0.5143 & 0.6883 \\ 
    Heat &  &  & 0.5580 & 0.0020 & 0.0050 & 0.0096 &
        0.0059 \\ 
    Liquid Wrench &  &  &  & 0.0017 & 0.0053 &
        0.0117 & 0.0065 \\ 
    none &  &  &  &  & 0.6371 & 0.4180 & 0.5751 \\ 
    PB Blaster &  &  &  &  &  & 0.7318 & 0.9286 \\ 
    Royal Purple &  &  &  &  &  &  & 0.8000 \\
    \hline
    \end{tabular}
    \end{center}
\item
    There are 28 p-values shown in the table in
    part~(\ref{torque_on_rusty_bolt_pvalues}).
    Determine if any of them are statistically
    significant after correcting for multiple
    comparisons.
    If so, which one(s)?
    Explain your answer.
\end{parts}"
ch_inference_for_means_54_3,OpenIntro Statistics,ch_inference_for_means,54,8,3,Torque on a rusty bolt,hypothesis_testing,"Project Farm is a YouTube channel that routinely
compares different products.
In one episode, the channel evaluated different
options for loosening rusty
bolts.[source: youtube:torque_on_rusty_bolt]
Eight options were evaluated,
including a control group where no treatment was given
(``none'' in the graph),
to determine which was most effective.
For all treatments, there were four bolts tested,
except for a treatment of heat with a blow torch,
where only two data points were collected.
The results are shown in the figure below:

0.8ch_inference_for_means/figures/eoce/torque_on_rusty_bolt/torque_on_rusty_bolt_dot_plot","The table below are p-values for pairwise $t$-tests
 comparing each of the different groups.
 These p-values have not been corrected for multiple
 comparisons.
 Which pair of groups appears most likely to represent
 a difference?

Table:
| AeroKroil | Heat | Liquid Wrench | none | PB Blaster | Royal Purple | WD-40 | |
| --- | --- | --- | --- | --- | --- | --- | --- |
| Acetone/ATF | 0.2026 | 0.0308 | 0.0476 | 0.1542 | 0.3294 | 0.5222 | 0.3744 |
| AeroKroil | 0.0027 | 0.0025 | 0.8723 | 0.7551 | 0.5143 | 0.6883 | |
| Heat | 0.5580 | 0.0020 | 0.0050 | 0.0096 | 0.0059 | | |
| Liquid Wrench | 0.0017 | 0.0053 | 0.0117 | 0.0065 | | | |
| none | 0.6371 | 0.4180 | 0.5751 | | | | |
| PB Blaster | 0.7318 | 0.9286 | | | | | |
| Royal Purple | 0.8000 | | | | | | |","Torque on a rusty bolt

Project Farm is a YouTube channel that routinely
compares different products.
In one episode, the channel evaluated different
options for loosening rusty
bolts.[source: youtube:torque_on_rusty_bolt]
Eight options were evaluated,
including a control group where no treatment was given
(``none'' in the graph),
to determine which was most effective.
For all treatments, there were four bolts tested,
except for a treatment of heat with a blow torch,
where only two data points were collected.
The results are shown in the figure below:

0.8ch_inference_for_means/figures/eoce/torque_on_rusty_bolt/torque_on_rusty_bolt_dot_plot

The table below are p-values for pairwise $t$-tests
 comparing each of the different groups.
 These p-values have not been corrected for multiple
 comparisons.
 Which pair of groups appears most likely to represent
 a difference?

Table:
| AeroKroil | Heat | Liquid Wrench | none | PB Blaster | Royal Purple | WD-40 | |
| --- | --- | --- | --- | --- | --- | --- | --- |
| Acetone/ATF | 0.2026 | 0.0308 | 0.0476 | 0.1542 | 0.3294 | 0.5222 | 0.3744 |
| AeroKroil | 0.0027 | 0.0025 | 0.8723 | 0.7551 | 0.5143 | 0.6883 | |
| Heat | 0.5580 | 0.0020 | 0.0050 | 0.0096 | 0.0059 | | |
| Liquid Wrench | 0.0017 | 0.0053 | 0.0117 | 0.0065 | | | |
| none | 0.6371 | 0.4180 | 0.5751 | | | | |
| PB Blaster | 0.7318 | 0.9286 | | | | | |
| Royal Purple | 0.8000 | | | | | | |","\qt{Torque on a rusty bolt\label{torque_on_rusty_bolt}}
Project Farm is a YouTube channel that routinely
compares different products.
In one episode, the channel evaluated different
options for loosening rusty
bolts.\footfullcite{youtube:torque_on_rusty_bolt}
Eight options were evaluated,
including a control group where no treatment was given
(``none'' in the graph),
to determine which was most effective.
For all treatments, there were four bolts tested,
except for a treatment of heat with a blow torch,
where only two data points were collected.
The results are shown in the figure below:
\begin{center}
\FigureFullPath[A side-by-side dot plot is shown for ""Torque required to loosen a rusty bolt, in foot-pounds"". There are only 2 to 4 observations per option, which are roughly as follows: Heat (82, 98), WD-40 (106, 118, 129, 131), Royal Purple (108, 114, 122, 132), PB Blaster (110, 124, 127, 128), Liquid Wrench (85, 88, 98, 114), AeroKroil (107, 125, 132, 134), Acetone/ATF (105, 107, 114, 129), and ""none"" (110, 123, 129, 142).)]{0.8}{ch_inference_for_means/figures/eoce/torque_on_rusty_bolt/torque_on_rusty_bolt_dot_plot}
\end{center}
\begin{parts}
\item\label{torque_on_rusty_bolt_appropriate}
    Do you think it is reasonable to apply ANOVA in this case?
\item
    Regardless of your answer in
    part~(\ref{torque_on_rusty_bolt_appropriate}),
    describe hypotheses for ANOVA in this context,
    and use the table below to carry out the test.
    Give your conclusion in the context of the data.
    \begin{center}
    \begin{tabular}{lrrrrr}
    \hline
    & Df & Sum Sq & Mean Sq & F value & Pr($>$F) \\ 
    \hline
    treatment & 7 & 3603.43 & 514.78 & 4.03 & 0.0056 \\ 
    Residuals & 22 & 2812.80 & 127.85 &  &  \\ 
    \hline
    \end{tabular}
    \end{center}
\item\label{torque_on_rusty_bolt_pvalues}
    The table below are p-values for pairwise $t$-tests
    comparing each of the different groups.
    These p-values have not been corrected for multiple
    comparisons.
    Which pair of groups appears most likely to represent
    a difference?
    \begin{center}\footnotesize
    \begin{tabular}{l ccc ccc c}
    \hline
    & AeroKroil & Heat & Liquid Wrench & none &
        PB Blaster & Royal Purple & WD-40 \\ 
    \hline
    Acetone/ATF & 0.2026 & 0.0308 & 0.0476 & 0.1542 &
        0.3294 & 0.5222 & 0.3744 \\ 
    AeroKroil &  & 0.0027 & 0.0025 & 0.8723 & 0.7551 &
        0.5143 & 0.6883 \\ 
    Heat &  &  & 0.5580 & 0.0020 & 0.0050 & 0.0096 &
        0.0059 \\ 
    Liquid Wrench &  &  &  & 0.0017 & 0.0053 &
        0.0117 & 0.0065 \\ 
    none &  &  &  &  & 0.6371 & 0.4180 & 0.5751 \\ 
    PB Blaster &  &  &  &  &  & 0.7318 & 0.9286 \\ 
    Royal Purple &  &  &  &  &  &  & 0.8000 \\
    \hline
    \end{tabular}
    \end{center}
\item
    There are 28 p-values shown in the table in
    part~(\ref{torque_on_rusty_bolt_pvalues}).
    Determine if any of them are statistically
    significant after correcting for multiple
    comparisons.
    If so, which one(s)?
    Explain your answer.
\end{parts}"
ch_inference_for_means_54_4,OpenIntro Statistics,ch_inference_for_means,54,8,4,Torque on a rusty bolt,hypothesis_testing,"Project Farm is a YouTube channel that routinely
compares different products.
In one episode, the channel evaluated different
options for loosening rusty
bolts.[source: youtube:torque_on_rusty_bolt]
Eight options were evaluated,
including a control group where no treatment was given
(``none'' in the graph),
to determine which was most effective.
For all treatments, there were four bolts tested,
except for a treatment of heat with a blow torch,
where only two data points were collected.
The results are shown in the figure below:

0.8ch_inference_for_means/figures/eoce/torque_on_rusty_bolt/torque_on_rusty_bolt_dot_plot","There are 28 p-values shown in the table in
 part~([ref: torque_on_rusty_bolt_pvalues]).
 Determine if any of them are statistically
 significant after correcting for multiple
 comparisons.
 If so, which one(s)?
 Explain your answer.","Torque on a rusty bolt

Project Farm is a YouTube channel that routinely
compares different products.
In one episode, the channel evaluated different
options for loosening rusty
bolts.[source: youtube:torque_on_rusty_bolt]
Eight options were evaluated,
including a control group where no treatment was given
(``none'' in the graph),
to determine which was most effective.
For all treatments, there were four bolts tested,
except for a treatment of heat with a blow torch,
where only two data points were collected.
The results are shown in the figure below:

0.8ch_inference_for_means/figures/eoce/torque_on_rusty_bolt/torque_on_rusty_bolt_dot_plot

There are 28 p-values shown in the table in
 part~([ref: torque_on_rusty_bolt_pvalues]).
 Determine if any of them are statistically
 significant after correcting for multiple
 comparisons.
 If so, which one(s)?
 Explain your answer.","\qt{Torque on a rusty bolt\label{torque_on_rusty_bolt}}
Project Farm is a YouTube channel that routinely
compares different products.
In one episode, the channel evaluated different
options for loosening rusty
bolts.\footfullcite{youtube:torque_on_rusty_bolt}
Eight options were evaluated,
including a control group where no treatment was given
(``none'' in the graph),
to determine which was most effective.
For all treatments, there were four bolts tested,
except for a treatment of heat with a blow torch,
where only two data points were collected.
The results are shown in the figure below:
\begin{center}
\FigureFullPath[A side-by-side dot plot is shown for ""Torque required to loosen a rusty bolt, in foot-pounds"". There are only 2 to 4 observations per option, which are roughly as follows: Heat (82, 98), WD-40 (106, 118, 129, 131), Royal Purple (108, 114, 122, 132), PB Blaster (110, 124, 127, 128), Liquid Wrench (85, 88, 98, 114), AeroKroil (107, 125, 132, 134), Acetone/ATF (105, 107, 114, 129), and ""none"" (110, 123, 129, 142).)]{0.8}{ch_inference_for_means/figures/eoce/torque_on_rusty_bolt/torque_on_rusty_bolt_dot_plot}
\end{center}
\begin{parts}
\item\label{torque_on_rusty_bolt_appropriate}
    Do you think it is reasonable to apply ANOVA in this case?
\item
    Regardless of your answer in
    part~(\ref{torque_on_rusty_bolt_appropriate}),
    describe hypotheses for ANOVA in this context,
    and use the table below to carry out the test.
    Give your conclusion in the context of the data.
    \begin{center}
    \begin{tabular}{lrrrrr}
    \hline
    & Df & Sum Sq & Mean Sq & F value & Pr($>$F) \\ 
    \hline
    treatment & 7 & 3603.43 & 514.78 & 4.03 & 0.0056 \\ 
    Residuals & 22 & 2812.80 & 127.85 &  &  \\ 
    \hline
    \end{tabular}
    \end{center}
\item\label{torque_on_rusty_bolt_pvalues}
    The table below are p-values for pairwise $t$-tests
    comparing each of the different groups.
    These p-values have not been corrected for multiple
    comparisons.
    Which pair of groups appears most likely to represent
    a difference?
    \begin{center}\footnotesize
    \begin{tabular}{l ccc ccc c}
    \hline
    & AeroKroil & Heat & Liquid Wrench & none &
        PB Blaster & Royal Purple & WD-40 \\ 
    \hline
    Acetone/ATF & 0.2026 & 0.0308 & 0.0476 & 0.1542 &
        0.3294 & 0.5222 & 0.3744 \\ 
    AeroKroil &  & 0.0027 & 0.0025 & 0.8723 & 0.7551 &
        0.5143 & 0.6883 \\ 
    Heat &  &  & 0.5580 & 0.0020 & 0.0050 & 0.0096 &
        0.0059 \\ 
    Liquid Wrench &  &  &  & 0.0017 & 0.0053 &
        0.0117 & 0.0065 \\ 
    none &  &  &  &  & 0.6371 & 0.4180 & 0.5751 \\ 
    PB Blaster &  &  &  &  &  & 0.7318 & 0.9286 \\ 
    Royal Purple &  &  &  &  &  &  & 0.8000 \\
    \hline
    \end{tabular}
    \end{center}
\item
    There are 28 p-values shown in the table in
    part~(\ref{torque_on_rusty_bolt_pvalues}).
    Determine if any of them are statistically
    significant after correcting for multiple
    comparisons.
    If so, which one(s)?
    Explain your answer.
\end{parts}"
ch_inference_for_means_55,OpenIntro Statistics,ch_inference_for_means,55,9,,Exclusive relationships,confidence_interval,"A survey conducted 
on a reasonably random sample of 203 undergraduates asked, among many other 
questions, about the number of exclusive relationships these students have been 
in. The histogram below shows the distribution of the data from this sample. 
The sample average is 3.2 with a standard deviation of 1.97.

0.6ch_inference_for_means/figures/eoce/exclusive_relationships/exclusive_relationships_rel_hist

Estimate the average number of exclusive relationships Duke students have been 
in using a 90% confidence interval and interpret this interval in context. 
Check any conditions required for inference, and note any assumptions you must 
make as you proceed with your calculations and conclusions.",,"Exclusive relationships

A survey conducted 
on a reasonably random sample of 203 undergraduates asked, among many other 
questions, about the number of exclusive relationships these students have been 
in. The histogram below shows the distribution of the data from this sample. 
The sample average is 3.2 with a standard deviation of 1.97.

0.6ch_inference_for_means/figures/eoce/exclusive_relationships/exclusive_relationships_rel_hist

Estimate the average number of exclusive relationships Duke students have been 
in using a 90% confidence interval and interpret this interval in context. 
Check any conditions required for inference, and note any assumptions you must 
make as you proceed with your calculations and conclusions.","\qt{Exclusive relationships\label{exclusive_relationships}} A survey conducted 
on a reasonably random sample of 203 undergraduates asked, among many other 
questions, about the number of exclusive relationships these students have been 
in. The histogram below shows the distribution of the data from this sample. 
The sample average is 3.2 with a standard deviation of 1.97.
\begin{center}
\FigureFullPath[A histogram is shown for ""Number of exclusive relationships"". The distribution has a peak between 1 and 2 of about 101, a substantial dip for the 2 to 3 bin at a value of about 2, and the 3 to 4 bin is about 50, 4 to 5 bin a value of about 25, and the data continues to taper off with a maximum value of ""10"" shown.]{0.6}{ch_inference_for_means/figures/eoce/exclusive_relationships/exclusive_relationships_rel_hist}
\end{center}
Estimate the average number of exclusive relationships Duke students have been 
in using a 90\% confidence interval and interpret this interval in context. 
Check any conditions required for inference, and note any assumptions you must 
make as you proceed with your calculations and conclusions."
ch_inference_for_means_56,OpenIntro Statistics,ch_inference_for_means,56,10,,"Age at first marriage, Part I",distribution,"The National Survey of Family Growth conducted by the Centers for Disease 
Control gathers information on family life, marriage and divorce, pregnancy, 
infertility, use of contraception, and men's and women's health. One of the 
variables collected on this survey is the age at first marriage. The histogram 
below shows the distribution of ages at first marriage of 5,534 randomly sampled 
women between 2006 and 2010. The average age at first marriage among these women 
is 23.44 with a standard deviation of 4.72.[source: data:nsfg:2010]

0.6ch_inference_for_means/figures/eoce/age_at_first_marriage_intro/age_at_first_marriage_intro_hist

Estimate the average age at first marriage of women using a 95% confidence 
interval, and interpret this interval in context. Discuss any relevant 
assumptions.",,"Age at first marriage, Part I

The National Survey of Family Growth conducted by the Centers for Disease 
Control gathers information on family life, marriage and divorce, pregnancy, 
infertility, use of contraception, and men's and women's health. One of the 
variables collected on this survey is the age at first marriage. The histogram 
below shows the distribution of ages at first marriage of 5,534 randomly sampled 
women between 2006 and 2010. The average age at first marriage among these women 
is 23.44 with a standard deviation of 4.72.[source: data:nsfg:2010]

0.6ch_inference_for_means/figures/eoce/age_at_first_marriage_intro/age_at_first_marriage_intro_hist

Estimate the average age at first marriage of women using a 95% confidence 
interval, and interpret this interval in context. Discuss any relevant 
assumptions.","\qt{Age at first marriage, Part I\label{age_at_first_marriage_intro}} 
The National Survey of Family Growth conducted by the Centers for Disease 
Control gathers information on family life, marriage and divorce, pregnancy, 
infertility, use of contraception, and men's and women's health. One of the 
variables collected on this survey is the age at first marriage. The histogram 
below shows the distribution of ages at first marriage of 5,534 randomly sampled 
women between 2006 and 2010. The average age at first marriage among these women 
is 23.44 with a standard deviation of 4.72.\footfullcite{data:nsfg:2010}
\begin{center}
\FigureFullPath[A histogram is shown for ""Age at first marriage"". The distribution is right-skewed, centered at about 23, has a standard deviation of about 5. The data smoothly tapers off in each direction but do not extend below about 12 or above 45.]{0.6}{ch_inference_for_means/figures/eoce/age_at_first_marriage_intro/age_at_first_marriage_intro_hist}
\end{center}
Estimate the average age at first marriage of women using a 95\% confidence 
interval, and interpret this interval in context. Discuss any relevant 
assumptions."
ch_inference_for_means_57,OpenIntro Statistics,ch_inference_for_means,57,11,,Online communication,hypothesis_testing,"A study suggests that the 
average college student spends 10 hours per week communicating with others 
online. You believe that this is an underestimate and decide to collect your 
own sample for a hypothesis test. You randomly sample 60 students from your 
dorm and find that on average they spent 13.5 hours a week communicating with 
others online. A friend of yours, who offers to help you with the hypothesis 
test, comes up with the following set of hypotheses. Indicate any errors you see.
align*
H_0 | : x < 10~hours 

H_A | : x > 13.5~hours
align*",,"Online communication

A study suggests that the 
average college student spends 10 hours per week communicating with others 
online. You believe that this is an underestimate and decide to collect your 
own sample for a hypothesis test. You randomly sample 60 students from your 
dorm and find that on average they spent 13.5 hours a week communicating with 
others online. A friend of yours, who offers to help you with the hypothesis 
test, comes up with the following set of hypotheses. Indicate any errors you see.
align*
H_0 | : x < 10~hours 

H_A | : x > 13.5~hours
align*","\qt{Online communication\label{online_communication}} A study suggests that the 
average college student spends 10 hours per week communicating with others 
online. You believe that this is an underestimate and decide to collect your 
own sample for a hypothesis test. You randomly sample 60 students from your 
dorm and find that on average they spent 13.5 hours a week communicating with 
others online. A friend of yours, who offers to help you with the hypothesis 
test, comes up with the following set of hypotheses. Indicate any errors you see.
\begin{align*}
H_0&: \bar{x} < 10~hours \\
H_A&: \bar{x} > 13.5~hours
\end{align*}"
ch_inference_for_means_58,OpenIntro Statistics,ch_inference_for_means,58,12,,"Age at first marriage, Part II",mean_variance,"Exercise~[ref: age_at_first_marriage_intro] presents the results 
of a 2006 - 2010 survey showing that the average age of women at first marriage 
is 23.44.
Suppose a social scientist thinks this value has changed 
since the survey was taken.
Below is how she set up her hypotheses.
Indicate any errors you see.
align*
H_0 | : x 23.44~years~old 

H_A | : x = 23.44~years~old
align*",,"Age at first marriage, Part II

Exercise~[ref: age_at_first_marriage_intro] presents the results 
of a 2006 - 2010 survey showing that the average age of women at first marriage 
is 23.44.
Suppose a social scientist thinks this value has changed 
since the survey was taken.
Below is how she set up her hypotheses.
Indicate any errors you see.
align*
H_0 | : x 23.44~years~old 

H_A | : x = 23.44~years~old
align*","\qt{Age at first marriage, Part II\label{age_at_first_marriage_hyp_errors}} Exercise~\ref{age_at_first_marriage_intro} presents the results 
of a 2006 - 2010 survey showing that the average age of women at first marriage 
is 23.44.
Suppose a social scientist thinks this value has changed 
since the survey was taken.
Below is how she set up her hypotheses.
Indicate any errors you see.
\begin{align*}
H_0&: \bar{x} \neq 23.44~years~old \\
H_A&: \bar{x} = 23.44~years~old
\end{align*}"
ch_inference_for_props_39,OpenIntro Statistics,ch_inference_for_props,39,1,,Active learning,unknown,"A teacher wanting to 
increase the active learning component of her course is concerned about 
student reactions to changes she is planning to make. She conducts a survey 
in her class, asking students whether they believe more active learning in 
the classroom (hands on exercises) instead of traditional lecture will helps 
improve their learning. She does this at the beginning and end of the 
semester and wants to evaluate whether students' opinions have changed over 
the semester. Can she used the methods we learned in this chapter for this 
analysis? Explain your reasoning.",,"Active learning

A teacher wanting to 
increase the active learning component of her course is concerned about 
student reactions to changes she is planning to make. She conducts a survey 
in her class, asking students whether they believe more active learning in 
the classroom (hands on exercises) instead of traditional lecture will helps 
improve their learning. She does this at the beginning and end of the 
semester and wants to evaluate whether students' opinions have changed over 
the semester. Can she used the methods we learned in this chapter for this 
analysis? Explain your reasoning.","\qt{Active learning\label{active_learning_HT_concept}} A teacher wanting to 
increase the active learning component of her course is concerned about 
student reactions to changes she is planning to make. She conducts a survey 
in her class, asking students whether they believe more active learning in 
the classroom (hands on exercises) instead of traditional lecture will helps 
improve their learning. She does this at the beginning and end of the 
semester and wants to evaluate whether students' opinions have changed over 
the semester. Can she used the methods we learned in this chapter for this 
analysis? Explain your reasoning."
ch_inference_for_props_40_1,OpenIntro Statistics,ch_inference_for_props,40,2,1,Website experiment,unknown,"The OpenIntro website occasionally experiments with design
and link placement.
We conducted one experiment testing three different placements
of a download link for this textbook on the book's main page
to see which location, if any, led to the most downloads.
The number of site visitors included in the experiment
was~701 and is captured in one of the response combinations
in the following table:

Table:
| Download | No Download | |
| --- | --- | --- |
| Position 1 | 13.8
| Position 2 | 14.6
| Position 3 | 12.1","Calculate the actual number of site visitors in each
 of the six response categories.","Website experiment

The OpenIntro website occasionally experiments with design
and link placement.
We conducted one experiment testing three different placements
of a download link for this textbook on the book's main page
to see which location, if any, led to the most downloads.
The number of site visitors included in the experiment
was~701 and is captured in one of the response combinations
in the following table:

Table:
| Download | No Download | |
| --- | --- | --- |
| Position 1 | 13.8
| Position 2 | 14.6
| Position 3 | 12.1

Calculate the actual number of site visitors in each
 of the six response categories.","\qt{Website experiment\label{web_ctr_exp_chisq}}
The OpenIntro website occasionally experiments with design
and link placement.
We conducted one experiment testing three different placements
of a download link for this textbook on the book's main page
to see which location, if any, led to the most downloads.
The number of site visitors included in the experiment
was~701 and is captured in one of the response combinations
in the following table:
\begin{center}
\begin{tabular}{r cc}
  \hline
            & Download & No Download \\ 
  \hline
Position 1  & 13.8\%   & 18.3\% \\ 
Position 2  & 14.6\%   & 18.5\% \\ 
Position 3  & 12.1\%   & 22.7\% \\ 
  \hline
\end{tabular}
\end{center}
% x <- matrix(c(97, 102, 85, 128, 130, 159), 3, 2)
\begin{parts}
\item
    Calculate the actual number of site visitors in each
    of the six response categories.
\item
    Each individual in the experiment had an equal chance of
    being in any of the three experiment groups.
    However, we see that there are slightly different
    totals for the groups.
    Is there any evidence that the groups were actually imbalanced?
    Make sure to clearly state hypotheses, check conditions,
    calculate the appropriate test statistic and the p-value,
    and make your conclusion in context of the data.
\item
   Complete an appropriate hypothesis test to check whether
   there is evidence that there is a higher rate of site visitors
   clicking on the textbook link in any of the three groups.
\end{parts}"
ch_inference_for_props_40_2,OpenIntro Statistics,ch_inference_for_props,40,2,2,Website experiment,hypothesis_testing,"The OpenIntro website occasionally experiments with design
and link placement.
We conducted one experiment testing three different placements
of a download link for this textbook on the book's main page
to see which location, if any, led to the most downloads.
The number of site visitors included in the experiment
was~701 and is captured in one of the response combinations
in the following table:

Table:
| Download | No Download | |
| --- | --- | --- |
| Position 1 | 13.8
| Position 2 | 14.6
| Position 3 | 12.1","Each individual in the experiment had an equal chance of
 being in any of the three experiment groups.
 However, we see that there are slightly different
 totals for the groups.
 Is there any evidence that the groups were actually imbalanced?
 Make sure to clearly state hypotheses, check conditions,
 calculate the appropriate test statistic and the p-value,
 and make your conclusion in context of the data.","Website experiment

The OpenIntro website occasionally experiments with design
and link placement.
We conducted one experiment testing three different placements
of a download link for this textbook on the book's main page
to see which location, if any, led to the most downloads.
The number of site visitors included in the experiment
was~701 and is captured in one of the response combinations
in the following table:

Table:
| Download | No Download | |
| --- | --- | --- |
| Position 1 | 13.8
| Position 2 | 14.6
| Position 3 | 12.1

Each individual in the experiment had an equal chance of
 being in any of the three experiment groups.
 However, we see that there are slightly different
 totals for the groups.
 Is there any evidence that the groups were actually imbalanced?
 Make sure to clearly state hypotheses, check conditions,
 calculate the appropriate test statistic and the p-value,
 and make your conclusion in context of the data.","\qt{Website experiment\label{web_ctr_exp_chisq}}
The OpenIntro website occasionally experiments with design
and link placement.
We conducted one experiment testing three different placements
of a download link for this textbook on the book's main page
to see which location, if any, led to the most downloads.
The number of site visitors included in the experiment
was~701 and is captured in one of the response combinations
in the following table:
\begin{center}
\begin{tabular}{r cc}
  \hline
            & Download & No Download \\ 
  \hline
Position 1  & 13.8\%   & 18.3\% \\ 
Position 2  & 14.6\%   & 18.5\% \\ 
Position 3  & 12.1\%   & 22.7\% \\ 
  \hline
\end{tabular}
\end{center}
% x <- matrix(c(97, 102, 85, 128, 130, 159), 3, 2)
\begin{parts}
\item
    Calculate the actual number of site visitors in each
    of the six response categories.
\item
    Each individual in the experiment had an equal chance of
    being in any of the three experiment groups.
    However, we see that there are slightly different
    totals for the groups.
    Is there any evidence that the groups were actually imbalanced?
    Make sure to clearly state hypotheses, check conditions,
    calculate the appropriate test statistic and the p-value,
    and make your conclusion in context of the data.
\item
   Complete an appropriate hypothesis test to check whether
   there is evidence that there is a higher rate of site visitors
   clicking on the textbook link in any of the three groups.
\end{parts}"
ch_inference_for_props_40_3,OpenIntro Statistics,ch_inference_for_props,40,2,3,Website experiment,hypothesis_testing,"The OpenIntro website occasionally experiments with design
and link placement.
We conducted one experiment testing three different placements
of a download link for this textbook on the book's main page
to see which location, if any, led to the most downloads.
The number of site visitors included in the experiment
was~701 and is captured in one of the response combinations
in the following table:

Table:
| Download | No Download | |
| --- | --- | --- |
| Position 1 | 13.8
| Position 2 | 14.6
| Position 3 | 12.1","Complete an appropriate hypothesis test to check whether
 there is evidence that there is a higher rate of site visitors
 clicking on the textbook link in any of the three groups.","Website experiment

The OpenIntro website occasionally experiments with design
and link placement.
We conducted one experiment testing three different placements
of a download link for this textbook on the book's main page
to see which location, if any, led to the most downloads.
The number of site visitors included in the experiment
was~701 and is captured in one of the response combinations
in the following table:

Table:
| Download | No Download | |
| --- | --- | --- |
| Position 1 | 13.8
| Position 2 | 14.6
| Position 3 | 12.1

Complete an appropriate hypothesis test to check whether
 there is evidence that there is a higher rate of site visitors
 clicking on the textbook link in any of the three groups.","\qt{Website experiment\label{web_ctr_exp_chisq}}
The OpenIntro website occasionally experiments with design
and link placement.
We conducted one experiment testing three different placements
of a download link for this textbook on the book's main page
to see which location, if any, led to the most downloads.
The number of site visitors included in the experiment
was~701 and is captured in one of the response combinations
in the following table:
\begin{center}
\begin{tabular}{r cc}
  \hline
            & Download & No Download \\ 
  \hline
Position 1  & 13.8\%   & 18.3\% \\ 
Position 2  & 14.6\%   & 18.5\% \\ 
Position 3  & 12.1\%   & 22.7\% \\ 
  \hline
\end{tabular}
\end{center}
% x <- matrix(c(97, 102, 85, 128, 130, 159), 3, 2)
\begin{parts}
\item
    Calculate the actual number of site visitors in each
    of the six response categories.
\item
    Each individual in the experiment had an equal chance of
    being in any of the three experiment groups.
    However, we see that there are slightly different
    totals for the groups.
    Is there any evidence that the groups were actually imbalanced?
    Make sure to clearly state hypotheses, check conditions,
    calculate the appropriate test statistic and the p-value,
    and make your conclusion in context of the data.
\item
   Complete an appropriate hypothesis test to check whether
   there is evidence that there is a higher rate of site visitors
   clicking on the textbook link in any of the three groups.
\end{parts}"
ch_inference_for_props_41_1,OpenIntro Statistics,ch_inference_for_props,41,3,1,Shipping holiday gifts,distribution,"A 
local news survey asked 500 randomly sampled Los Angeles residents 
which shipping carrier they prefer to use for shipping holiday gifts. 
The table below shows the distribution of responses by age group as 
well as the expected counts for each cell (shown in parentheses).

Table:
| 6c|Age | | | | | | | | |
| --- | --- | --- | --- | --- | --- | --- | --- | --- |
| 18-34 | 35-54 | 55+ | Total | | | | | |
| 5*Shipping Method | USPS | 72 | 81 | 97 | 102 | 76 | 62 | 245 |
| UPS | 52 | 53 | 76 | 68 | 34 | 41 | 162 | |
| FedEx | 31 | 21 | 24 | 27 | 9 | 16 | 64 | |
| Something else | 7 | 5 | 6 | 7 | 3 | 4 | 16 | |
| Not sure | 3 | 5 | 6 | 5 | 4 | 3 | 13 | |
| Total | 165 | 209 | 126 | 500 | | | | |","State the null and alternative hypotheses for testing for independence 
of age and preferred shipping method for holiday gifts among Los Angeles residents.","Shipping holiday gifts

A 
local news survey asked 500 randomly sampled Los Angeles residents 
which shipping carrier they prefer to use for shipping holiday gifts. 
The table below shows the distribution of responses by age group as 
well as the expected counts for each cell (shown in parentheses).

Table:
| 6c|Age | | | | | | | | |
| --- | --- | --- | --- | --- | --- | --- | --- | --- |
| 18-34 | 35-54 | 55+ | Total | | | | | |
| 5*Shipping Method | USPS | 72 | 81 | 97 | 102 | 76 | 62 | 245 |
| UPS | 52 | 53 | 76 | 68 | 34 | 41 | 162 | |
| FedEx | 31 | 21 | 24 | 27 | 9 | 16 | 64 | |
| Something else | 7 | 5 | 6 | 7 | 3 | 4 | 16 | |
| Not sure | 3 | 5 | 6 | 5 | 4 | 3 | 13 | |
| Total | 165 | 209 | 126 | 500 | | | | |

State the null and alternative hypotheses for testing for independence 
of age and preferred shipping method for holiday gifts among Los Angeles residents.","\qt{Shipping holiday gifts\label{ship_gifts_chisq_indep_conditions}} A 
local news survey asked 500 randomly sampled Los Angeles residents 
which shipping carrier they prefer to use for shipping holiday gifts. 
The table below shows the distribution of responses by age group as 
well as the expected counts for each cell (shown in parentheses).
\begin{center}
\begin{tabular}{l l | c c | c c | c c | c }
		&		& \multicolumn{6}{c|}{\textit{Age}}	&		\\
\cline{3-8}
		&		& \multicolumn{2}{c|}{18-34}		& \multicolumn{2}{c|}{35-54}	& \multicolumn{2}{c|}{55+}	& Total	\\
\cline{2-9}
\multirow{5}{*}{\textit{Shipping Method}}	& USPS		& 72	& \ec{81}	& 97	& \ec{102}	& 76 	& \ec{62}		& 245 \\
		& UPS		& 52	& \ec{53}	& 76	& \ec{68}	& 34	& \ec{41}		& 162 \\
		& FedEx		& 31	& \ec{21}	& 24	& \ec{27}	& 9	& \ec{16}		& 64 \\
		& Something else	& 7 & \ec{5}	& 6	& \ec{7}	& 3	& \ec{4}		& 16 \\
		& Not sure	& 3	& \ec{5}	& 6	& \ec{5}	& 4	& \ec{3}		& 13 \\
\cline{2-9}
		& Total		& \multicolumn{2}{c|}{165}		& \multicolumn{2}{c|}{209}		& \multicolumn{2}{c|}{126}		& 500
\end{tabular}
\end{center} 
\begin{parts}
\item State the null and alternative hypotheses for testing for independence 
of age and preferred shipping method for holiday gifts among Los Angeles residents.
\item Are the conditions for inference using a chi-square test satisfied?
\end{parts}"
ch_inference_for_props_41_2,OpenIntro Statistics,ch_inference_for_props,41,3,2,Shipping holiday gifts,distribution,"A 
local news survey asked 500 randomly sampled Los Angeles residents 
which shipping carrier they prefer to use for shipping holiday gifts. 
The table below shows the distribution of responses by age group as 
well as the expected counts for each cell (shown in parentheses).

Table:
| 6c|Age | | | | | | | | |
| --- | --- | --- | --- | --- | --- | --- | --- | --- |
| 18-34 | 35-54 | 55+ | Total | | | | | |
| 5*Shipping Method | USPS | 72 | 81 | 97 | 102 | 76 | 62 | 245 |
| UPS | 52 | 53 | 76 | 68 | 34 | 41 | 162 | |
| FedEx | 31 | 21 | 24 | 27 | 9 | 16 | 64 | |
| Something else | 7 | 5 | 6 | 7 | 3 | 4 | 16 | |
| Not sure | 3 | 5 | 6 | 5 | 4 | 3 | 13 | |
| Total | 165 | 209 | 126 | 500 | | | | |",Are the conditions for inference using a chi-square test satisfied?,"Shipping holiday gifts

A 
local news survey asked 500 randomly sampled Los Angeles residents 
which shipping carrier they prefer to use for shipping holiday gifts. 
The table below shows the distribution of responses by age group as 
well as the expected counts for each cell (shown in parentheses).

Table:
| 6c|Age | | | | | | | | |
| --- | --- | --- | --- | --- | --- | --- | --- | --- |
| 18-34 | 35-54 | 55+ | Total | | | | | |
| 5*Shipping Method | USPS | 72 | 81 | 97 | 102 | 76 | 62 | 245 |
| UPS | 52 | 53 | 76 | 68 | 34 | 41 | 162 | |
| FedEx | 31 | 21 | 24 | 27 | 9 | 16 | 64 | |
| Something else | 7 | 5 | 6 | 7 | 3 | 4 | 16 | |
| Not sure | 3 | 5 | 6 | 5 | 4 | 3 | 13 | |
| Total | 165 | 209 | 126 | 500 | | | | |

Are the conditions for inference using a chi-square test satisfied?","\qt{Shipping holiday gifts\label{ship_gifts_chisq_indep_conditions}} A 
local news survey asked 500 randomly sampled Los Angeles residents 
which shipping carrier they prefer to use for shipping holiday gifts. 
The table below shows the distribution of responses by age group as 
well as the expected counts for each cell (shown in parentheses).
\begin{center}
\begin{tabular}{l l | c c | c c | c c | c }
		&		& \multicolumn{6}{c|}{\textit{Age}}	&		\\
\cline{3-8}
		&		& \multicolumn{2}{c|}{18-34}		& \multicolumn{2}{c|}{35-54}	& \multicolumn{2}{c|}{55+}	& Total	\\
\cline{2-9}
\multirow{5}{*}{\textit{Shipping Method}}	& USPS		& 72	& \ec{81}	& 97	& \ec{102}	& 76 	& \ec{62}		& 245 \\
		& UPS		& 52	& \ec{53}	& 76	& \ec{68}	& 34	& \ec{41}		& 162 \\
		& FedEx		& 31	& \ec{21}	& 24	& \ec{27}	& 9	& \ec{16}		& 64 \\
		& Something else	& 7 & \ec{5}	& 6	& \ec{7}	& 3	& \ec{4}		& 16 \\
		& Not sure	& 3	& \ec{5}	& 6	& \ec{5}	& 4	& \ec{3}		& 13 \\
\cline{2-9}
		& Total		& \multicolumn{2}{c|}{165}		& \multicolumn{2}{c|}{209}		& \multicolumn{2}{c|}{126}		& 500
\end{tabular}
\end{center} 
\begin{parts}
\item State the null and alternative hypotheses for testing for independence 
of age and preferred shipping method for holiday gifts among Los Angeles residents.
\item Are the conditions for inference using a chi-square test satisfied?
\end{parts}"
ch_inference_for_props_42_1,OpenIntro Statistics,ch_inference_for_props,42,4,1,The Civil War,hypothesis_testing,"A national survey conducted 
among a simple random sample of 1,507 adults shows that 56% of
Americans think the Civil War is still relevant to American politics and 
political life.
[source: data:civilWar]","Conduct a hypothesis test to determine if these data provide strong 
evidence that the majority of the Americans think the Civil War is still 
relevant.","The Civil War

A national survey conducted 
among a simple random sample of 1,507 adults shows that 56% of
Americans think the Civil War is still relevant to American politics and 
political life.
[source: data:civilWar]

Conduct a hypothesis test to determine if these data provide strong 
evidence that the majority of the Americans think the Civil War is still 
relevant.","\qt{The Civil War\label{civil_war_HT_CI_2_sided}}
A national survey conducted 
among a simple random sample of 1,507 adults shows that 56\% of
Americans think the Civil War is still relevant to American politics and 
political life.%
\footfullcite{data:civilWar} 
\begin{parts}
\item Conduct a hypothesis test to determine if these data provide strong 
evidence that the majority of the Americans think the Civil War is still 
relevant.
\item Interpret the p-value in this context.
\item Calculate a 90\% confidence interval for the proportion of Americans 
who think the Civil War is still relevant. Interpret the interval in this 
context, and comment on whether or not the confidence interval agrees with 
the conclusion of the hypothesis test.
\end{parts}"
ch_inference_for_props_42_2,OpenIntro Statistics,ch_inference_for_props,42,4,2,The Civil War,hypothesis_testing,"A national survey conducted 
among a simple random sample of 1,507 adults shows that 56% of
Americans think the Civil War is still relevant to American politics and 
political life.
[source: data:civilWar]",Interpret the p-value in this context.,"The Civil War

A national survey conducted 
among a simple random sample of 1,507 adults shows that 56% of
Americans think the Civil War is still relevant to American politics and 
political life.
[source: data:civilWar]

Interpret the p-value in this context.","\qt{The Civil War\label{civil_war_HT_CI_2_sided}}
A national survey conducted 
among a simple random sample of 1,507 adults shows that 56\% of
Americans think the Civil War is still relevant to American politics and 
political life.%
\footfullcite{data:civilWar} 
\begin{parts}
\item Conduct a hypothesis test to determine if these data provide strong 
evidence that the majority of the Americans think the Civil War is still 
relevant.
\item Interpret the p-value in this context.
\item Calculate a 90\% confidence interval for the proportion of Americans 
who think the Civil War is still relevant. Interpret the interval in this 
context, and comment on whether or not the confidence interval agrees with 
the conclusion of the hypothesis test.
\end{parts}"
ch_inference_for_props_42_3,OpenIntro Statistics,ch_inference_for_props,42,4,3,The Civil War,confidence_interval,"A national survey conducted 
among a simple random sample of 1,507 adults shows that 56% of
Americans think the Civil War is still relevant to American politics and 
political life.
[source: data:civilWar]","Calculate a 90% confidence interval for the proportion of Americans 
who think the Civil War is still relevant. Interpret the interval in this 
context, and comment on whether or not the confidence interval agrees with 
the conclusion of the hypothesis test.","The Civil War

A national survey conducted 
among a simple random sample of 1,507 adults shows that 56% of
Americans think the Civil War is still relevant to American politics and 
political life.
[source: data:civilWar]

Calculate a 90% confidence interval for the proportion of Americans 
who think the Civil War is still relevant. Interpret the interval in this 
context, and comment on whether or not the confidence interval agrees with 
the conclusion of the hypothesis test.","\qt{The Civil War\label{civil_war_HT_CI_2_sided}}
A national survey conducted 
among a simple random sample of 1,507 adults shows that 56\% of
Americans think the Civil War is still relevant to American politics and 
political life.%
\footfullcite{data:civilWar} 
\begin{parts}
\item Conduct a hypothesis test to determine if these data provide strong 
evidence that the majority of the Americans think the Civil War is still 
relevant.
\item Interpret the p-value in this context.
\item Calculate a 90\% confidence interval for the proportion of Americans 
who think the Civil War is still relevant. Interpret the interval in this 
context, and comment on whether or not the confidence interval agrees with 
the conclusion of the hypothesis test.
\end{parts}"
ch_inference_for_props_43_1,OpenIntro Statistics,ch_inference_for_props,43,5,1,College smokers,confidence_interval,"We are interested 
in estimating the proportion of students at a university who smoke. Out of a 
random sample of 200 students from this university, 40 students smoke.","Calculate a 95% confidence interval for the proportion of students at 
this university who smoke, and interpret this interval in context. 
(Reminder: Check conditions.)","College smokers

We are interested 
in estimating the proportion of students at a university who smoke. Out of a 
random sample of 200 students from this university, 40 students smoke.

Calculate a 95% confidence interval for the proportion of students at 
this university who smoke, and interpret this interval in context. 
(Reminder: Check conditions.)","\qt{College smokers\label{college_smokers_CI_sample_size}} We are interested 
in estimating the proportion of students at a university who smoke. Out of a 
random sample of 200 students from this university, 40 students smoke.
\begin{parts}
\item Calculate a 95\% confidence interval for the proportion of students at 
this university who smoke, and interpret this interval in context. 
(Reminder: Check conditions.)
\item If we wanted the margin of error to be no larger than 2\% at a 95\% 
confidence level for the proportion of students who smoke, how big of a 
sample would we need? 
\end{parts}"
ch_inference_for_props_43_2,OpenIntro Statistics,ch_inference_for_props,43,5,2,College smokers,confidence_interval,"We are interested 
in estimating the proportion of students at a university who smoke. Out of a 
random sample of 200 students from this university, 40 students smoke.","If we wanted the margin of error to be no larger than 2% at a 95% 
confidence level for the proportion of students who smoke, how big of a 
sample would we need?","College smokers

We are interested 
in estimating the proportion of students at a university who smoke. Out of a 
random sample of 200 students from this university, 40 students smoke.

If we wanted the margin of error to be no larger than 2% at a 95% 
confidence level for the proportion of students who smoke, how big of a 
sample would we need?","\qt{College smokers\label{college_smokers_CI_sample_size}} We are interested 
in estimating the proportion of students at a university who smoke. Out of a 
random sample of 200 students from this university, 40 students smoke.
\begin{parts}
\item Calculate a 95\% confidence interval for the proportion of students at 
this university who smoke, and interpret this interval in context. 
(Reminder: Check conditions.)
\item If we wanted the margin of error to be no larger than 2\% at a 95\% 
confidence level for the proportion of students who smoke, how big of a 
sample would we need? 
\end{parts}"
ch_inference_for_props_44_1,OpenIntro Statistics,ch_inference_for_props,44,6,1,Acetaminophen and liver damage,confidence_interval,"It 
is believed that large doses of acetaminophen (the active ingredient in over 
the counter pain relievers like Tylenol) may cause damage to the liver. A 
researcher wants to conduct a study to estimate the proportion of 
acetaminophen users who have liver damage. For participating in this study, 
he will pay each subject $20 and provide a free medical consultation if the 
patient has liver damage.","If he wants to limit the margin of error of his 98% confidence 
interval to 2%, what is the minimum amount of money he needs to set aside 
to pay his subjects?","Acetaminophen and liver damage

It 
is believed that large doses of acetaminophen (the active ingredient in over 
the counter pain relievers like Tylenol) may cause damage to the liver. A 
researcher wants to conduct a study to estimate the proportion of 
acetaminophen users who have liver damage. For participating in this study, 
he will pay each subject $20 and provide a free medical consultation if the 
patient has liver damage.

If he wants to limit the margin of error of his 98% confidence 
interval to 2%, what is the minimum amount of money he needs to set aside 
to pay his subjects?","\qt{Acetaminophen and liver damage\label{acetaminophen_CI_sample_size}} It 
is believed that large doses of acetaminophen (the active ingredient in over 
the counter pain relievers like Tylenol) may cause damage to the liver. A 
researcher wants to conduct a study to estimate the proportion of 
acetaminophen users who have liver damage. For participating in this study, 
he will pay each subject \$20 and provide a free medical consultation if the 
patient has liver damage.
\begin{parts}
\item If he wants to limit the margin of error of his 98\% confidence 
interval to 2\%, what is the minimum amount of money he needs to set aside 
to pay his subjects?
\item The amount you calculated in part (a) is substantially over his budget 
so he decides to use fewer subjects. How will this affect the width of his 
confidence interval?
\end{parts}"
ch_inference_for_props_44_2,OpenIntro Statistics,ch_inference_for_props,44,6,2,Acetaminophen and liver damage,confidence_interval,"It 
is believed that large doses of acetaminophen (the active ingredient in over 
the counter pain relievers like Tylenol) may cause damage to the liver. A 
researcher wants to conduct a study to estimate the proportion of 
acetaminophen users who have liver damage. For participating in this study, 
he will pay each subject $20 and provide a free medical consultation if the 
patient has liver damage.","The amount you calculated in part (a) is substantially over his budget 
so he decides to use fewer subjects. How will this affect the width of his 
confidence interval?","Acetaminophen and liver damage

It 
is believed that large doses of acetaminophen (the active ingredient in over 
the counter pain relievers like Tylenol) may cause damage to the liver. A 
researcher wants to conduct a study to estimate the proportion of 
acetaminophen users who have liver damage. For participating in this study, 
he will pay each subject $20 and provide a free medical consultation if the 
patient has liver damage.

The amount you calculated in part (a) is substantially over his budget 
so he decides to use fewer subjects. How will this affect the width of his 
confidence interval?","\qt{Acetaminophen and liver damage\label{acetaminophen_CI_sample_size}} It 
is believed that large doses of acetaminophen (the active ingredient in over 
the counter pain relievers like Tylenol) may cause damage to the liver. A 
researcher wants to conduct a study to estimate the proportion of 
acetaminophen users who have liver damage. For participating in this study, 
he will pay each subject \$20 and provide a free medical consultation if the 
patient has liver damage.
\begin{parts}
\item If he wants to limit the margin of error of his 98\% confidence 
interval to 2\%, what is the minimum amount of money he needs to set aside 
to pay his subjects?
\item The amount you calculated in part (a) is substantially over his budget 
so he decides to use fewer subjects. How will this affect the width of his 
confidence interval?
\end{parts}"
ch_inference_for_props_45_1,OpenIntro Statistics,ch_inference_for_props,45,7,1,Life after college,sampling,"We are interested in 
estimating the proportion of graduates at a mid-sized university who found 
a job within one year of completing their undergraduate degree. Suppose we 
conduct a survey and find out that 348 of the 400 randomly sampled graduates 
found jobs. The graduating class under consideration included over 4500 students.","Describe the population parameter of interest. What is the value of 
the point estimate of this parameter?","Life after college

We are interested in 
estimating the proportion of graduates at a mid-sized university who found 
a job within one year of completing their undergraduate degree. Suppose we 
conduct a survey and find out that 348 of the 400 randomly sampled graduates 
found jobs. The graduating class under consideration included over 4500 students.

Describe the population parameter of interest. What is the value of 
the point estimate of this parameter?","\qt{Life after college\label{life_after_college_CI}} We are interested in 
estimating the proportion of graduates at a mid-sized university who found 
a job within one year of completing their undergraduate degree. Suppose we 
conduct a survey and find out that 348 of the 400 randomly sampled graduates 
found jobs. The graduating class under consideration included over 4500 students.
\begin{parts}
\item Describe the population parameter of interest. What is the value of 
the point estimate of this parameter?
\item Check if the conditions for constructing a confidence interval based 
on these data are met.
\item Calculate a 95\% confidence interval for the proportion of graduates 
who found a job within one year of completing their undergraduate degree at 
this university, and interpret it in the context of the data.
\item What does ``95\% confidence"" mean?
\item Now calculate a 99\% confidence interval for the same parameter and 
interpret it in the context of the data.
\item Compare the widths of the 95\% and 99\% confidence intervals. Which 
one is wider? Explain.
\end{parts}"
ch_inference_for_props_45_2,OpenIntro Statistics,ch_inference_for_props,45,7,2,Life after college,confidence_interval,"We are interested in 
estimating the proportion of graduates at a mid-sized university who found 
a job within one year of completing their undergraduate degree. Suppose we 
conduct a survey and find out that 348 of the 400 randomly sampled graduates 
found jobs. The graduating class under consideration included over 4500 students.","Check if the conditions for constructing a confidence interval based 
on these data are met.","Life after college

We are interested in 
estimating the proportion of graduates at a mid-sized university who found 
a job within one year of completing their undergraduate degree. Suppose we 
conduct a survey and find out that 348 of the 400 randomly sampled graduates 
found jobs. The graduating class under consideration included over 4500 students.

Check if the conditions for constructing a confidence interval based 
on these data are met.","\qt{Life after college\label{life_after_college_CI}} We are interested in 
estimating the proportion of graduates at a mid-sized university who found 
a job within one year of completing their undergraduate degree. Suppose we 
conduct a survey and find out that 348 of the 400 randomly sampled graduates 
found jobs. The graduating class under consideration included over 4500 students.
\begin{parts}
\item Describe the population parameter of interest. What is the value of 
the point estimate of this parameter?
\item Check if the conditions for constructing a confidence interval based 
on these data are met.
\item Calculate a 95\% confidence interval for the proportion of graduates 
who found a job within one year of completing their undergraduate degree at 
this university, and interpret it in the context of the data.
\item What does ``95\% confidence"" mean?
\item Now calculate a 99\% confidence interval for the same parameter and 
interpret it in the context of the data.
\item Compare the widths of the 95\% and 99\% confidence intervals. Which 
one is wider? Explain.
\end{parts}"
ch_inference_for_props_45_3,OpenIntro Statistics,ch_inference_for_props,45,7,3,Life after college,confidence_interval,"We are interested in 
estimating the proportion of graduates at a mid-sized university who found 
a job within one year of completing their undergraduate degree. Suppose we 
conduct a survey and find out that 348 of the 400 randomly sampled graduates 
found jobs. The graduating class under consideration included over 4500 students.","Calculate a 95% confidence interval for the proportion of graduates 
who found a job within one year of completing their undergraduate degree at 
this university, and interpret it in the context of the data.","Life after college

We are interested in 
estimating the proportion of graduates at a mid-sized university who found 
a job within one year of completing their undergraduate degree. Suppose we 
conduct a survey and find out that 348 of the 400 randomly sampled graduates 
found jobs. The graduating class under consideration included over 4500 students.

Calculate a 95% confidence interval for the proportion of graduates 
who found a job within one year of completing their undergraduate degree at 
this university, and interpret it in the context of the data.","\qt{Life after college\label{life_after_college_CI}} We are interested in 
estimating the proportion of graduates at a mid-sized university who found 
a job within one year of completing their undergraduate degree. Suppose we 
conduct a survey and find out that 348 of the 400 randomly sampled graduates 
found jobs. The graduating class under consideration included over 4500 students.
\begin{parts}
\item Describe the population parameter of interest. What is the value of 
the point estimate of this parameter?
\item Check if the conditions for constructing a confidence interval based 
on these data are met.
\item Calculate a 95\% confidence interval for the proportion of graduates 
who found a job within one year of completing their undergraduate degree at 
this university, and interpret it in the context of the data.
\item What does ``95\% confidence"" mean?
\item Now calculate a 99\% confidence interval for the same parameter and 
interpret it in the context of the data.
\item Compare the widths of the 95\% and 99\% confidence intervals. Which 
one is wider? Explain.
\end{parts}"
ch_inference_for_props_45_4,OpenIntro Statistics,ch_inference_for_props,45,7,4,Life after college,sampling,"We are interested in 
estimating the proportion of graduates at a mid-sized university who found 
a job within one year of completing their undergraduate degree. Suppose we 
conduct a survey and find out that 348 of the 400 randomly sampled graduates 
found jobs. The graduating class under consideration included over 4500 students.","What does ``95% confidence"" mean?","Life after college

We are interested in 
estimating the proportion of graduates at a mid-sized university who found 
a job within one year of completing their undergraduate degree. Suppose we 
conduct a survey and find out that 348 of the 400 randomly sampled graduates 
found jobs. The graduating class under consideration included over 4500 students.

What does ``95% confidence"" mean?","\qt{Life after college\label{life_after_college_CI}} We are interested in 
estimating the proportion of graduates at a mid-sized university who found 
a job within one year of completing their undergraduate degree. Suppose we 
conduct a survey and find out that 348 of the 400 randomly sampled graduates 
found jobs. The graduating class under consideration included over 4500 students.
\begin{parts}
\item Describe the population parameter of interest. What is the value of 
the point estimate of this parameter?
\item Check if the conditions for constructing a confidence interval based 
on these data are met.
\item Calculate a 95\% confidence interval for the proportion of graduates 
who found a job within one year of completing their undergraduate degree at 
this university, and interpret it in the context of the data.
\item What does ``95\% confidence"" mean?
\item Now calculate a 99\% confidence interval for the same parameter and 
interpret it in the context of the data.
\item Compare the widths of the 95\% and 99\% confidence intervals. Which 
one is wider? Explain.
\end{parts}"
ch_inference_for_props_45_5,OpenIntro Statistics,ch_inference_for_props,45,7,5,Life after college,confidence_interval,"We are interested in 
estimating the proportion of graduates at a mid-sized university who found 
a job within one year of completing their undergraduate degree. Suppose we 
conduct a survey and find out that 348 of the 400 randomly sampled graduates 
found jobs. The graduating class under consideration included over 4500 students.","Now calculate a 99% confidence interval for the same parameter and 
interpret it in the context of the data.","Life after college

We are interested in 
estimating the proportion of graduates at a mid-sized university who found 
a job within one year of completing their undergraduate degree. Suppose we 
conduct a survey and find out that 348 of the 400 randomly sampled graduates 
found jobs. The graduating class under consideration included over 4500 students.

Now calculate a 99% confidence interval for the same parameter and 
interpret it in the context of the data.","\qt{Life after college\label{life_after_college_CI}} We are interested in 
estimating the proportion of graduates at a mid-sized university who found 
a job within one year of completing their undergraduate degree. Suppose we 
conduct a survey and find out that 348 of the 400 randomly sampled graduates 
found jobs. The graduating class under consideration included over 4500 students.
\begin{parts}
\item Describe the population parameter of interest. What is the value of 
the point estimate of this parameter?
\item Check if the conditions for constructing a confidence interval based 
on these data are met.
\item Calculate a 95\% confidence interval for the proportion of graduates 
who found a job within one year of completing their undergraduate degree at 
this university, and interpret it in the context of the data.
\item What does ``95\% confidence"" mean?
\item Now calculate a 99\% confidence interval for the same parameter and 
interpret it in the context of the data.
\item Compare the widths of the 95\% and 99\% confidence intervals. Which 
one is wider? Explain.
\end{parts}"
ch_inference_for_props_45_6,OpenIntro Statistics,ch_inference_for_props,45,7,6,Life after college,confidence_interval,"We are interested in 
estimating the proportion of graduates at a mid-sized university who found 
a job within one year of completing their undergraduate degree. Suppose we 
conduct a survey and find out that 348 of the 400 randomly sampled graduates 
found jobs. The graduating class under consideration included over 4500 students.","Compare the widths of the 95% and 99% confidence intervals. Which 
one is wider? Explain.","Life after college

We are interested in 
estimating the proportion of graduates at a mid-sized university who found 
a job within one year of completing their undergraduate degree. Suppose we 
conduct a survey and find out that 348 of the 400 randomly sampled graduates 
found jobs. The graduating class under consideration included over 4500 students.

Compare the widths of the 95% and 99% confidence intervals. Which 
one is wider? Explain.","\qt{Life after college\label{life_after_college_CI}} We are interested in 
estimating the proportion of graduates at a mid-sized university who found 
a job within one year of completing their undergraduate degree. Suppose we 
conduct a survey and find out that 348 of the 400 randomly sampled graduates 
found jobs. The graduating class under consideration included over 4500 students.
\begin{parts}
\item Describe the population parameter of interest. What is the value of 
the point estimate of this parameter?
\item Check if the conditions for constructing a confidence interval based 
on these data are met.
\item Calculate a 95\% confidence interval for the proportion of graduates 
who found a job within one year of completing their undergraduate degree at 
this university, and interpret it in the context of the data.
\item What does ``95\% confidence"" mean?
\item Now calculate a 99\% confidence interval for the same parameter and 
interpret it in the context of the data.
\item Compare the widths of the 95\% and 99\% confidence intervals. Which 
one is wider? Explain.
\end{parts}"
ch_inference_for_props_46_1,OpenIntro Statistics,ch_inference_for_props,46,8,1,Diabetes and unemployment,unknown,"A 
Gallup poll surveyed Americans about their employment status and whether or 
not they have diabetes. The survey results indicate that 1.5% of the 47,774 
employed (full or part time) and 2.5% of the 5,855 unemployed 18-29 year 
olds have diabetes.[source: data:employmentDiabetes]",Create a two-way table presenting the results of this study.,"Diabetes and unemployment

A 
Gallup poll surveyed Americans about their employment status and whether or 
not they have diabetes. The survey results indicate that 1.5% of the 47,774 
employed (full or part time) and 2.5% of the 5,855 unemployed 18-29 year 
olds have diabetes.[source: data:employmentDiabetes]

Create a two-way table presenting the results of this study.","\qt{Diabetes and unemployment\label{diabetes_unemp_effect_size}} A 
Gallup poll surveyed Americans about their employment status and whether or 
not they have diabetes. The survey results indicate that 1.5\% of the 47,774 
employed (full or part time) and 2.5\% of the 5,855 unemployed 18-29 year 
olds have diabetes.\footfullcite{data:employmentDiabetes}
\begin{parts}
\item Create a two-way table presenting the results of this study.
\item State appropriate hypotheses to test for difference in proportions of 
diabetes between employed and unemployed Americans.
\item The sample difference is about 1\%. If we completed the hypothesis 
test, we would find that the p-value is very small (about 0), meaning the 
difference is statistically significant. Use this result to explain the 
difference between statistically significant and practically significant 
findings.
\end{parts}"
ch_inference_for_props_46_2,OpenIntro Statistics,ch_inference_for_props,46,8,2,Diabetes and unemployment,unknown,"A 
Gallup poll surveyed Americans about their employment status and whether or 
not they have diabetes. The survey results indicate that 1.5% of the 47,774 
employed (full or part time) and 2.5% of the 5,855 unemployed 18-29 year 
olds have diabetes.[source: data:employmentDiabetes]","State appropriate hypotheses to test for difference in proportions of 
diabetes between employed and unemployed Americans.","Diabetes and unemployment

A 
Gallup poll surveyed Americans about their employment status and whether or 
not they have diabetes. The survey results indicate that 1.5% of the 47,774 
employed (full or part time) and 2.5% of the 5,855 unemployed 18-29 year 
olds have diabetes.[source: data:employmentDiabetes]

State appropriate hypotheses to test for difference in proportions of 
diabetes between employed and unemployed Americans.","\qt{Diabetes and unemployment\label{diabetes_unemp_effect_size}} A 
Gallup poll surveyed Americans about their employment status and whether or 
not they have diabetes. The survey results indicate that 1.5\% of the 47,774 
employed (full or part time) and 2.5\% of the 5,855 unemployed 18-29 year 
olds have diabetes.\footfullcite{data:employmentDiabetes}
\begin{parts}
\item Create a two-way table presenting the results of this study.
\item State appropriate hypotheses to test for difference in proportions of 
diabetes between employed and unemployed Americans.
\item The sample difference is about 1\%. If we completed the hypothesis 
test, we would find that the p-value is very small (about 0), meaning the 
difference is statistically significant. Use this result to explain the 
difference between statistically significant and practically significant 
findings.
\end{parts}"
ch_inference_for_props_46_3,OpenIntro Statistics,ch_inference_for_props,46,8,3,Diabetes and unemployment,hypothesis_testing,"A 
Gallup poll surveyed Americans about their employment status and whether or 
not they have diabetes. The survey results indicate that 1.5% of the 47,774 
employed (full or part time) and 2.5% of the 5,855 unemployed 18-29 year 
olds have diabetes.[source: data:employmentDiabetes]","The sample difference is about 1%. If we completed the hypothesis 
test, we would find that the p-value is very small (about 0), meaning the 
difference is statistically significant. Use this result to explain the 
difference between statistically significant and practically significant 
findings.","Diabetes and unemployment

A 
Gallup poll surveyed Americans about their employment status and whether or 
not they have diabetes. The survey results indicate that 1.5% of the 47,774 
employed (full or part time) and 2.5% of the 5,855 unemployed 18-29 year 
olds have diabetes.[source: data:employmentDiabetes]

The sample difference is about 1%. If we completed the hypothesis 
test, we would find that the p-value is very small (about 0), meaning the 
difference is statistically significant. Use this result to explain the 
difference between statistically significant and practically significant 
findings.","\qt{Diabetes and unemployment\label{diabetes_unemp_effect_size}} A 
Gallup poll surveyed Americans about their employment status and whether or 
not they have diabetes. The survey results indicate that 1.5\% of the 47,774 
employed (full or part time) and 2.5\% of the 5,855 unemployed 18-29 year 
olds have diabetes.\footfullcite{data:employmentDiabetes}
\begin{parts}
\item Create a two-way table presenting the results of this study.
\item State appropriate hypotheses to test for difference in proportions of 
diabetes between employed and unemployed Americans.
\item The sample difference is about 1\%. If we completed the hypothesis 
test, we would find that the p-value is very small (about 0), meaning the 
difference is statistically significant. Use this result to explain the 
difference between statistically significant and practically significant 
findings.
\end{parts}"
ch_inference_for_props_47,OpenIntro Statistics,ch_inference_for_props,47,9,,Rock-paper-scissors,unknown,"Rock-paper-scissors is a hand 
game played by two or more people where players choose to sign either rock, 
paper, or scissors with their hands. For your statistics class project, 
you want to evaluate whether players choose between these three options 
randomly, or if certain options are favored above others. You ask two friends 
to play rock-paper-scissors and count the times each option is played. The 
following table summarizes the data:

Table:
| Rock | Paper | Scissors |
| --- | --- | --- |
| 43 | 21 | 35 |

Use these data to evaluate whether players choose between these three options 
randomly, or if certain options are favored above others. Make sure to clearly 
outline each step of your analysis, and interpret your results in context of 
the data and the research question.",,"Rock-paper-scissors

Rock-paper-scissors is a hand 
game played by two or more people where players choose to sign either rock, 
paper, or scissors with their hands. For your statistics class project, 
you want to evaluate whether players choose between these three options 
randomly, or if certain options are favored above others. You ask two friends 
to play rock-paper-scissors and count the times each option is played. The 
following table summarizes the data:

Table:
| Rock | Paper | Scissors |
| --- | --- | --- |
| 43 | 21 | 35 |

Use these data to evaluate whether players choose between these three options 
randomly, or if certain options are favored above others. Make sure to clearly 
outline each step of your analysis, and interpret your results in context of 
the data and the research question.","\qt{Rock-paper-scissors\label{rps_chisq_GOF}} Rock-paper-scissors is a hand 
game played by two or more people where players choose to sign either rock, 
paper, or scissors with their hands. For your statistics class project, 
you want to evaluate whether players choose between these three options 
randomly, or if certain options are favored above others. You ask two friends 
to play rock-paper-scissors and count the times each option is played. The 
following table summarizes the data:
\begin{center}
\begin{tabular}{c c c}
Rock	& Paper	& Scissors 	 \\
\hline
43		& 21	& 35	
\end{tabular}
\end{center}
Use these data to evaluate whether players choose between these three options 
randomly, or if certain options are favored above others. Make sure to clearly 
outline each step of your analysis, and interpret your results in context of 
the data and the research question."
ch_inference_for_props_48_1,OpenIntro Statistics,ch_inference_for_props,48,10,1,2010 Healthcare Law,confidence_interval,"On June 28, 2012 the 
U.S. Supreme Court upheld the much debated 2010 healthcare law, declaring it 
constitutional. A Gallup poll released the day after this decision indicates 
that 46% of 1,012 Americans agree with this decision. At a 95% confidence 
level, this sample has a 3% margin of error. Based on this information, 
determine if the following statements are true or false, and explain your 
reasoning.[source: data:healthcare2010]","We are 95% confident that between 43% and 49% of Americans in this 
sample support the decision of the U.S. Supreme Court on the 2010 healthcare 
law.","2010 Healthcare Law

On June 28, 2012 the 
U.S. Supreme Court upheld the much debated 2010 healthcare law, declaring it 
constitutional. A Gallup poll released the day after this decision indicates 
that 46% of 1,012 Americans agree with this decision. At a 95% confidence 
level, this sample has a 3% margin of error. Based on this information, 
determine if the following statements are true or false, and explain your 
reasoning.[source: data:healthcare2010]

We are 95% confident that between 43% and 49% of Americans in this 
sample support the decision of the U.S. Supreme Court on the 2010 healthcare 
law.","\qt{2010 Healthcare Law\label{healthcare_CI_concept}} On June 28, 2012 the 
U.S. Supreme Court upheld the much debated 2010 healthcare law, declaring it 
constitutional. A Gallup poll released the day after this decision indicates 
that 46\% of 1,012 Americans agree with this decision. At a 95\% confidence 
level, this sample has a 3\% margin of error. Based on this information, 
determine if the following statements are true or false, and explain your 
reasoning.\footfullcite{data:healthcare2010}
\begin{parts}
\item We are 95\% confident that between  43\% and 49\% of Americans in this 
sample support the decision of the U.S. Supreme Court on the 2010 healthcare 
law.
\item We are 95\% confident that between 43\% and 49\% of Americans support 
the decision of the U.S. Supreme Court on the 2010 healthcare law.
\item If we considered many random samples of 1,012 Americans, and we 
calculated the sample proportions of those who support the decision of the 
U.S. Supreme Court, 95\% of those sample proportions will be between 43\% and 
49\%.
\item The margin of error at a 90\% confidence level would be higher than 3\%.
\end{parts}"
ch_inference_for_props_48_2,OpenIntro Statistics,ch_inference_for_props,48,10,2,2010 Healthcare Law,confidence_interval,"On June 28, 2012 the 
U.S. Supreme Court upheld the much debated 2010 healthcare law, declaring it 
constitutional. A Gallup poll released the day after this decision indicates 
that 46% of 1,012 Americans agree with this decision. At a 95% confidence 
level, this sample has a 3% margin of error. Based on this information, 
determine if the following statements are true or false, and explain your 
reasoning.[source: data:healthcare2010]","We are 95% confident that between 43% and 49% of Americans support 
the decision of the U.S. Supreme Court on the 2010 healthcare law.","2010 Healthcare Law

On June 28, 2012 the 
U.S. Supreme Court upheld the much debated 2010 healthcare law, declaring it 
constitutional. A Gallup poll released the day after this decision indicates 
that 46% of 1,012 Americans agree with this decision. At a 95% confidence 
level, this sample has a 3% margin of error. Based on this information, 
determine if the following statements are true or false, and explain your 
reasoning.[source: data:healthcare2010]

We are 95% confident that between 43% and 49% of Americans support 
the decision of the U.S. Supreme Court on the 2010 healthcare law.","\qt{2010 Healthcare Law\label{healthcare_CI_concept}} On June 28, 2012 the 
U.S. Supreme Court upheld the much debated 2010 healthcare law, declaring it 
constitutional. A Gallup poll released the day after this decision indicates 
that 46\% of 1,012 Americans agree with this decision. At a 95\% confidence 
level, this sample has a 3\% margin of error. Based on this information, 
determine if the following statements are true or false, and explain your 
reasoning.\footfullcite{data:healthcare2010}
\begin{parts}
\item We are 95\% confident that between  43\% and 49\% of Americans in this 
sample support the decision of the U.S. Supreme Court on the 2010 healthcare 
law.
\item We are 95\% confident that between 43\% and 49\% of Americans support 
the decision of the U.S. Supreme Court on the 2010 healthcare law.
\item If we considered many random samples of 1,012 Americans, and we 
calculated the sample proportions of those who support the decision of the 
U.S. Supreme Court, 95\% of those sample proportions will be between 43\% and 
49\%.
\item The margin of error at a 90\% confidence level would be higher than 3\%.
\end{parts}"
ch_inference_for_props_48_3,OpenIntro Statistics,ch_inference_for_props,48,10,3,2010 Healthcare Law,confidence_interval,"On June 28, 2012 the 
U.S. Supreme Court upheld the much debated 2010 healthcare law, declaring it 
constitutional. A Gallup poll released the day after this decision indicates 
that 46% of 1,012 Americans agree with this decision. At a 95% confidence 
level, this sample has a 3% margin of error. Based on this information, 
determine if the following statements are true or false, and explain your 
reasoning.[source: data:healthcare2010]","If we considered many random samples of 1,012 Americans, and we 
calculated the sample proportions of those who support the decision of the 
U.S. Supreme Court, 95% of those sample proportions will be between 43% and 
49%.","2010 Healthcare Law

On June 28, 2012 the 
U.S. Supreme Court upheld the much debated 2010 healthcare law, declaring it 
constitutional. A Gallup poll released the day after this decision indicates 
that 46% of 1,012 Americans agree with this decision. At a 95% confidence 
level, this sample has a 3% margin of error. Based on this information, 
determine if the following statements are true or false, and explain your 
reasoning.[source: data:healthcare2010]

If we considered many random samples of 1,012 Americans, and we 
calculated the sample proportions of those who support the decision of the 
U.S. Supreme Court, 95% of those sample proportions will be between 43% and 
49%.","\qt{2010 Healthcare Law\label{healthcare_CI_concept}} On June 28, 2012 the 
U.S. Supreme Court upheld the much debated 2010 healthcare law, declaring it 
constitutional. A Gallup poll released the day after this decision indicates 
that 46\% of 1,012 Americans agree with this decision. At a 95\% confidence 
level, this sample has a 3\% margin of error. Based on this information, 
determine if the following statements are true or false, and explain your 
reasoning.\footfullcite{data:healthcare2010}
\begin{parts}
\item We are 95\% confident that between  43\% and 49\% of Americans in this 
sample support the decision of the U.S. Supreme Court on the 2010 healthcare 
law.
\item We are 95\% confident that between 43\% and 49\% of Americans support 
the decision of the U.S. Supreme Court on the 2010 healthcare law.
\item If we considered many random samples of 1,012 Americans, and we 
calculated the sample proportions of those who support the decision of the 
U.S. Supreme Court, 95\% of those sample proportions will be between 43\% and 
49\%.
\item The margin of error at a 90\% confidence level would be higher than 3\%.
\end{parts}"
ch_inference_for_props_48_4,OpenIntro Statistics,ch_inference_for_props,48,10,4,2010 Healthcare Law,confidence_interval,"On June 28, 2012 the 
U.S. Supreme Court upheld the much debated 2010 healthcare law, declaring it 
constitutional. A Gallup poll released the day after this decision indicates 
that 46% of 1,012 Americans agree with this decision. At a 95% confidence 
level, this sample has a 3% margin of error. Based on this information, 
determine if the following statements are true or false, and explain your 
reasoning.[source: data:healthcare2010]",The margin of error at a 90% confidence level would be higher than 3%.,"2010 Healthcare Law

On June 28, 2012 the 
U.S. Supreme Court upheld the much debated 2010 healthcare law, declaring it 
constitutional. A Gallup poll released the day after this decision indicates 
that 46% of 1,012 Americans agree with this decision. At a 95% confidence 
level, this sample has a 3% margin of error. Based on this information, 
determine if the following statements are true or false, and explain your 
reasoning.[source: data:healthcare2010]

The margin of error at a 90% confidence level would be higher than 3%.","\qt{2010 Healthcare Law\label{healthcare_CI_concept}} On June 28, 2012 the 
U.S. Supreme Court upheld the much debated 2010 healthcare law, declaring it 
constitutional. A Gallup poll released the day after this decision indicates 
that 46\% of 1,012 Americans agree with this decision. At a 95\% confidence 
level, this sample has a 3\% margin of error. Based on this information, 
determine if the following statements are true or false, and explain your 
reasoning.\footfullcite{data:healthcare2010}
\begin{parts}
\item We are 95\% confident that between  43\% and 49\% of Americans in this 
sample support the decision of the U.S. Supreme Court on the 2010 healthcare 
law.
\item We are 95\% confident that between 43\% and 49\% of Americans support 
the decision of the U.S. Supreme Court on the 2010 healthcare law.
\item If we considered many random samples of 1,012 Americans, and we 
calculated the sample proportions of those who support the decision of the 
U.S. Supreme Court, 95\% of those sample proportions will be between 43\% and 
49\%.
\item The margin of error at a 90\% confidence level would be higher than 3\%.
\end{parts}"
ch_inference_for_props_49_1,OpenIntro Statistics,ch_inference_for_props,49,11,1,Browsing on the mobile device,hypothesis_testing,"A 
survey of 2,254 American adults indicates that 17% of cell phone owners
browse the internet exclusively on their phone rather than a computer
or other device.
[source: data:mobileBrowse]","According to an online article, a report from a mobile research 
company indicates that 38 percent of Chinese mobile web users only access 
the internet through their cell phones.
[source: news:mobileBrowseChinese] Conduct a hypothesis test to 
determine if these data provide strong evidence that the proportion of 
Americans who only use their cell phones to access the internet is different 
than the Chinese proportion of 38%.","Browsing on the mobile device

A 
survey of 2,254 American adults indicates that 17% of cell phone owners
browse the internet exclusively on their phone rather than a computer
or other device.
[source: data:mobileBrowse]

According to an online article, a report from a mobile research 
company indicates that 38 percent of Chinese mobile web users only access 
the internet through their cell phones.
[source: news:mobileBrowseChinese] Conduct a hypothesis test to 
determine if these data provide strong evidence that the proportion of 
Americans who only use their cell phones to access the internet is different 
than the Chinese proportion of 38%.","\qt{Browsing on the mobile device\label{mobile_browsing_HT_CI}} A 
survey of 2,254 American adults indicates that 17\% of cell phone owners
browse the internet exclusively on their phone rather than a computer
or other device.
\footfullcite{data:mobileBrowse}
\begin{parts}
\item  According to an online article, a report from a mobile research 
company indicates that 38 percent of Chinese mobile web users only access 
the internet through their cell phones.
\footfullcite{news:mobileBrowseChinese} Conduct a hypothesis test to 
determine if these data provide strong evidence that the proportion of 
Americans who only use their cell phones to access the internet is different 
than the Chinese proportion of 38\%.
\item Interpret the p-value in this context.
\item Calculate a 95\% confidence interval for the proportion of Americans 
who access the internet on their cell phones, and interpret the interval in 
this context.
\end{parts}"
ch_inference_for_props_49_2,OpenIntro Statistics,ch_inference_for_props,49,11,2,Browsing on the mobile device,hypothesis_testing,"A 
survey of 2,254 American adults indicates that 17% of cell phone owners
browse the internet exclusively on their phone rather than a computer
or other device.
[source: data:mobileBrowse]",Interpret the p-value in this context.,"Browsing on the mobile device

A 
survey of 2,254 American adults indicates that 17% of cell phone owners
browse the internet exclusively on their phone rather than a computer
or other device.
[source: data:mobileBrowse]

Interpret the p-value in this context.","\qt{Browsing on the mobile device\label{mobile_browsing_HT_CI}} A 
survey of 2,254 American adults indicates that 17\% of cell phone owners
browse the internet exclusively on their phone rather than a computer
or other device.
\footfullcite{data:mobileBrowse}
\begin{parts}
\item  According to an online article, a report from a mobile research 
company indicates that 38 percent of Chinese mobile web users only access 
the internet through their cell phones.
\footfullcite{news:mobileBrowseChinese} Conduct a hypothesis test to 
determine if these data provide strong evidence that the proportion of 
Americans who only use their cell phones to access the internet is different 
than the Chinese proportion of 38\%.
\item Interpret the p-value in this context.
\item Calculate a 95\% confidence interval for the proportion of Americans 
who access the internet on their cell phones, and interpret the interval in 
this context.
\end{parts}"
ch_inference_for_props_49_3,OpenIntro Statistics,ch_inference_for_props,49,11,3,Browsing on the mobile device,confidence_interval,"A 
survey of 2,254 American adults indicates that 17% of cell phone owners
browse the internet exclusively on their phone rather than a computer
or other device.
[source: data:mobileBrowse]","Calculate a 95% confidence interval for the proportion of Americans 
who access the internet on their cell phones, and interpret the interval in 
this context.","Browsing on the mobile device

A 
survey of 2,254 American adults indicates that 17% of cell phone owners
browse the internet exclusively on their phone rather than a computer
or other device.
[source: data:mobileBrowse]

Calculate a 95% confidence interval for the proportion of Americans 
who access the internet on their cell phones, and interpret the interval in 
this context.","\qt{Browsing on the mobile device\label{mobile_browsing_HT_CI}} A 
survey of 2,254 American adults indicates that 17\% of cell phone owners
browse the internet exclusively on their phone rather than a computer
or other device.
\footfullcite{data:mobileBrowse}
\begin{parts}
\item  According to an online article, a report from a mobile research 
company indicates that 38 percent of Chinese mobile web users only access 
the internet through their cell phones.
\footfullcite{news:mobileBrowseChinese} Conduct a hypothesis test to 
determine if these data provide strong evidence that the proportion of 
Americans who only use their cell phones to access the internet is different 
than the Chinese proportion of 38\%.
\item Interpret the p-value in this context.
\item Calculate a 95\% confidence interval for the proportion of Americans 
who access the internet on their cell phones, and interpret the interval in 
this context.
\end{parts}"
ch_inference_for_props_50_1,OpenIntro Statistics,ch_inference_for_props,50,12,1,Coffee and Depression,correlation,"Researchers conducted a study investigating the relationship between 
caffeinated coffee consumption and risk of depression in women. They 
collected data on 50,739 women free of depression symptoms at the start 
of the study in the year 1996, and these women were followed through 
2006. The researchers used questionnaires to collect data on 
caffeinated coffee consumption, asked each individual about physician-
diagnosed depression, and also asked about the use of antidepressants. 
The table below shows the distribution of incidences of depression by 
amount of caffeinated coffee consumption.[source: Lucas:2011]
adjustwidth-4em-4em

Table:
| 5cCaffeinated coffee consumption | | | | | | | |
| --- | --- | --- | --- | --- | --- | --- | --- |
| $$ 1 | 2-6 | 1 | 2-3 | $$ 4 | | | |
| cup/week | cups/week | cup/day | cups/day | cups/day | Total | | |
| Clinical | Yes | 670 | oiB373 | 905 | 564 | 95 | 2,607 |
| depression | No | 11,545 | 6,244 | 16,329 | 11,726 | 2,288 | 48,132 |
| Total | 12,215 | 6,617 | 17,234 | 12,290 | 2,383 | 50,739 | |

adjustwidth","What type of test is appropriate for evaluating if there is an 
association between coffee intake and depression?","Coffee and Depression

Researchers conducted a study investigating the relationship between 
caffeinated coffee consumption and risk of depression in women. They 
collected data on 50,739 women free of depression symptoms at the start 
of the study in the year 1996, and these women were followed through 
2006. The researchers used questionnaires to collect data on 
caffeinated coffee consumption, asked each individual about physician-
diagnosed depression, and also asked about the use of antidepressants. 
The table below shows the distribution of incidences of depression by 
amount of caffeinated coffee consumption.[source: Lucas:2011]
adjustwidth-4em-4em

Table:
| 5cCaffeinated coffee consumption | | | | | | | |
| --- | --- | --- | --- | --- | --- | --- | --- |
| $$ 1 | 2-6 | 1 | 2-3 | $$ 4 | | | |
| cup/week | cups/week | cup/day | cups/day | cups/day | Total | | |
| Clinical | Yes | 670 | oiB373 | 905 | 564 | 95 | 2,607 |
| depression | No | 11,545 | 6,244 | 16,329 | 11,726 | 2,288 | 48,132 |
| Total | 12,215 | 6,617 | 17,234 | 12,290 | 2,383 | 50,739 | |

adjustwidth

What type of test is appropriate for evaluating if there is an 
association between coffee intake and depression?","\qt{Coffee and Depression\label{coffee_depression_chisq_indep}} 
Researchers conducted a study investigating the relationship between 
caffeinated coffee consumption and risk of depression in women. They 
collected data on 50,739 women free of depression symptoms at the start 
of the study in the year 1996, and these women were followed through 
2006. The researchers used questionnaires to collect data on 
caffeinated coffee consumption, asked each individual about physician-
diagnosed depression, and also asked about the use of antidepressants. 
The table below shows the distribution of incidences of depression by 
amount of caffeinated coffee consumption.\footfullcite{Lucas:2011}
\begin{adjustwidth}{-4em}{-4em}
{\small
\begin{center}
\begin{tabular}{l  l rrrrrr}
	&  \multicolumn{1}{c}{}		& \multicolumn{5}{c}{\textit{Caffeinated coffee consumption}} \\
\cline{3-7}
	&		& $\le$ 1	& 2-6	& 1	& 2-3	& $\ge$ 4	&   \\
	&		& cup/week	& cups/week	& cup/day	& cups/day	& cups/day	& Total  \\
\cline{2-8}
\textit{Clinical} & Yes	& 670 & \fbox{\textcolor{oiB}{373}}	& 905	& 564	& 95 	& 2,607 \\
\textit{depression}	& No& 11,545	& 6,244	& 16,329	& 11,726	& 2,288 	& 48,132 \\
\cline{2-8}
				& Total	& 12,215	& 6,617 & 17,234	& 12,290	& 2,383 	& 50,739 \\
\cline{2-8}
\end{tabular}
\end{center}
}
\end{adjustwidth}
\begin{parts}
\item What type of test is appropriate for evaluating if there is an 
association between coffee intake and depression?
\item Write the hypotheses for the test you identified in part (a).
\item Calculate the overall proportion of women who do and do not 
suffer from depression.
\item Identify the expected count for the highlighted cell, and 
calculate the contribution of this cell to the test statistic, i.e. 
$(Observed-Expected)^2/Expected$.
\item The test statistic is $\chi^2=20.93$. What is the p-value?
\item What is the conclusion of the hypothesis test?
\item One of the authors of this study was quoted on the NYTimes as 
saying it was ``too early to recommend that women load up on extra 
coffee"" based on just this study.\footfullcite{news:coffeeDepression} 
Do you agree with this statement? Explain your reasoning.
\end{parts}"
ch_inference_for_props_50_2,OpenIntro Statistics,ch_inference_for_props,50,12,2,Coffee and Depression,distribution,"Researchers conducted a study investigating the relationship between 
caffeinated coffee consumption and risk of depression in women. They 
collected data on 50,739 women free of depression symptoms at the start 
of the study in the year 1996, and these women were followed through 
2006. The researchers used questionnaires to collect data on 
caffeinated coffee consumption, asked each individual about physician-
diagnosed depression, and also asked about the use of antidepressants. 
The table below shows the distribution of incidences of depression by 
amount of caffeinated coffee consumption.[source: Lucas:2011]
adjustwidth-4em-4em

Table:
| 5cCaffeinated coffee consumption | | | | | | | |
| --- | --- | --- | --- | --- | --- | --- | --- |
| $$ 1 | 2-6 | 1 | 2-3 | $$ 4 | | | |
| cup/week | cups/week | cup/day | cups/day | cups/day | Total | | |
| Clinical | Yes | 670 | oiB373 | 905 | 564 | 95 | 2,607 |
| depression | No | 11,545 | 6,244 | 16,329 | 11,726 | 2,288 | 48,132 |
| Total | 12,215 | 6,617 | 17,234 | 12,290 | 2,383 | 50,739 | |

adjustwidth",Write the hypotheses for the test you identified in part (a).,"Coffee and Depression

Researchers conducted a study investigating the relationship between 
caffeinated coffee consumption and risk of depression in women. They 
collected data on 50,739 women free of depression symptoms at the start 
of the study in the year 1996, and these women were followed through 
2006. The researchers used questionnaires to collect data on 
caffeinated coffee consumption, asked each individual about physician-
diagnosed depression, and also asked about the use of antidepressants. 
The table below shows the distribution of incidences of depression by 
amount of caffeinated coffee consumption.[source: Lucas:2011]
adjustwidth-4em-4em

Table:
| 5cCaffeinated coffee consumption | | | | | | | |
| --- | --- | --- | --- | --- | --- | --- | --- |
| $$ 1 | 2-6 | 1 | 2-3 | $$ 4 | | | |
| cup/week | cups/week | cup/day | cups/day | cups/day | Total | | |
| Clinical | Yes | 670 | oiB373 | 905 | 564 | 95 | 2,607 |
| depression | No | 11,545 | 6,244 | 16,329 | 11,726 | 2,288 | 48,132 |
| Total | 12,215 | 6,617 | 17,234 | 12,290 | 2,383 | 50,739 | |

adjustwidth

Write the hypotheses for the test you identified in part (a).","\qt{Coffee and Depression\label{coffee_depression_chisq_indep}} 
Researchers conducted a study investigating the relationship between 
caffeinated coffee consumption and risk of depression in women. They 
collected data on 50,739 women free of depression symptoms at the start 
of the study in the year 1996, and these women were followed through 
2006. The researchers used questionnaires to collect data on 
caffeinated coffee consumption, asked each individual about physician-
diagnosed depression, and also asked about the use of antidepressants. 
The table below shows the distribution of incidences of depression by 
amount of caffeinated coffee consumption.\footfullcite{Lucas:2011}
\begin{adjustwidth}{-4em}{-4em}
{\small
\begin{center}
\begin{tabular}{l  l rrrrrr}
	&  \multicolumn{1}{c}{}		& \multicolumn{5}{c}{\textit{Caffeinated coffee consumption}} \\
\cline{3-7}
	&		& $\le$ 1	& 2-6	& 1	& 2-3	& $\ge$ 4	&   \\
	&		& cup/week	& cups/week	& cup/day	& cups/day	& cups/day	& Total  \\
\cline{2-8}
\textit{Clinical} & Yes	& 670 & \fbox{\textcolor{oiB}{373}}	& 905	& 564	& 95 	& 2,607 \\
\textit{depression}	& No& 11,545	& 6,244	& 16,329	& 11,726	& 2,288 	& 48,132 \\
\cline{2-8}
				& Total	& 12,215	& 6,617 & 17,234	& 12,290	& 2,383 	& 50,739 \\
\cline{2-8}
\end{tabular}
\end{center}
}
\end{adjustwidth}
\begin{parts}
\item What type of test is appropriate for evaluating if there is an 
association between coffee intake and depression?
\item Write the hypotheses for the test you identified in part (a).
\item Calculate the overall proportion of women who do and do not 
suffer from depression.
\item Identify the expected count for the highlighted cell, and 
calculate the contribution of this cell to the test statistic, i.e. 
$(Observed-Expected)^2/Expected$.
\item The test statistic is $\chi^2=20.93$. What is the p-value?
\item What is the conclusion of the hypothesis test?
\item One of the authors of this study was quoted on the NYTimes as 
saying it was ``too early to recommend that women load up on extra 
coffee"" based on just this study.\footfullcite{news:coffeeDepression} 
Do you agree with this statement? Explain your reasoning.
\end{parts}"
ch_inference_for_props_50_3,OpenIntro Statistics,ch_inference_for_props,50,12,3,Coffee and Depression,distribution,"Researchers conducted a study investigating the relationship between 
caffeinated coffee consumption and risk of depression in women. They 
collected data on 50,739 women free of depression symptoms at the start 
of the study in the year 1996, and these women were followed through 
2006. The researchers used questionnaires to collect data on 
caffeinated coffee consumption, asked each individual about physician-
diagnosed depression, and also asked about the use of antidepressants. 
The table below shows the distribution of incidences of depression by 
amount of caffeinated coffee consumption.[source: Lucas:2011]
adjustwidth-4em-4em

Table:
| 5cCaffeinated coffee consumption | | | | | | | |
| --- | --- | --- | --- | --- | --- | --- | --- |
| $$ 1 | 2-6 | 1 | 2-3 | $$ 4 | | | |
| cup/week | cups/week | cup/day | cups/day | cups/day | Total | | |
| Clinical | Yes | 670 | oiB373 | 905 | 564 | 95 | 2,607 |
| depression | No | 11,545 | 6,244 | 16,329 | 11,726 | 2,288 | 48,132 |
| Total | 12,215 | 6,617 | 17,234 | 12,290 | 2,383 | 50,739 | |

adjustwidth","Calculate the overall proportion of women who do and do not 
suffer from depression.","Coffee and Depression

Researchers conducted a study investigating the relationship between 
caffeinated coffee consumption and risk of depression in women. They 
collected data on 50,739 women free of depression symptoms at the start 
of the study in the year 1996, and these women were followed through 
2006. The researchers used questionnaires to collect data on 
caffeinated coffee consumption, asked each individual about physician-
diagnosed depression, and also asked about the use of antidepressants. 
The table below shows the distribution of incidences of depression by 
amount of caffeinated coffee consumption.[source: Lucas:2011]
adjustwidth-4em-4em

Table:
| 5cCaffeinated coffee consumption | | | | | | | |
| --- | --- | --- | --- | --- | --- | --- | --- |
| $$ 1 | 2-6 | 1 | 2-3 | $$ 4 | | | |
| cup/week | cups/week | cup/day | cups/day | cups/day | Total | | |
| Clinical | Yes | 670 | oiB373 | 905 | 564 | 95 | 2,607 |
| depression | No | 11,545 | 6,244 | 16,329 | 11,726 | 2,288 | 48,132 |
| Total | 12,215 | 6,617 | 17,234 | 12,290 | 2,383 | 50,739 | |

adjustwidth

Calculate the overall proportion of women who do and do not 
suffer from depression.","\qt{Coffee and Depression\label{coffee_depression_chisq_indep}} 
Researchers conducted a study investigating the relationship between 
caffeinated coffee consumption and risk of depression in women. They 
collected data on 50,739 women free of depression symptoms at the start 
of the study in the year 1996, and these women were followed through 
2006. The researchers used questionnaires to collect data on 
caffeinated coffee consumption, asked each individual about physician-
diagnosed depression, and also asked about the use of antidepressants. 
The table below shows the distribution of incidences of depression by 
amount of caffeinated coffee consumption.\footfullcite{Lucas:2011}
\begin{adjustwidth}{-4em}{-4em}
{\small
\begin{center}
\begin{tabular}{l  l rrrrrr}
	&  \multicolumn{1}{c}{}		& \multicolumn{5}{c}{\textit{Caffeinated coffee consumption}} \\
\cline{3-7}
	&		& $\le$ 1	& 2-6	& 1	& 2-3	& $\ge$ 4	&   \\
	&		& cup/week	& cups/week	& cup/day	& cups/day	& cups/day	& Total  \\
\cline{2-8}
\textit{Clinical} & Yes	& 670 & \fbox{\textcolor{oiB}{373}}	& 905	& 564	& 95 	& 2,607 \\
\textit{depression}	& No& 11,545	& 6,244	& 16,329	& 11,726	& 2,288 	& 48,132 \\
\cline{2-8}
				& Total	& 12,215	& 6,617 & 17,234	& 12,290	& 2,383 	& 50,739 \\
\cline{2-8}
\end{tabular}
\end{center}
}
\end{adjustwidth}
\begin{parts}
\item What type of test is appropriate for evaluating if there is an 
association between coffee intake and depression?
\item Write the hypotheses for the test you identified in part (a).
\item Calculate the overall proportion of women who do and do not 
suffer from depression.
\item Identify the expected count for the highlighted cell, and 
calculate the contribution of this cell to the test statistic, i.e. 
$(Observed-Expected)^2/Expected$.
\item The test statistic is $\chi^2=20.93$. What is the p-value?
\item What is the conclusion of the hypothesis test?
\item One of the authors of this study was quoted on the NYTimes as 
saying it was ``too early to recommend that women load up on extra 
coffee"" based on just this study.\footfullcite{news:coffeeDepression} 
Do you agree with this statement? Explain your reasoning.
\end{parts}"
ch_inference_for_props_50_4,OpenIntro Statistics,ch_inference_for_props,50,12,4,Coffee and Depression,distribution,"Researchers conducted a study investigating the relationship between 
caffeinated coffee consumption and risk of depression in women. They 
collected data on 50,739 women free of depression symptoms at the start 
of the study in the year 1996, and these women were followed through 
2006. The researchers used questionnaires to collect data on 
caffeinated coffee consumption, asked each individual about physician-
diagnosed depression, and also asked about the use of antidepressants. 
The table below shows the distribution of incidences of depression by 
amount of caffeinated coffee consumption.[source: Lucas:2011]
adjustwidth-4em-4em

Table:
| 5cCaffeinated coffee consumption | | | | | | | |
| --- | --- | --- | --- | --- | --- | --- | --- |
| $$ 1 | 2-6 | 1 | 2-3 | $$ 4 | | | |
| cup/week | cups/week | cup/day | cups/day | cups/day | Total | | |
| Clinical | Yes | 670 | oiB373 | 905 | 564 | 95 | 2,607 |
| depression | No | 11,545 | 6,244 | 16,329 | 11,726 | 2,288 | 48,132 |
| Total | 12,215 | 6,617 | 17,234 | 12,290 | 2,383 | 50,739 | |

adjustwidth","Identify the expected count for the highlighted cell, and 
calculate the contribution of this cell to the test statistic, i.e. 
$(Observed-Expected)^2/Expected$.","Coffee and Depression

Researchers conducted a study investigating the relationship between 
caffeinated coffee consumption and risk of depression in women. They 
collected data on 50,739 women free of depression symptoms at the start 
of the study in the year 1996, and these women were followed through 
2006. The researchers used questionnaires to collect data on 
caffeinated coffee consumption, asked each individual about physician-
diagnosed depression, and also asked about the use of antidepressants. 
The table below shows the distribution of incidences of depression by 
amount of caffeinated coffee consumption.[source: Lucas:2011]
adjustwidth-4em-4em

Table:
| 5cCaffeinated coffee consumption | | | | | | | |
| --- | --- | --- | --- | --- | --- | --- | --- |
| $$ 1 | 2-6 | 1 | 2-3 | $$ 4 | | | |
| cup/week | cups/week | cup/day | cups/day | cups/day | Total | | |
| Clinical | Yes | 670 | oiB373 | 905 | 564 | 95 | 2,607 |
| depression | No | 11,545 | 6,244 | 16,329 | 11,726 | 2,288 | 48,132 |
| Total | 12,215 | 6,617 | 17,234 | 12,290 | 2,383 | 50,739 | |

adjustwidth

Identify the expected count for the highlighted cell, and 
calculate the contribution of this cell to the test statistic, i.e. 
$(Observed-Expected)^2/Expected$.","\qt{Coffee and Depression\label{coffee_depression_chisq_indep}} 
Researchers conducted a study investigating the relationship between 
caffeinated coffee consumption and risk of depression in women. They 
collected data on 50,739 women free of depression symptoms at the start 
of the study in the year 1996, and these women were followed through 
2006. The researchers used questionnaires to collect data on 
caffeinated coffee consumption, asked each individual about physician-
diagnosed depression, and also asked about the use of antidepressants. 
The table below shows the distribution of incidences of depression by 
amount of caffeinated coffee consumption.\footfullcite{Lucas:2011}
\begin{adjustwidth}{-4em}{-4em}
{\small
\begin{center}
\begin{tabular}{l  l rrrrrr}
	&  \multicolumn{1}{c}{}		& \multicolumn{5}{c}{\textit{Caffeinated coffee consumption}} \\
\cline{3-7}
	&		& $\le$ 1	& 2-6	& 1	& 2-3	& $\ge$ 4	&   \\
	&		& cup/week	& cups/week	& cup/day	& cups/day	& cups/day	& Total  \\
\cline{2-8}
\textit{Clinical} & Yes	& 670 & \fbox{\textcolor{oiB}{373}}	& 905	& 564	& 95 	& 2,607 \\
\textit{depression}	& No& 11,545	& 6,244	& 16,329	& 11,726	& 2,288 	& 48,132 \\
\cline{2-8}
				& Total	& 12,215	& 6,617 & 17,234	& 12,290	& 2,383 	& 50,739 \\
\cline{2-8}
\end{tabular}
\end{center}
}
\end{adjustwidth}
\begin{parts}
\item What type of test is appropriate for evaluating if there is an 
association between coffee intake and depression?
\item Write the hypotheses for the test you identified in part (a).
\item Calculate the overall proportion of women who do and do not 
suffer from depression.
\item Identify the expected count for the highlighted cell, and 
calculate the contribution of this cell to the test statistic, i.e. 
$(Observed-Expected)^2/Expected$.
\item The test statistic is $\chi^2=20.93$. What is the p-value?
\item What is the conclusion of the hypothesis test?
\item One of the authors of this study was quoted on the NYTimes as 
saying it was ``too early to recommend that women load up on extra 
coffee"" based on just this study.\footfullcite{news:coffeeDepression} 
Do you agree with this statement? Explain your reasoning.
\end{parts}"
ch_inference_for_props_50_5,OpenIntro Statistics,ch_inference_for_props,50,12,5,Coffee and Depression,hypothesis_testing,"Researchers conducted a study investigating the relationship between 
caffeinated coffee consumption and risk of depression in women. They 
collected data on 50,739 women free of depression symptoms at the start 
of the study in the year 1996, and these women were followed through 
2006. The researchers used questionnaires to collect data on 
caffeinated coffee consumption, asked each individual about physician-
diagnosed depression, and also asked about the use of antidepressants. 
The table below shows the distribution of incidences of depression by 
amount of caffeinated coffee consumption.[source: Lucas:2011]
adjustwidth-4em-4em

Table:
| 5cCaffeinated coffee consumption | | | | | | | |
| --- | --- | --- | --- | --- | --- | --- | --- |
| $$ 1 | 2-6 | 1 | 2-3 | $$ 4 | | | |
| cup/week | cups/week | cup/day | cups/day | cups/day | Total | | |
| Clinical | Yes | 670 | oiB373 | 905 | 564 | 95 | 2,607 |
| depression | No | 11,545 | 6,244 | 16,329 | 11,726 | 2,288 | 48,132 |
| Total | 12,215 | 6,617 | 17,234 | 12,290 | 2,383 | 50,739 | |

adjustwidth",The test statistic is $^2=20.93$. What is the p-value?,"Coffee and Depression

Researchers conducted a study investigating the relationship between 
caffeinated coffee consumption and risk of depression in women. They 
collected data on 50,739 women free of depression symptoms at the start 
of the study in the year 1996, and these women were followed through 
2006. The researchers used questionnaires to collect data on 
caffeinated coffee consumption, asked each individual about physician-
diagnosed depression, and also asked about the use of antidepressants. 
The table below shows the distribution of incidences of depression by 
amount of caffeinated coffee consumption.[source: Lucas:2011]
adjustwidth-4em-4em

Table:
| 5cCaffeinated coffee consumption | | | | | | | |
| --- | --- | --- | --- | --- | --- | --- | --- |
| $$ 1 | 2-6 | 1 | 2-3 | $$ 4 | | | |
| cup/week | cups/week | cup/day | cups/day | cups/day | Total | | |
| Clinical | Yes | 670 | oiB373 | 905 | 564 | 95 | 2,607 |
| depression | No | 11,545 | 6,244 | 16,329 | 11,726 | 2,288 | 48,132 |
| Total | 12,215 | 6,617 | 17,234 | 12,290 | 2,383 | 50,739 | |

adjustwidth

The test statistic is $^2=20.93$. What is the p-value?","\qt{Coffee and Depression\label{coffee_depression_chisq_indep}} 
Researchers conducted a study investigating the relationship between 
caffeinated coffee consumption and risk of depression in women. They 
collected data on 50,739 women free of depression symptoms at the start 
of the study in the year 1996, and these women were followed through 
2006. The researchers used questionnaires to collect data on 
caffeinated coffee consumption, asked each individual about physician-
diagnosed depression, and also asked about the use of antidepressants. 
The table below shows the distribution of incidences of depression by 
amount of caffeinated coffee consumption.\footfullcite{Lucas:2011}
\begin{adjustwidth}{-4em}{-4em}
{\small
\begin{center}
\begin{tabular}{l  l rrrrrr}
	&  \multicolumn{1}{c}{}		& \multicolumn{5}{c}{\textit{Caffeinated coffee consumption}} \\
\cline{3-7}
	&		& $\le$ 1	& 2-6	& 1	& 2-3	& $\ge$ 4	&   \\
	&		& cup/week	& cups/week	& cup/day	& cups/day	& cups/day	& Total  \\
\cline{2-8}
\textit{Clinical} & Yes	& 670 & \fbox{\textcolor{oiB}{373}}	& 905	& 564	& 95 	& 2,607 \\
\textit{depression}	& No& 11,545	& 6,244	& 16,329	& 11,726	& 2,288 	& 48,132 \\
\cline{2-8}
				& Total	& 12,215	& 6,617 & 17,234	& 12,290	& 2,383 	& 50,739 \\
\cline{2-8}
\end{tabular}
\end{center}
}
\end{adjustwidth}
\begin{parts}
\item What type of test is appropriate for evaluating if there is an 
association between coffee intake and depression?
\item Write the hypotheses for the test you identified in part (a).
\item Calculate the overall proportion of women who do and do not 
suffer from depression.
\item Identify the expected count for the highlighted cell, and 
calculate the contribution of this cell to the test statistic, i.e. 
$(Observed-Expected)^2/Expected$.
\item The test statistic is $\chi^2=20.93$. What is the p-value?
\item What is the conclusion of the hypothesis test?
\item One of the authors of this study was quoted on the NYTimes as 
saying it was ``too early to recommend that women load up on extra 
coffee"" based on just this study.\footfullcite{news:coffeeDepression} 
Do you agree with this statement? Explain your reasoning.
\end{parts}"
ch_inference_for_props_50_6,OpenIntro Statistics,ch_inference_for_props,50,12,6,Coffee and Depression,hypothesis_testing,"Researchers conducted a study investigating the relationship between 
caffeinated coffee consumption and risk of depression in women. They 
collected data on 50,739 women free of depression symptoms at the start 
of the study in the year 1996, and these women were followed through 
2006. The researchers used questionnaires to collect data on 
caffeinated coffee consumption, asked each individual about physician-
diagnosed depression, and also asked about the use of antidepressants. 
The table below shows the distribution of incidences of depression by 
amount of caffeinated coffee consumption.[source: Lucas:2011]
adjustwidth-4em-4em

Table:
| 5cCaffeinated coffee consumption | | | | | | | |
| --- | --- | --- | --- | --- | --- | --- | --- |
| $$ 1 | 2-6 | 1 | 2-3 | $$ 4 | | | |
| cup/week | cups/week | cup/day | cups/day | cups/day | Total | | |
| Clinical | Yes | 670 | oiB373 | 905 | 564 | 95 | 2,607 |
| depression | No | 11,545 | 6,244 | 16,329 | 11,726 | 2,288 | 48,132 |
| Total | 12,215 | 6,617 | 17,234 | 12,290 | 2,383 | 50,739 | |

adjustwidth",What is the conclusion of the hypothesis test?,"Coffee and Depression

Researchers conducted a study investigating the relationship between 
caffeinated coffee consumption and risk of depression in women. They 
collected data on 50,739 women free of depression symptoms at the start 
of the study in the year 1996, and these women were followed through 
2006. The researchers used questionnaires to collect data on 
caffeinated coffee consumption, asked each individual about physician-
diagnosed depression, and also asked about the use of antidepressants. 
The table below shows the distribution of incidences of depression by 
amount of caffeinated coffee consumption.[source: Lucas:2011]
adjustwidth-4em-4em

Table:
| 5cCaffeinated coffee consumption | | | | | | | |
| --- | --- | --- | --- | --- | --- | --- | --- |
| $$ 1 | 2-6 | 1 | 2-3 | $$ 4 | | | |
| cup/week | cups/week | cup/day | cups/day | cups/day | Total | | |
| Clinical | Yes | 670 | oiB373 | 905 | 564 | 95 | 2,607 |
| depression | No | 11,545 | 6,244 | 16,329 | 11,726 | 2,288 | 48,132 |
| Total | 12,215 | 6,617 | 17,234 | 12,290 | 2,383 | 50,739 | |

adjustwidth

What is the conclusion of the hypothesis test?","\qt{Coffee and Depression\label{coffee_depression_chisq_indep}} 
Researchers conducted a study investigating the relationship between 
caffeinated coffee consumption and risk of depression in women. They 
collected data on 50,739 women free of depression symptoms at the start 
of the study in the year 1996, and these women were followed through 
2006. The researchers used questionnaires to collect data on 
caffeinated coffee consumption, asked each individual about physician-
diagnosed depression, and also asked about the use of antidepressants. 
The table below shows the distribution of incidences of depression by 
amount of caffeinated coffee consumption.\footfullcite{Lucas:2011}
\begin{adjustwidth}{-4em}{-4em}
{\small
\begin{center}
\begin{tabular}{l  l rrrrrr}
	&  \multicolumn{1}{c}{}		& \multicolumn{5}{c}{\textit{Caffeinated coffee consumption}} \\
\cline{3-7}
	&		& $\le$ 1	& 2-6	& 1	& 2-3	& $\ge$ 4	&   \\
	&		& cup/week	& cups/week	& cup/day	& cups/day	& cups/day	& Total  \\
\cline{2-8}
\textit{Clinical} & Yes	& 670 & \fbox{\textcolor{oiB}{373}}	& 905	& 564	& 95 	& 2,607 \\
\textit{depression}	& No& 11,545	& 6,244	& 16,329	& 11,726	& 2,288 	& 48,132 \\
\cline{2-8}
				& Total	& 12,215	& 6,617 & 17,234	& 12,290	& 2,383 	& 50,739 \\
\cline{2-8}
\end{tabular}
\end{center}
}
\end{adjustwidth}
\begin{parts}
\item What type of test is appropriate for evaluating if there is an 
association between coffee intake and depression?
\item Write the hypotheses for the test you identified in part (a).
\item Calculate the overall proportion of women who do and do not 
suffer from depression.
\item Identify the expected count for the highlighted cell, and 
calculate the contribution of this cell to the test statistic, i.e. 
$(Observed-Expected)^2/Expected$.
\item The test statistic is $\chi^2=20.93$. What is the p-value?
\item What is the conclusion of the hypothesis test?
\item One of the authors of this study was quoted on the NYTimes as 
saying it was ``too early to recommend that women load up on extra 
coffee"" based on just this study.\footfullcite{news:coffeeDepression} 
Do you agree with this statement? Explain your reasoning.
\end{parts}"
ch_inference_for_props_50_7,OpenIntro Statistics,ch_inference_for_props,50,12,7,Coffee and Depression,distribution,"Researchers conducted a study investigating the relationship between 
caffeinated coffee consumption and risk of depression in women. They 
collected data on 50,739 women free of depression symptoms at the start 
of the study in the year 1996, and these women were followed through 
2006. The researchers used questionnaires to collect data on 
caffeinated coffee consumption, asked each individual about physician-
diagnosed depression, and also asked about the use of antidepressants. 
The table below shows the distribution of incidences of depression by 
amount of caffeinated coffee consumption.[source: Lucas:2011]
adjustwidth-4em-4em

Table:
| 5cCaffeinated coffee consumption | | | | | | | |
| --- | --- | --- | --- | --- | --- | --- | --- |
| $$ 1 | 2-6 | 1 | 2-3 | $$ 4 | | | |
| cup/week | cups/week | cup/day | cups/day | cups/day | Total | | |
| Clinical | Yes | 670 | oiB373 | 905 | 564 | 95 | 2,607 |
| depression | No | 11,545 | 6,244 | 16,329 | 11,726 | 2,288 | 48,132 |
| Total | 12,215 | 6,617 | 17,234 | 12,290 | 2,383 | 50,739 | |

adjustwidth","One of the authors of this study was quoted on the NYTimes as 
saying it was ``too early to recommend that women load up on extra 
coffee"" based on just this study.[source: news:coffeeDepression] 
Do you agree with this statement? Explain your reasoning.","Coffee and Depression

Researchers conducted a study investigating the relationship between 
caffeinated coffee consumption and risk of depression in women. They 
collected data on 50,739 women free of depression symptoms at the start 
of the study in the year 1996, and these women were followed through 
2006. The researchers used questionnaires to collect data on 
caffeinated coffee consumption, asked each individual about physician-
diagnosed depression, and also asked about the use of antidepressants. 
The table below shows the distribution of incidences of depression by 
amount of caffeinated coffee consumption.[source: Lucas:2011]
adjustwidth-4em-4em

Table:
| 5cCaffeinated coffee consumption | | | | | | | |
| --- | --- | --- | --- | --- | --- | --- | --- |
| $$ 1 | 2-6 | 1 | 2-3 | $$ 4 | | | |
| cup/week | cups/week | cup/day | cups/day | cups/day | Total | | |
| Clinical | Yes | 670 | oiB373 | 905 | 564 | 95 | 2,607 |
| depression | No | 11,545 | 6,244 | 16,329 | 11,726 | 2,288 | 48,132 |
| Total | 12,215 | 6,617 | 17,234 | 12,290 | 2,383 | 50,739 | |

adjustwidth

One of the authors of this study was quoted on the NYTimes as 
saying it was ``too early to recommend that women load up on extra 
coffee"" based on just this study.[source: news:coffeeDepression] 
Do you agree with this statement? Explain your reasoning.","\qt{Coffee and Depression\label{coffee_depression_chisq_indep}} 
Researchers conducted a study investigating the relationship between 
caffeinated coffee consumption and risk of depression in women. They 
collected data on 50,739 women free of depression symptoms at the start 
of the study in the year 1996, and these women were followed through 
2006. The researchers used questionnaires to collect data on 
caffeinated coffee consumption, asked each individual about physician-
diagnosed depression, and also asked about the use of antidepressants. 
The table below shows the distribution of incidences of depression by 
amount of caffeinated coffee consumption.\footfullcite{Lucas:2011}
\begin{adjustwidth}{-4em}{-4em}
{\small
\begin{center}
\begin{tabular}{l  l rrrrrr}
	&  \multicolumn{1}{c}{}		& \multicolumn{5}{c}{\textit{Caffeinated coffee consumption}} \\
\cline{3-7}
	&		& $\le$ 1	& 2-6	& 1	& 2-3	& $\ge$ 4	&   \\
	&		& cup/week	& cups/week	& cup/day	& cups/day	& cups/day	& Total  \\
\cline{2-8}
\textit{Clinical} & Yes	& 670 & \fbox{\textcolor{oiB}{373}}	& 905	& 564	& 95 	& 2,607 \\
\textit{depression}	& No& 11,545	& 6,244	& 16,329	& 11,726	& 2,288 	& 48,132 \\
\cline{2-8}
				& Total	& 12,215	& 6,617 & 17,234	& 12,290	& 2,383 	& 50,739 \\
\cline{2-8}
\end{tabular}
\end{center}
}
\end{adjustwidth}
\begin{parts}
\item What type of test is appropriate for evaluating if there is an 
association between coffee intake and depression?
\item Write the hypotheses for the test you identified in part (a).
\item Calculate the overall proportion of women who do and do not 
suffer from depression.
\item Identify the expected count for the highlighted cell, and 
calculate the contribution of this cell to the test statistic, i.e. 
$(Observed-Expected)^2/Expected$.
\item The test statistic is $\chi^2=20.93$. What is the p-value?
\item What is the conclusion of the hypothesis test?
\item One of the authors of this study was quoted on the NYTimes as 
saying it was ``too early to recommend that women load up on extra 
coffee"" based on just this study.\footfullcite{news:coffeeDepression} 
Do you agree with this statement? Explain your reasoning.
\end{parts}"
ch_intro_to_data_35_1,OpenIntro Statistics,ch_intro_to_data,35,1,1,Pet names,unknown,"The city of Seattle, WA has an open data portal that
includes pets registered in the city.
For each registered pet,
we have information on the pet's name and species.
The following visualization plots the proportion of dogs
with a given name versus the proportion of cats with the
same name.
The 20 most common cat and dog names are displayed.
The diagonal line on the plot is the $x = y$ line;
if a name appeared on this line, the name's popularity
would be exactly the same for dogs and cats.

0.4

minipage
minipage[c]0.05
\ 
minipage
minipage[c]0.53

0.95eoce/seattle_pet_namesseattle_pet_names

minipage","Are these data collected as part of an experiment
 or an observational study?","Pet names

The city of Seattle, WA has an open data portal that
includes pets registered in the city.
For each registered pet,
we have information on the pet's name and species.
The following visualization plots the proportion of dogs
with a given name versus the proportion of cats with the
same name.
The 20 most common cat and dog names are displayed.
The diagonal line on the plot is the $x = y$ line;
if a name appeared on this line, the name's popularity
would be exactly the same for dogs and cats.

0.4

minipage
minipage[c]0.05
\ 
minipage
minipage[c]0.53

0.95eoce/seattle_pet_namesseattle_pet_names

minipage

Are these data collected as part of an experiment
 or an observational study?","% Replaces gpa_study_hours
\qt{Pet names\label{seattle_pet_names}}
The city of Seattle, WA has an open data portal that
includes pets registered in the city.
For each registered pet,
we have information on the pet's name and species.
The following visualization plots the proportion of dogs
with a given name versus the proportion of cats with the
same name.
The 20 most common cat and dog names are displayed.
The diagonal line on the plot is the $x = y$ line;
if a name appeared on this line, the name's popularity
would be exactly the same for dogs and cats.

\noindent\begin{minipage}[c]{0.4\textwidth}
\raggedright\begin{parts}
\item
    Are these data collected as part of an experiment
    or an observational study?
\item
    What is the most common dog name? What is the most
    common cat name?
\item
    What names are more common for cats than dogs?
\item
    Is the relationship between the two variables
    positive or negative? 
    What does this mean in context of the data?
\end{parts}\vspace{5mm}
\end{minipage}
\begin{minipage}[c]{0.05\textwidth}
\ 
\end{minipage}
\begin{minipage}[c]{0.53\textwidth}
\begin{center}
\Figures[A scatterplot is shown, where each point is labeled with a pet name. The horizontal axis represents ""Proportion of cats"" and runs from 0.002 to 0.010. The vertical axis represents ""Proportion of dogs"" and runs from 0.002 to 0.010. There is also a diagonal line (y = x), and only two points fall below this line: ""Oliver"" at about (0.0045, 0.004) and ""Lily"" at about (0.005, 0.004). There is a slightly positive trend in the data, the most extreme cases (highest proportions for dogs or cats) are ""Lucy"" at (0.006, 0.0095), ""Charlie"" at (0.005, 0.009), ""Luna"" at (0.0065, 0.007), and ""Bella"" at (0.005, 0.007).]{0.95}{eoce/seattle_pet_names}{seattle_pet_names}
\end{center}
\end{minipage}"
ch_intro_to_data_35_2,OpenIntro Statistics,ch_intro_to_data,35,1,2,Pet names,unknown,"The city of Seattle, WA has an open data portal that
includes pets registered in the city.
For each registered pet,
we have information on the pet's name and species.
The following visualization plots the proportion of dogs
with a given name versus the proportion of cats with the
same name.
The 20 most common cat and dog names are displayed.
The diagonal line on the plot is the $x = y$ line;
if a name appeared on this line, the name's popularity
would be exactly the same for dogs and cats.

0.4

minipage
minipage[c]0.05
\ 
minipage
minipage[c]0.53

0.95eoce/seattle_pet_namesseattle_pet_names

minipage","What is the most common dog name? What is the most
 common cat name?","Pet names

The city of Seattle, WA has an open data portal that
includes pets registered in the city.
For each registered pet,
we have information on the pet's name and species.
The following visualization plots the proportion of dogs
with a given name versus the proportion of cats with the
same name.
The 20 most common cat and dog names are displayed.
The diagonal line on the plot is the $x = y$ line;
if a name appeared on this line, the name's popularity
would be exactly the same for dogs and cats.

0.4

minipage
minipage[c]0.05
\ 
minipage
minipage[c]0.53

0.95eoce/seattle_pet_namesseattle_pet_names

minipage

What is the most common dog name? What is the most
 common cat name?","% Replaces gpa_study_hours
\qt{Pet names\label{seattle_pet_names}}
The city of Seattle, WA has an open data portal that
includes pets registered in the city.
For each registered pet,
we have information on the pet's name and species.
The following visualization plots the proportion of dogs
with a given name versus the proportion of cats with the
same name.
The 20 most common cat and dog names are displayed.
The diagonal line on the plot is the $x = y$ line;
if a name appeared on this line, the name's popularity
would be exactly the same for dogs and cats.

\noindent\begin{minipage}[c]{0.4\textwidth}
\raggedright\begin{parts}
\item
    Are these data collected as part of an experiment
    or an observational study?
\item
    What is the most common dog name? What is the most
    common cat name?
\item
    What names are more common for cats than dogs?
\item
    Is the relationship between the two variables
    positive or negative? 
    What does this mean in context of the data?
\end{parts}\vspace{5mm}
\end{minipage}
\begin{minipage}[c]{0.05\textwidth}
\ 
\end{minipage}
\begin{minipage}[c]{0.53\textwidth}
\begin{center}
\Figures[A scatterplot is shown, where each point is labeled with a pet name. The horizontal axis represents ""Proportion of cats"" and runs from 0.002 to 0.010. The vertical axis represents ""Proportion of dogs"" and runs from 0.002 to 0.010. There is also a diagonal line (y = x), and only two points fall below this line: ""Oliver"" at about (0.0045, 0.004) and ""Lily"" at about (0.005, 0.004). There is a slightly positive trend in the data, the most extreme cases (highest proportions for dogs or cats) are ""Lucy"" at (0.006, 0.0095), ""Charlie"" at (0.005, 0.009), ""Luna"" at (0.0065, 0.007), and ""Bella"" at (0.005, 0.007).]{0.95}{eoce/seattle_pet_names}{seattle_pet_names}
\end{center}
\end{minipage}"
ch_intro_to_data_35_3,OpenIntro Statistics,ch_intro_to_data,35,1,3,Pet names,unknown,"The city of Seattle, WA has an open data portal that
includes pets registered in the city.
For each registered pet,
we have information on the pet's name and species.
The following visualization plots the proportion of dogs
with a given name versus the proportion of cats with the
same name.
The 20 most common cat and dog names are displayed.
The diagonal line on the plot is the $x = y$ line;
if a name appeared on this line, the name's popularity
would be exactly the same for dogs and cats.

0.4

minipage
minipage[c]0.05
\ 
minipage
minipage[c]0.53

0.95eoce/seattle_pet_namesseattle_pet_names

minipage",What names are more common for cats than dogs?,"Pet names

The city of Seattle, WA has an open data portal that
includes pets registered in the city.
For each registered pet,
we have information on the pet's name and species.
The following visualization plots the proportion of dogs
with a given name versus the proportion of cats with the
same name.
The 20 most common cat and dog names are displayed.
The diagonal line on the plot is the $x = y$ line;
if a name appeared on this line, the name's popularity
would be exactly the same for dogs and cats.

0.4

minipage
minipage[c]0.05
\ 
minipage
minipage[c]0.53

0.95eoce/seattle_pet_namesseattle_pet_names

minipage

What names are more common for cats than dogs?","% Replaces gpa_study_hours
\qt{Pet names\label{seattle_pet_names}}
The city of Seattle, WA has an open data portal that
includes pets registered in the city.
For each registered pet,
we have information on the pet's name and species.
The following visualization plots the proportion of dogs
with a given name versus the proportion of cats with the
same name.
The 20 most common cat and dog names are displayed.
The diagonal line on the plot is the $x = y$ line;
if a name appeared on this line, the name's popularity
would be exactly the same for dogs and cats.

\noindent\begin{minipage}[c]{0.4\textwidth}
\raggedright\begin{parts}
\item
    Are these data collected as part of an experiment
    or an observational study?
\item
    What is the most common dog name? What is the most
    common cat name?
\item
    What names are more common for cats than dogs?
\item
    Is the relationship between the two variables
    positive or negative? 
    What does this mean in context of the data?
\end{parts}\vspace{5mm}
\end{minipage}
\begin{minipage}[c]{0.05\textwidth}
\ 
\end{minipage}
\begin{minipage}[c]{0.53\textwidth}
\begin{center}
\Figures[A scatterplot is shown, where each point is labeled with a pet name. The horizontal axis represents ""Proportion of cats"" and runs from 0.002 to 0.010. The vertical axis represents ""Proportion of dogs"" and runs from 0.002 to 0.010. There is also a diagonal line (y = x), and only two points fall below this line: ""Oliver"" at about (0.0045, 0.004) and ""Lily"" at about (0.005, 0.004). There is a slightly positive trend in the data, the most extreme cases (highest proportions for dogs or cats) are ""Lucy"" at (0.006, 0.0095), ""Charlie"" at (0.005, 0.009), ""Luna"" at (0.0065, 0.007), and ""Bella"" at (0.005, 0.007).]{0.95}{eoce/seattle_pet_names}{seattle_pet_names}
\end{center}
\end{minipage}"
ch_intro_to_data_35_4,OpenIntro Statistics,ch_intro_to_data,35,1,4,Pet names,mean_variance,"The city of Seattle, WA has an open data portal that
includes pets registered in the city.
For each registered pet,
we have information on the pet's name and species.
The following visualization plots the proportion of dogs
with a given name versus the proportion of cats with the
same name.
The 20 most common cat and dog names are displayed.
The diagonal line on the plot is the $x = y$ line;
if a name appeared on this line, the name's popularity
would be exactly the same for dogs and cats.

0.4

minipage
minipage[c]0.05
\ 
minipage
minipage[c]0.53

0.95eoce/seattle_pet_namesseattle_pet_names

minipage","Is the relationship between the two variables
 positive or negative? 
 What does this mean in context of the data?","Pet names

The city of Seattle, WA has an open data portal that
includes pets registered in the city.
For each registered pet,
we have information on the pet's name and species.
The following visualization plots the proportion of dogs
with a given name versus the proportion of cats with the
same name.
The 20 most common cat and dog names are displayed.
The diagonal line on the plot is the $x = y$ line;
if a name appeared on this line, the name's popularity
would be exactly the same for dogs and cats.

0.4

minipage
minipage[c]0.05
\ 
minipage
minipage[c]0.53

0.95eoce/seattle_pet_namesseattle_pet_names

minipage

Is the relationship between the two variables
 positive or negative? 
 What does this mean in context of the data?","% Replaces gpa_study_hours
\qt{Pet names\label{seattle_pet_names}}
The city of Seattle, WA has an open data portal that
includes pets registered in the city.
For each registered pet,
we have information on the pet's name and species.
The following visualization plots the proportion of dogs
with a given name versus the proportion of cats with the
same name.
The 20 most common cat and dog names are displayed.
The diagonal line on the plot is the $x = y$ line;
if a name appeared on this line, the name's popularity
would be exactly the same for dogs and cats.

\noindent\begin{minipage}[c]{0.4\textwidth}
\raggedright\begin{parts}
\item
    Are these data collected as part of an experiment
    or an observational study?
\item
    What is the most common dog name? What is the most
    common cat name?
\item
    What names are more common for cats than dogs?
\item
    Is the relationship between the two variables
    positive or negative? 
    What does this mean in context of the data?
\end{parts}\vspace{5mm}
\end{minipage}
\begin{minipage}[c]{0.05\textwidth}
\ 
\end{minipage}
\begin{minipage}[c]{0.53\textwidth}
\begin{center}
\Figures[A scatterplot is shown, where each point is labeled with a pet name. The horizontal axis represents ""Proportion of cats"" and runs from 0.002 to 0.010. The vertical axis represents ""Proportion of dogs"" and runs from 0.002 to 0.010. There is also a diagonal line (y = x), and only two points fall below this line: ""Oliver"" at about (0.0045, 0.004) and ""Lily"" at about (0.005, 0.004). There is a slightly positive trend in the data, the most extreme cases (highest proportions for dogs or cats) are ""Lucy"" at (0.006, 0.0095), ""Charlie"" at (0.005, 0.009), ""Luna"" at (0.0065, 0.007), and ""Bella"" at (0.005, 0.007).]{0.95}{eoce/seattle_pet_names}{seattle_pet_names}
\end{center}
\end{minipage}"
ch_intro_to_data_36_1,OpenIntro Statistics,ch_intro_to_data,36,2,1,"Stressed out, Part II",unknown,"In a study evaluating the 
relationship between stress and muscle cramps, half the subjects are randomly assigned to be exposed to increased stress by being placed into an elevator that falls rapidly and stops abruptly and the other half are left at no or baseline stress.",What type of study is this?,"Stressed out, Part II

In a study evaluating the 
relationship between stress and muscle cramps, half the subjects are randomly assigned to be exposed to increased stress by being placed into an elevator that falls rapidly and stops abruptly and the other half are left at no or baseline stress.

What type of study is this?","\qt{Stressed out, Part II\label{stressed_out_experiment}} In a study evaluating the 
relationship between stress and muscle cramps, half the subjects are randomly assigned to be exposed to increased stress by being placed into an elevator that falls rapidly and stops abruptly and the other half are left at no or baseline stress.
\begin{parts}
\item What type of study is this?
\item Can this study be used to conclude a causal relationship between increased stress 
and muscle cramps?
\end{parts}"
ch_intro_to_data_36_2,OpenIntro Statistics,ch_intro_to_data,36,2,2,"Stressed out, Part II",unknown,"In a study evaluating the 
relationship between stress and muscle cramps, half the subjects are randomly assigned to be exposed to increased stress by being placed into an elevator that falls rapidly and stops abruptly and the other half are left at no or baseline stress.","Can this study be used to conclude a causal relationship between increased stress 
and muscle cramps?","Stressed out, Part II

In a study evaluating the 
relationship between stress and muscle cramps, half the subjects are randomly assigned to be exposed to increased stress by being placed into an elevator that falls rapidly and stops abruptly and the other half are left at no or baseline stress.

Can this study be used to conclude a causal relationship between increased stress 
and muscle cramps?","\qt{Stressed out, Part II\label{stressed_out_experiment}} In a study evaluating the 
relationship between stress and muscle cramps, half the subjects are randomly assigned to be exposed to increased stress by being placed into an elevator that falls rapidly and stops abruptly and the other half are left at no or baseline stress.
\begin{parts}
\item What type of study is this?
\item Can this study be used to conclude a causal relationship between increased stress 
and muscle cramps?
\end{parts}"
ch_intro_to_data_37_1,OpenIntro Statistics,ch_intro_to_data,37,3,1,Chia seeds and weight loss,unknown,"Chia Pets -- those terra-cotta 
figurines that sprout fuzzy green hair -- made the chia plant a household name. But chia 
has gained an entirely new reputation as a diet supplement. In one 2009 study, a team 
of researchers recruited 38 men and divided them randomly into two groups: treatment or 
control. They also recruited 38 women, and they randomly placed half of these 
participants into the treatment group and the other half into the control group. One 
group was given 25 grams of chia seeds twice a day, and the other was given a placebo. 
The subjects volunteered to be a part of the study. After 12 weeks, the scientists found 
no significant difference between the groups in appetite or weight loss. 
[source: Nieman:2009]",What type of study is this?,"Chia seeds and weight loss

Chia Pets -- those terra-cotta 
figurines that sprout fuzzy green hair -- made the chia plant a household name. But chia 
has gained an entirely new reputation as a diet supplement. In one 2009 study, a team 
of researchers recruited 38 men and divided them randomly into two groups: treatment or 
control. They also recruited 38 women, and they randomly placed half of these 
participants into the treatment group and the other half into the control group. One 
group was given 25 grams of chia seeds twice a day, and the other was given a placebo. 
The subjects volunteered to be a part of the study. After 12 weeks, the scientists found 
no significant difference between the groups in appetite or weight loss. 
[source: Nieman:2009]

What type of study is this?","\qt{Chia seeds and weight loss\label{chia_weight_lostt}} Chia Pets -- those terra-cotta 
figurines that sprout fuzzy green hair -- made the chia plant a household name. But chia 
has gained an entirely new reputation as a diet supplement.  In one 2009 study, a team 
of researchers recruited 38 men and divided them randomly into two groups: treatment or 
control. They also recruited 38 women, and they randomly placed half of these 
participants into the treatment group and the other half into the control group. One 
group was given 25 grams of chia seeds twice a day, and the other was given a placebo. 
The subjects volunteered to be a part of the study. After 12 weeks, the scientists found 
no significant difference between the groups in appetite or weight loss. 
\footfullcite{Nieman:2009}
\begin{parts}
\item What type of study is this? 
\item What are the experimental and control treatments in this study?
\item Has blocking been used in this study? If so, what is the blocking variable?
\item Has blinding been used in this study?
\item Comment on whether or not we can make a causal statement, and indicate whether or 
not we can generalize the conclusion to the population at large.
\end{parts}"
ch_intro_to_data_37_2,OpenIntro Statistics,ch_intro_to_data,37,3,2,Chia seeds and weight loss,unknown,"Chia Pets -- those terra-cotta 
figurines that sprout fuzzy green hair -- made the chia plant a household name. But chia 
has gained an entirely new reputation as a diet supplement. In one 2009 study, a team 
of researchers recruited 38 men and divided them randomly into two groups: treatment or 
control. They also recruited 38 women, and they randomly placed half of these 
participants into the treatment group and the other half into the control group. One 
group was given 25 grams of chia seeds twice a day, and the other was given a placebo. 
The subjects volunteered to be a part of the study. After 12 weeks, the scientists found 
no significant difference between the groups in appetite or weight loss. 
[source: Nieman:2009]",What are the experimental and control treatments in this study?,"Chia seeds and weight loss

Chia Pets -- those terra-cotta 
figurines that sprout fuzzy green hair -- made the chia plant a household name. But chia 
has gained an entirely new reputation as a diet supplement. In one 2009 study, a team 
of researchers recruited 38 men and divided them randomly into two groups: treatment or 
control. They also recruited 38 women, and they randomly placed half of these 
participants into the treatment group and the other half into the control group. One 
group was given 25 grams of chia seeds twice a day, and the other was given a placebo. 
The subjects volunteered to be a part of the study. After 12 weeks, the scientists found 
no significant difference between the groups in appetite or weight loss. 
[source: Nieman:2009]

What are the experimental and control treatments in this study?","\qt{Chia seeds and weight loss\label{chia_weight_lostt}} Chia Pets -- those terra-cotta 
figurines that sprout fuzzy green hair -- made the chia plant a household name. But chia 
has gained an entirely new reputation as a diet supplement.  In one 2009 study, a team 
of researchers recruited 38 men and divided them randomly into two groups: treatment or 
control. They also recruited 38 women, and they randomly placed half of these 
participants into the treatment group and the other half into the control group. One 
group was given 25 grams of chia seeds twice a day, and the other was given a placebo. 
The subjects volunteered to be a part of the study. After 12 weeks, the scientists found 
no significant difference between the groups in appetite or weight loss. 
\footfullcite{Nieman:2009}
\begin{parts}
\item What type of study is this? 
\item What are the experimental and control treatments in this study?
\item Has blocking been used in this study? If so, what is the blocking variable?
\item Has blinding been used in this study?
\item Comment on whether or not we can make a causal statement, and indicate whether or 
not we can generalize the conclusion to the population at large.
\end{parts}"
ch_intro_to_data_37_3,OpenIntro Statistics,ch_intro_to_data,37,3,3,Chia seeds and weight loss,unknown,"Chia Pets -- those terra-cotta 
figurines that sprout fuzzy green hair -- made the chia plant a household name. But chia 
has gained an entirely new reputation as a diet supplement. In one 2009 study, a team 
of researchers recruited 38 men and divided them randomly into two groups: treatment or 
control. They also recruited 38 women, and they randomly placed half of these 
participants into the treatment group and the other half into the control group. One 
group was given 25 grams of chia seeds twice a day, and the other was given a placebo. 
The subjects volunteered to be a part of the study. After 12 weeks, the scientists found 
no significant difference between the groups in appetite or weight loss. 
[source: Nieman:2009]","Has blocking been used in this study? If so, what is the blocking variable?","Chia seeds and weight loss

Chia Pets -- those terra-cotta 
figurines that sprout fuzzy green hair -- made the chia plant a household name. But chia 
has gained an entirely new reputation as a diet supplement. In one 2009 study, a team 
of researchers recruited 38 men and divided them randomly into two groups: treatment or 
control. They also recruited 38 women, and they randomly placed half of these 
participants into the treatment group and the other half into the control group. One 
group was given 25 grams of chia seeds twice a day, and the other was given a placebo. 
The subjects volunteered to be a part of the study. After 12 weeks, the scientists found 
no significant difference between the groups in appetite or weight loss. 
[source: Nieman:2009]

Has blocking been used in this study? If so, what is the blocking variable?","\qt{Chia seeds and weight loss\label{chia_weight_lostt}} Chia Pets -- those terra-cotta 
figurines that sprout fuzzy green hair -- made the chia plant a household name. But chia 
has gained an entirely new reputation as a diet supplement.  In one 2009 study, a team 
of researchers recruited 38 men and divided them randomly into two groups: treatment or 
control. They also recruited 38 women, and they randomly placed half of these 
participants into the treatment group and the other half into the control group. One 
group was given 25 grams of chia seeds twice a day, and the other was given a placebo. 
The subjects volunteered to be a part of the study. After 12 weeks, the scientists found 
no significant difference between the groups in appetite or weight loss. 
\footfullcite{Nieman:2009}
\begin{parts}
\item What type of study is this? 
\item What are the experimental and control treatments in this study?
\item Has blocking been used in this study? If so, what is the blocking variable?
\item Has blinding been used in this study?
\item Comment on whether or not we can make a causal statement, and indicate whether or 
not we can generalize the conclusion to the population at large.
\end{parts}"
ch_intro_to_data_37_4,OpenIntro Statistics,ch_intro_to_data,37,3,4,Chia seeds and weight loss,unknown,"Chia Pets -- those terra-cotta 
figurines that sprout fuzzy green hair -- made the chia plant a household name. But chia 
has gained an entirely new reputation as a diet supplement. In one 2009 study, a team 
of researchers recruited 38 men and divided them randomly into two groups: treatment or 
control. They also recruited 38 women, and they randomly placed half of these 
participants into the treatment group and the other half into the control group. One 
group was given 25 grams of chia seeds twice a day, and the other was given a placebo. 
The subjects volunteered to be a part of the study. After 12 weeks, the scientists found 
no significant difference between the groups in appetite or weight loss. 
[source: Nieman:2009]",Has blinding been used in this study?,"Chia seeds and weight loss

Chia Pets -- those terra-cotta 
figurines that sprout fuzzy green hair -- made the chia plant a household name. But chia 
has gained an entirely new reputation as a diet supplement. In one 2009 study, a team 
of researchers recruited 38 men and divided them randomly into two groups: treatment or 
control. They also recruited 38 women, and they randomly placed half of these 
participants into the treatment group and the other half into the control group. One 
group was given 25 grams of chia seeds twice a day, and the other was given a placebo. 
The subjects volunteered to be a part of the study. After 12 weeks, the scientists found 
no significant difference between the groups in appetite or weight loss. 
[source: Nieman:2009]

Has blinding been used in this study?","\qt{Chia seeds and weight loss\label{chia_weight_lostt}} Chia Pets -- those terra-cotta 
figurines that sprout fuzzy green hair -- made the chia plant a household name. But chia 
has gained an entirely new reputation as a diet supplement.  In one 2009 study, a team 
of researchers recruited 38 men and divided them randomly into two groups: treatment or 
control. They also recruited 38 women, and they randomly placed half of these 
participants into the treatment group and the other half into the control group. One 
group was given 25 grams of chia seeds twice a day, and the other was given a placebo. 
The subjects volunteered to be a part of the study. After 12 weeks, the scientists found 
no significant difference between the groups in appetite or weight loss. 
\footfullcite{Nieman:2009}
\begin{parts}
\item What type of study is this? 
\item What are the experimental and control treatments in this study?
\item Has blocking been used in this study? If so, what is the blocking variable?
\item Has blinding been used in this study?
\item Comment on whether or not we can make a causal statement, and indicate whether or 
not we can generalize the conclusion to the population at large.
\end{parts}"
ch_intro_to_data_37_5,OpenIntro Statistics,ch_intro_to_data,37,3,5,Chia seeds and weight loss,unknown,"Chia Pets -- those terra-cotta 
figurines that sprout fuzzy green hair -- made the chia plant a household name. But chia 
has gained an entirely new reputation as a diet supplement. In one 2009 study, a team 
of researchers recruited 38 men and divided them randomly into two groups: treatment or 
control. They also recruited 38 women, and they randomly placed half of these 
participants into the treatment group and the other half into the control group. One 
group was given 25 grams of chia seeds twice a day, and the other was given a placebo. 
The subjects volunteered to be a part of the study. After 12 weeks, the scientists found 
no significant difference between the groups in appetite or weight loss. 
[source: Nieman:2009]","Comment on whether or not we can make a causal statement, and indicate whether or 
not we can generalize the conclusion to the population at large.","Chia seeds and weight loss

Chia Pets -- those terra-cotta 
figurines that sprout fuzzy green hair -- made the chia plant a household name. But chia 
has gained an entirely new reputation as a diet supplement. In one 2009 study, a team 
of researchers recruited 38 men and divided them randomly into two groups: treatment or 
control. They also recruited 38 women, and they randomly placed half of these 
participants into the treatment group and the other half into the control group. One 
group was given 25 grams of chia seeds twice a day, and the other was given a placebo. 
The subjects volunteered to be a part of the study. After 12 weeks, the scientists found 
no significant difference between the groups in appetite or weight loss. 
[source: Nieman:2009]

Comment on whether or not we can make a causal statement, and indicate whether or 
not we can generalize the conclusion to the population at large.","\qt{Chia seeds and weight loss\label{chia_weight_lostt}} Chia Pets -- those terra-cotta 
figurines that sprout fuzzy green hair -- made the chia plant a household name. But chia 
has gained an entirely new reputation as a diet supplement.  In one 2009 study, a team 
of researchers recruited 38 men and divided them randomly into two groups: treatment or 
control. They also recruited 38 women, and they randomly placed half of these 
participants into the treatment group and the other half into the control group. One 
group was given 25 grams of chia seeds twice a day, and the other was given a placebo. 
The subjects volunteered to be a part of the study. After 12 weeks, the scientists found 
no significant difference between the groups in appetite or weight loss. 
\footfullcite{Nieman:2009}
\begin{parts}
\item What type of study is this? 
\item What are the experimental and control treatments in this study?
\item Has blocking been used in this study? If so, what is the blocking variable?
\item Has blinding been used in this study?
\item Comment on whether or not we can make a causal statement, and indicate whether or 
not we can generalize the conclusion to the population at large.
\end{parts}"
ch_intro_to_data_38_1,OpenIntro Statistics,ch_intro_to_data,38,4,1,City council survey,sampling,"A city council has requested a household survey be conducted
in a suburban area of their city.
The area is broken into many distinct and unique neighborhoods,
some including large homes, some with only apartments, and others
a diverse mixture of housing structures.
For each part below,
identify the sampling methods described,
and describe the statistical pros and cons of the method
in the city's context.",Randomly sample 200 households from the city.,"City council survey

A city council has requested a household survey be conducted
in a suburban area of their city.
The area is broken into many distinct and unique neighborhoods,
some including large homes, some with only apartments, and others
a diverse mixture of housing structures.
For each part below,
identify the sampling methods described,
and describe the statistical pros and cons of the method
in the city's context.

Randomly sample 200 households from the city.","\qt{City council survey\label{city_council_survey}}
A city council has requested a household survey be conducted
in a suburban area of their city.
The area is broken into many distinct and unique neighborhoods,
some including large homes, some with only apartments, and others
a diverse mixture of housing structures.
For each part below,
identify the sampling methods described,
and describe the statistical pros and cons of the method
in the city's context.
\begin{parts}
\item
    Randomly sample 200 households from the city.
\item
    Divide the city into 20 neighborhoods,
    and sample 10 households from each neighborhood.
\item
    Divide the city into 20 neighborhoods,
    randomly sample 3 neighborhoods,
    and then sample all households from those 3 neighborhoods.
\item
    Divide the city into 20 neighborhoods,
    randomly sample 8 neighborhoods,
    and then randomly sample 50 households
    from those neighborhoods.
\item
    Sample the 200 households closest to the city council offices.
\end{parts}"
ch_intro_to_data_38_2,OpenIntro Statistics,ch_intro_to_data,38,4,2,City council survey,sampling,"A city council has requested a household survey be conducted
in a suburban area of their city.
The area is broken into many distinct and unique neighborhoods,
some including large homes, some with only apartments, and others
a diverse mixture of housing structures.
For each part below,
identify the sampling methods described,
and describe the statistical pros and cons of the method
in the city's context.","Divide the city into 20 neighborhoods,
 and sample 10 households from each neighborhood.","City council survey

A city council has requested a household survey be conducted
in a suburban area of their city.
The area is broken into many distinct and unique neighborhoods,
some including large homes, some with only apartments, and others
a diverse mixture of housing structures.
For each part below,
identify the sampling methods described,
and describe the statistical pros and cons of the method
in the city's context.

Divide the city into 20 neighborhoods,
 and sample 10 households from each neighborhood.","\qt{City council survey\label{city_council_survey}}
A city council has requested a household survey be conducted
in a suburban area of their city.
The area is broken into many distinct and unique neighborhoods,
some including large homes, some with only apartments, and others
a diverse mixture of housing structures.
For each part below,
identify the sampling methods described,
and describe the statistical pros and cons of the method
in the city's context.
\begin{parts}
\item
    Randomly sample 200 households from the city.
\item
    Divide the city into 20 neighborhoods,
    and sample 10 households from each neighborhood.
\item
    Divide the city into 20 neighborhoods,
    randomly sample 3 neighborhoods,
    and then sample all households from those 3 neighborhoods.
\item
    Divide the city into 20 neighborhoods,
    randomly sample 8 neighborhoods,
    and then randomly sample 50 households
    from those neighborhoods.
\item
    Sample the 200 households closest to the city council offices.
\end{parts}"
ch_intro_to_data_38_3,OpenIntro Statistics,ch_intro_to_data,38,4,3,City council survey,sampling,"A city council has requested a household survey be conducted
in a suburban area of their city.
The area is broken into many distinct and unique neighborhoods,
some including large homes, some with only apartments, and others
a diverse mixture of housing structures.
For each part below,
identify the sampling methods described,
and describe the statistical pros and cons of the method
in the city's context.","Divide the city into 20 neighborhoods,
 randomly sample 3 neighborhoods,
 and then sample all households from those 3 neighborhoods.","City council survey

A city council has requested a household survey be conducted
in a suburban area of their city.
The area is broken into many distinct and unique neighborhoods,
some including large homes, some with only apartments, and others
a diverse mixture of housing structures.
For each part below,
identify the sampling methods described,
and describe the statistical pros and cons of the method
in the city's context.

Divide the city into 20 neighborhoods,
 randomly sample 3 neighborhoods,
 and then sample all households from those 3 neighborhoods.","\qt{City council survey\label{city_council_survey}}
A city council has requested a household survey be conducted
in a suburban area of their city.
The area is broken into many distinct and unique neighborhoods,
some including large homes, some with only apartments, and others
a diverse mixture of housing structures.
For each part below,
identify the sampling methods described,
and describe the statistical pros and cons of the method
in the city's context.
\begin{parts}
\item
    Randomly sample 200 households from the city.
\item
    Divide the city into 20 neighborhoods,
    and sample 10 households from each neighborhood.
\item
    Divide the city into 20 neighborhoods,
    randomly sample 3 neighborhoods,
    and then sample all households from those 3 neighborhoods.
\item
    Divide the city into 20 neighborhoods,
    randomly sample 8 neighborhoods,
    and then randomly sample 50 households
    from those neighborhoods.
\item
    Sample the 200 households closest to the city council offices.
\end{parts}"
ch_intro_to_data_38_4,OpenIntro Statistics,ch_intro_to_data,38,4,4,City council survey,sampling,"A city council has requested a household survey be conducted
in a suburban area of their city.
The area is broken into many distinct and unique neighborhoods,
some including large homes, some with only apartments, and others
a diverse mixture of housing structures.
For each part below,
identify the sampling methods described,
and describe the statistical pros and cons of the method
in the city's context.","Divide the city into 20 neighborhoods,
 randomly sample 8 neighborhoods,
 and then randomly sample 50 households
 from those neighborhoods.","City council survey

A city council has requested a household survey be conducted
in a suburban area of their city.
The area is broken into many distinct and unique neighborhoods,
some including large homes, some with only apartments, and others
a diverse mixture of housing structures.
For each part below,
identify the sampling methods described,
and describe the statistical pros and cons of the method
in the city's context.

Divide the city into 20 neighborhoods,
 randomly sample 8 neighborhoods,
 and then randomly sample 50 households
 from those neighborhoods.","\qt{City council survey\label{city_council_survey}}
A city council has requested a household survey be conducted
in a suburban area of their city.
The area is broken into many distinct and unique neighborhoods,
some including large homes, some with only apartments, and others
a diverse mixture of housing structures.
For each part below,
identify the sampling methods described,
and describe the statistical pros and cons of the method
in the city's context.
\begin{parts}
\item
    Randomly sample 200 households from the city.
\item
    Divide the city into 20 neighborhoods,
    and sample 10 households from each neighborhood.
\item
    Divide the city into 20 neighborhoods,
    randomly sample 3 neighborhoods,
    and then sample all households from those 3 neighborhoods.
\item
    Divide the city into 20 neighborhoods,
    randomly sample 8 neighborhoods,
    and then randomly sample 50 households
    from those neighborhoods.
\item
    Sample the 200 households closest to the city council offices.
\end{parts}"
ch_intro_to_data_38_5,OpenIntro Statistics,ch_intro_to_data,38,4,5,City council survey,sampling,"A city council has requested a household survey be conducted
in a suburban area of their city.
The area is broken into many distinct and unique neighborhoods,
some including large homes, some with only apartments, and others
a diverse mixture of housing structures.
For each part below,
identify the sampling methods described,
and describe the statistical pros and cons of the method
in the city's context.",Sample the 200 households closest to the city council offices.,"City council survey

A city council has requested a household survey be conducted
in a suburban area of their city.
The area is broken into many distinct and unique neighborhoods,
some including large homes, some with only apartments, and others
a diverse mixture of housing structures.
For each part below,
identify the sampling methods described,
and describe the statistical pros and cons of the method
in the city's context.

Sample the 200 households closest to the city council offices.","\qt{City council survey\label{city_council_survey}}
A city council has requested a household survey be conducted
in a suburban area of their city.
The area is broken into many distinct and unique neighborhoods,
some including large homes, some with only apartments, and others
a diverse mixture of housing structures.
For each part below,
identify the sampling methods described,
and describe the statistical pros and cons of the method
in the city's context.
\begin{parts}
\item
    Randomly sample 200 households from the city.
\item
    Divide the city into 20 neighborhoods,
    and sample 10 households from each neighborhood.
\item
    Divide the city into 20 neighborhoods,
    randomly sample 3 neighborhoods,
    and then sample all households from those 3 neighborhoods.
\item
    Divide the city into 20 neighborhoods,
    randomly sample 8 neighborhoods,
    and then randomly sample 50 households
    from those neighborhoods.
\item
    Sample the 200 households closest to the city council offices.
\end{parts}"
ch_intro_to_data_39_1,OpenIntro Statistics,ch_intro_to_data,39,5,1,Flawed reasoning,unknown,"Identify the flaw(s) in reasoning 
in the following scenarios. Explain what the individuals in the study should 
have done differently if they wanted to make such strong conclusions.","Students at an elementary school are given a questionnaire that they 
are asked to return after their parents have completed it. One of the questions 
asked is, ``Do you find that your work schedule makes it difficult for you to 
spend time with your kids after school?"" Of the parents who replied, 85% said 
``no"". Based on these results, the school officials conclude that a great 
majority of the parents have no difficulty spending time with their kids 
after school.","Flawed reasoning

Identify the flaw(s) in reasoning 
in the following scenarios. Explain what the individuals in the study should 
have done differently if they wanted to make such strong conclusions.

Students at an elementary school are given a questionnaire that they 
are asked to return after their parents have completed it. One of the questions 
asked is, ``Do you find that your work schedule makes it difficult for you to 
spend time with your kids after school?"" Of the parents who replied, 85% said 
``no"". Based on these results, the school officials conclude that a great 
majority of the parents have no difficulty spending time with their kids 
after school.","\qt{Flawed reasoning\label{flawed_reasoning}} Identify the flaw(s) in reasoning 
in the following scenarios. Explain what the individuals in the study should 
have done differently if they wanted to make such strong conclusions.
\begin{parts}
\item Students at an elementary school are given a questionnaire that they 
are asked to return after their parents have completed it. One of the questions 
asked is, ``Do you find that your work schedule makes it difficult for you to 
spend time with your kids after school?"" Of the parents who replied, 85\% said 
``no"". Based on these results, the school officials conclude that a great 
majority of the parents have no difficulty spending time with their kids 
after school.
\item A survey is conducted on a simple random sample of 1,000 women who 
recently gave birth, asking them about whether or not they smoked during 
pregnancy. A follow-up survey asking if the children have respiratory problems 
is conducted 3 years later.
However, only 567 of these women are reached at the 
same address. The researcher reports that these 567 women are representative 
of all mothers.
\item An orthopedist administers a questionnaire to 30 of his patients who do 
not have any joint problems and finds that 20 of them regularly go running. 
He concludes that running decreases the risk of joint problems.
\end{parts}"
ch_intro_to_data_39_2,OpenIntro Statistics,ch_intro_to_data,39,5,2,Flawed reasoning,sampling,"Identify the flaw(s) in reasoning 
in the following scenarios. Explain what the individuals in the study should 
have done differently if they wanted to make such strong conclusions.","A survey is conducted on a simple random sample of 1,000 women who 
recently gave birth, asking them about whether or not they smoked during 
pregnancy. A follow-up survey asking if the children have respiratory problems 
is conducted 3 years later.
However, only 567 of these women are reached at the 
same address. The researcher reports that these 567 women are representative 
of all mothers.","Flawed reasoning

Identify the flaw(s) in reasoning 
in the following scenarios. Explain what the individuals in the study should 
have done differently if they wanted to make such strong conclusions.

A survey is conducted on a simple random sample of 1,000 women who 
recently gave birth, asking them about whether or not they smoked during 
pregnancy. A follow-up survey asking if the children have respiratory problems 
is conducted 3 years later.
However, only 567 of these women are reached at the 
same address. The researcher reports that these 567 women are representative 
of all mothers.","\qt{Flawed reasoning\label{flawed_reasoning}} Identify the flaw(s) in reasoning 
in the following scenarios. Explain what the individuals in the study should 
have done differently if they wanted to make such strong conclusions.
\begin{parts}
\item Students at an elementary school are given a questionnaire that they 
are asked to return after their parents have completed it. One of the questions 
asked is, ``Do you find that your work schedule makes it difficult for you to 
spend time with your kids after school?"" Of the parents who replied, 85\% said 
``no"". Based on these results, the school officials conclude that a great 
majority of the parents have no difficulty spending time with their kids 
after school.
\item A survey is conducted on a simple random sample of 1,000 women who 
recently gave birth, asking them about whether or not they smoked during 
pregnancy. A follow-up survey asking if the children have respiratory problems 
is conducted 3 years later.
However, only 567 of these women are reached at the 
same address. The researcher reports that these 567 women are representative 
of all mothers.
\item An orthopedist administers a questionnaire to 30 of his patients who do 
not have any joint problems and finds that 20 of them regularly go running. 
He concludes that running decreases the risk of joint problems.
\end{parts}"
ch_intro_to_data_39_3,OpenIntro Statistics,ch_intro_to_data,39,5,3,Flawed reasoning,unknown,"Identify the flaw(s) in reasoning 
in the following scenarios. Explain what the individuals in the study should 
have done differently if they wanted to make such strong conclusions.","An orthopedist administers a questionnaire to 30 of his patients who do 
not have any joint problems and finds that 20 of them regularly go running. 
He concludes that running decreases the risk of joint problems.","Flawed reasoning

Identify the flaw(s) in reasoning 
in the following scenarios. Explain what the individuals in the study should 
have done differently if they wanted to make such strong conclusions.

An orthopedist administers a questionnaire to 30 of his patients who do 
not have any joint problems and finds that 20 of them regularly go running. 
He concludes that running decreases the risk of joint problems.","\qt{Flawed reasoning\label{flawed_reasoning}} Identify the flaw(s) in reasoning 
in the following scenarios. Explain what the individuals in the study should 
have done differently if they wanted to make such strong conclusions.
\begin{parts}
\item Students at an elementary school are given a questionnaire that they 
are asked to return after their parents have completed it. One of the questions 
asked is, ``Do you find that your work schedule makes it difficult for you to 
spend time with your kids after school?"" Of the parents who replied, 85\% said 
``no"". Based on these results, the school officials conclude that a great 
majority of the parents have no difficulty spending time with their kids 
after school.
\item A survey is conducted on a simple random sample of 1,000 women who 
recently gave birth, asking them about whether or not they smoked during 
pregnancy. A follow-up survey asking if the children have respiratory problems 
is conducted 3 years later.
However, only 567 of these women are reached at the 
same address. The researcher reports that these 567 women are representative 
of all mothers.
\item An orthopedist administers a questionnaire to 30 of his patients who do 
not have any joint problems and finds that 20 of them regularly go running. 
He concludes that running decreases the risk of joint problems.
\end{parts}"
ch_intro_to_data_40_1,OpenIntro Statistics,ch_intro_to_data,40,6,1,Income and education in US counties,unknown,"The scatterplot below shows the relationship between per capita income 
(in thousands of dollars) and percent of population with a bachelor's 
degree in 3,143 counties in the US in 2010.

0.44

minipage
minipage[c]0.55

0.78eoce/county_income_educationcounty_income_education_scatterplot

minipage",What are the explanatory and response variables?,"Income and education in US counties

The scatterplot below shows the relationship between per capita income 
(in thousands of dollars) and percent of population with a bachelor's 
degree in 3,143 counties in the US in 2010.

0.44

minipage
minipage[c]0.55

0.78eoce/county_income_educationcounty_income_education_scatterplot

minipage

What are the explanatory and response variables?","\qt{Income and education in US counties\label{income_education_county}} 
The scatterplot below shows the relationship between per capita income 
(in thousands of dollars) and percent of population with a bachelor's 
degree in 3,143 counties in the US in 2010.

\noindent\begin{minipage}[c]{0.44\textwidth}
\begin{parts}
\item What are the explanatory and response variables?
\item Describe the relationship between the two variables. Make sure to discuss 
unusual observations, if any.
\item Can we conclude that having a bachelor's degree increases one's income?
\end{parts}\vspace{8mm}
\end{minipage}
\begin{minipage}[c]{0.55\textwidth}
\begin{center}
\Figures[A scatterplot is shown, with ""Percent with Bachelor's Degree"" on the horizontal axis (running 0\% to 80\%) and ""Per Capita Income"" on the vertical axis (running \$0 to \$65,000). Many thousands of points are shown. For those points with Percent with Bachelor's Degree between 0\% to 20\%, the points typically lie between the vertical ranges of \$10,000 and \$25,000. For those between 20\% to 40\% on the horizontal, the points lie mostly between \$15,000 and \$35,000 on the vertical. For those between 40\% and 60\%, the points mostly lie between \$25,000 and \$45,000. There are only about 5 points with percentages larger than 60\%, and these all lie above \$45,000 on the vertical.]{0.78}{eoce/county_income_education}{county_income_education_scatterplot}
\end{center}
\end{minipage}"
ch_intro_to_data_40_2,OpenIntro Statistics,ch_intro_to_data,40,6,2,Income and education in US counties,unknown,"The scatterplot below shows the relationship between per capita income 
(in thousands of dollars) and percent of population with a bachelor's 
degree in 3,143 counties in the US in 2010.

0.44

minipage
minipage[c]0.55

0.78eoce/county_income_educationcounty_income_education_scatterplot

minipage","Describe the relationship between the two variables. Make sure to discuss 
unusual observations, if any.","Income and education in US counties

The scatterplot below shows the relationship between per capita income 
(in thousands of dollars) and percent of population with a bachelor's 
degree in 3,143 counties in the US in 2010.

0.44

minipage
minipage[c]0.55

0.78eoce/county_income_educationcounty_income_education_scatterplot

minipage

Describe the relationship between the two variables. Make sure to discuss 
unusual observations, if any.","\qt{Income and education in US counties\label{income_education_county}} 
The scatterplot below shows the relationship between per capita income 
(in thousands of dollars) and percent of population with a bachelor's 
degree in 3,143 counties in the US in 2010.

\noindent\begin{minipage}[c]{0.44\textwidth}
\begin{parts}
\item What are the explanatory and response variables?
\item Describe the relationship between the two variables. Make sure to discuss 
unusual observations, if any.
\item Can we conclude that having a bachelor's degree increases one's income?
\end{parts}\vspace{8mm}
\end{minipage}
\begin{minipage}[c]{0.55\textwidth}
\begin{center}
\Figures[A scatterplot is shown, with ""Percent with Bachelor's Degree"" on the horizontal axis (running 0\% to 80\%) and ""Per Capita Income"" on the vertical axis (running \$0 to \$65,000). Many thousands of points are shown. For those points with Percent with Bachelor's Degree between 0\% to 20\%, the points typically lie between the vertical ranges of \$10,000 and \$25,000. For those between 20\% to 40\% on the horizontal, the points lie mostly between \$15,000 and \$35,000 on the vertical. For those between 40\% and 60\%, the points mostly lie between \$25,000 and \$45,000. There are only about 5 points with percentages larger than 60\%, and these all lie above \$45,000 on the vertical.]{0.78}{eoce/county_income_education}{county_income_education_scatterplot}
\end{center}
\end{minipage}"
ch_intro_to_data_40_3,OpenIntro Statistics,ch_intro_to_data,40,6,3,Income and education in US counties,unknown,"The scatterplot below shows the relationship between per capita income 
(in thousands of dollars) and percent of population with a bachelor's 
degree in 3,143 counties in the US in 2010.

0.44

minipage
minipage[c]0.55

0.78eoce/county_income_educationcounty_income_education_scatterplot

minipage",Can we conclude that having a bachelor's degree increases one's income?,"Income and education in US counties

The scatterplot below shows the relationship between per capita income 
(in thousands of dollars) and percent of population with a bachelor's 
degree in 3,143 counties in the US in 2010.

0.44

minipage
minipage[c]0.55

0.78eoce/county_income_educationcounty_income_education_scatterplot

minipage

Can we conclude that having a bachelor's degree increases one's income?","\qt{Income and education in US counties\label{income_education_county}} 
The scatterplot below shows the relationship between per capita income 
(in thousands of dollars) and percent of population with a bachelor's 
degree in 3,143 counties in the US in 2010.

\noindent\begin{minipage}[c]{0.44\textwidth}
\begin{parts}
\item What are the explanatory and response variables?
\item Describe the relationship between the two variables. Make sure to discuss 
unusual observations, if any.
\item Can we conclude that having a bachelor's degree increases one's income?
\end{parts}\vspace{8mm}
\end{minipage}
\begin{minipage}[c]{0.55\textwidth}
\begin{center}
\Figures[A scatterplot is shown, with ""Percent with Bachelor's Degree"" on the horizontal axis (running 0\% to 80\%) and ""Per Capita Income"" on the vertical axis (running \$0 to \$65,000). Many thousands of points are shown. For those points with Percent with Bachelor's Degree between 0\% to 20\%, the points typically lie between the vertical ranges of \$10,000 and \$25,000. For those between 20\% to 40\% on the horizontal, the points lie mostly between \$15,000 and \$35,000 on the vertical. For those between 40\% and 60\%, the points mostly lie between \$25,000 and \$45,000. There are only about 5 points with percentages larger than 60\%, and these all lie above \$45,000 on the vertical.]{0.78}{eoce/county_income_education}{county_income_education_scatterplot}
\end{center}
\end{minipage}"
ch_intro_to_data_41_1,OpenIntro Statistics,ch_intro_to_data,41,7,1,,unknown,"Eat better, feel better
In a public health 
study on the effects of consumption of fruits and vegetables on psychological 
well-being in young adults, participants were randomly assigned to three 
groups: (1) diet-as-usual, (2) an ecological momentary intervention involving 
text message reminders to increase their fruits and vegetable consumption plus 
a voucher to purchase them, or (3) a fruit and vegetable intervention in 
which participants were given two additional daily servings of fresh fruits and 
vegetables to consume on top of their normal diet. Participants were asked to 
take a nightly survey on their smartphones.
Participants were student volunteers at the University of 
Otago, New Zealand.
At the end of the 14-day study, only participants in the third
group showed improvements to their psychological well-being across
the 14-days relative to the other groups.[source: conner2017let]",What type of study is this?,"Eat better, feel better
In a public health 
study on the effects of consumption of fruits and vegetables on psychological 
well-being in young adults, participants were randomly assigned to three 
groups: (1) diet-as-usual, (2) an ecological momentary intervention involving 
text message reminders to increase their fruits and vegetable consumption plus 
a voucher to purchase them, or (3) a fruit and vegetable intervention in 
which participants were given two additional daily servings of fresh fruits and 
vegetables to consume on top of their normal diet. Participants were asked to 
take a nightly survey on their smartphones.
Participants were student volunteers at the University of 
Otago, New Zealand.
At the end of the 14-day study, only participants in the third
group showed improvements to their psychological well-being across
the 14-days relative to the other groups.[source: conner2017let]

What type of study is this?","\qt[?]{Eat better, feel better\label{eat_better_feel_better}}
In a public health 
study on the effects of consumption of fruits and vegetables on psychological 
well-being in young adults, participants were randomly assigned to three 
groups: (1) diet-as-usual, (2) an ecological momentary intervention involving 
text message reminders to increase their fruits and vegetable consumption plus 
a voucher to purchase them, or (3) a fruit and vegetable intervention in 
which participants were given two additional daily servings of fresh fruits and 
vegetables to consume on top of their normal diet. Participants were asked to 
take a nightly survey on their smartphones.
Participants were student volunteers at the University of 
Otago, New Zealand.
At the end of the 14-day study, only participants in the third
group showed improvements to their psychological well-being across
the 14-days relative to the other groups.\footfullcite{conner2017let}
\begin{parts}
\item
    What type of study is this?
\item
    Identify the explanatory and response variables.
\item
    Comment on whether the results of the study can be generalized to
    the population.
\item
    Comment on whether the results of the study can be used to establish
    causal relationships.
\item
    A newspaper article reporting on the study states,
    ``The results of this study provide proof that giving young adults
    fresh fruits and vegetables to eat can have psychological benefits,
    even over a brief period of time.''
    How would you suggest revising this statement so that it can be
    supported by the study?
\end{parts}"
ch_intro_to_data_41_2,OpenIntro Statistics,ch_intro_to_data,41,7,2,,unknown,"Eat better, feel better
In a public health 
study on the effects of consumption of fruits and vegetables on psychological 
well-being in young adults, participants were randomly assigned to three 
groups: (1) diet-as-usual, (2) an ecological momentary intervention involving 
text message reminders to increase their fruits and vegetable consumption plus 
a voucher to purchase them, or (3) a fruit and vegetable intervention in 
which participants were given two additional daily servings of fresh fruits and 
vegetables to consume on top of their normal diet. Participants were asked to 
take a nightly survey on their smartphones.
Participants were student volunteers at the University of 
Otago, New Zealand.
At the end of the 14-day study, only participants in the third
group showed improvements to their psychological well-being across
the 14-days relative to the other groups.[source: conner2017let]",Identify the explanatory and response variables.,"Eat better, feel better
In a public health 
study on the effects of consumption of fruits and vegetables on psychological 
well-being in young adults, participants were randomly assigned to three 
groups: (1) diet-as-usual, (2) an ecological momentary intervention involving 
text message reminders to increase their fruits and vegetable consumption plus 
a voucher to purchase them, or (3) a fruit and vegetable intervention in 
which participants were given two additional daily servings of fresh fruits and 
vegetables to consume on top of their normal diet. Participants were asked to 
take a nightly survey on their smartphones.
Participants were student volunteers at the University of 
Otago, New Zealand.
At the end of the 14-day study, only participants in the third
group showed improvements to their psychological well-being across
the 14-days relative to the other groups.[source: conner2017let]

Identify the explanatory and response variables.","\qt[?]{Eat better, feel better\label{eat_better_feel_better}}
In a public health 
study on the effects of consumption of fruits and vegetables on psychological 
well-being in young adults, participants were randomly assigned to three 
groups: (1) diet-as-usual, (2) an ecological momentary intervention involving 
text message reminders to increase their fruits and vegetable consumption plus 
a voucher to purchase them, or (3) a fruit and vegetable intervention in 
which participants were given two additional daily servings of fresh fruits and 
vegetables to consume on top of their normal diet. Participants were asked to 
take a nightly survey on their smartphones.
Participants were student volunteers at the University of 
Otago, New Zealand.
At the end of the 14-day study, only participants in the third
group showed improvements to their psychological well-being across
the 14-days relative to the other groups.\footfullcite{conner2017let}
\begin{parts}
\item
    What type of study is this?
\item
    Identify the explanatory and response variables.
\item
    Comment on whether the results of the study can be generalized to
    the population.
\item
    Comment on whether the results of the study can be used to establish
    causal relationships.
\item
    A newspaper article reporting on the study states,
    ``The results of this study provide proof that giving young adults
    fresh fruits and vegetables to eat can have psychological benefits,
    even over a brief period of time.''
    How would you suggest revising this statement so that it can be
    supported by the study?
\end{parts}"
ch_intro_to_data_41_3,OpenIntro Statistics,ch_intro_to_data,41,7,3,,unknown,"Eat better, feel better
In a public health 
study on the effects of consumption of fruits and vegetables on psychological 
well-being in young adults, participants were randomly assigned to three 
groups: (1) diet-as-usual, (2) an ecological momentary intervention involving 
text message reminders to increase their fruits and vegetable consumption plus 
a voucher to purchase them, or (3) a fruit and vegetable intervention in 
which participants were given two additional daily servings of fresh fruits and 
vegetables to consume on top of their normal diet. Participants were asked to 
take a nightly survey on their smartphones.
Participants were student volunteers at the University of 
Otago, New Zealand.
At the end of the 14-day study, only participants in the third
group showed improvements to their psychological well-being across
the 14-days relative to the other groups.[source: conner2017let]","Comment on whether the results of the study can be generalized to
 the population.","Eat better, feel better
In a public health 
study on the effects of consumption of fruits and vegetables on psychological 
well-being in young adults, participants were randomly assigned to three 
groups: (1) diet-as-usual, (2) an ecological momentary intervention involving 
text message reminders to increase their fruits and vegetable consumption plus 
a voucher to purchase them, or (3) a fruit and vegetable intervention in 
which participants were given two additional daily servings of fresh fruits and 
vegetables to consume on top of their normal diet. Participants were asked to 
take a nightly survey on their smartphones.
Participants were student volunteers at the University of 
Otago, New Zealand.
At the end of the 14-day study, only participants in the third
group showed improvements to their psychological well-being across
the 14-days relative to the other groups.[source: conner2017let]

Comment on whether the results of the study can be generalized to
 the population.","\qt[?]{Eat better, feel better\label{eat_better_feel_better}}
In a public health 
study on the effects of consumption of fruits and vegetables on psychological 
well-being in young adults, participants were randomly assigned to three 
groups: (1) diet-as-usual, (2) an ecological momentary intervention involving 
text message reminders to increase their fruits and vegetable consumption plus 
a voucher to purchase them, or (3) a fruit and vegetable intervention in 
which participants were given two additional daily servings of fresh fruits and 
vegetables to consume on top of their normal diet. Participants were asked to 
take a nightly survey on their smartphones.
Participants were student volunteers at the University of 
Otago, New Zealand.
At the end of the 14-day study, only participants in the third
group showed improvements to their psychological well-being across
the 14-days relative to the other groups.\footfullcite{conner2017let}
\begin{parts}
\item
    What type of study is this?
\item
    Identify the explanatory and response variables.
\item
    Comment on whether the results of the study can be generalized to
    the population.
\item
    Comment on whether the results of the study can be used to establish
    causal relationships.
\item
    A newspaper article reporting on the study states,
    ``The results of this study provide proof that giving young adults
    fresh fruits and vegetables to eat can have psychological benefits,
    even over a brief period of time.''
    How would you suggest revising this statement so that it can be
    supported by the study?
\end{parts}"
ch_intro_to_data_41_4,OpenIntro Statistics,ch_intro_to_data,41,7,4,,unknown,"Eat better, feel better
In a public health 
study on the effects of consumption of fruits and vegetables on psychological 
well-being in young adults, participants were randomly assigned to three 
groups: (1) diet-as-usual, (2) an ecological momentary intervention involving 
text message reminders to increase their fruits and vegetable consumption plus 
a voucher to purchase them, or (3) a fruit and vegetable intervention in 
which participants were given two additional daily servings of fresh fruits and 
vegetables to consume on top of their normal diet. Participants were asked to 
take a nightly survey on their smartphones.
Participants were student volunteers at the University of 
Otago, New Zealand.
At the end of the 14-day study, only participants in the third
group showed improvements to their psychological well-being across
the 14-days relative to the other groups.[source: conner2017let]","Comment on whether the results of the study can be used to establish
 causal relationships.","Eat better, feel better
In a public health 
study on the effects of consumption of fruits and vegetables on psychological 
well-being in young adults, participants were randomly assigned to three 
groups: (1) diet-as-usual, (2) an ecological momentary intervention involving 
text message reminders to increase their fruits and vegetable consumption plus 
a voucher to purchase them, or (3) a fruit and vegetable intervention in 
which participants were given two additional daily servings of fresh fruits and 
vegetables to consume on top of their normal diet. Participants were asked to 
take a nightly survey on their smartphones.
Participants were student volunteers at the University of 
Otago, New Zealand.
At the end of the 14-day study, only participants in the third
group showed improvements to their psychological well-being across
the 14-days relative to the other groups.[source: conner2017let]

Comment on whether the results of the study can be used to establish
 causal relationships.","\qt[?]{Eat better, feel better\label{eat_better_feel_better}}
In a public health 
study on the effects of consumption of fruits and vegetables on psychological 
well-being in young adults, participants were randomly assigned to three 
groups: (1) diet-as-usual, (2) an ecological momentary intervention involving 
text message reminders to increase their fruits and vegetable consumption plus 
a voucher to purchase them, or (3) a fruit and vegetable intervention in 
which participants were given two additional daily servings of fresh fruits and 
vegetables to consume on top of their normal diet. Participants were asked to 
take a nightly survey on their smartphones.
Participants were student volunteers at the University of 
Otago, New Zealand.
At the end of the 14-day study, only participants in the third
group showed improvements to their psychological well-being across
the 14-days relative to the other groups.\footfullcite{conner2017let}
\begin{parts}
\item
    What type of study is this?
\item
    Identify the explanatory and response variables.
\item
    Comment on whether the results of the study can be generalized to
    the population.
\item
    Comment on whether the results of the study can be used to establish
    causal relationships.
\item
    A newspaper article reporting on the study states,
    ``The results of this study provide proof that giving young adults
    fresh fruits and vegetables to eat can have psychological benefits,
    even over a brief period of time.''
    How would you suggest revising this statement so that it can be
    supported by the study?
\end{parts}"
ch_intro_to_data_41_5,OpenIntro Statistics,ch_intro_to_data,41,7,5,,unknown,"Eat better, feel better
In a public health 
study on the effects of consumption of fruits and vegetables on psychological 
well-being in young adults, participants were randomly assigned to three 
groups: (1) diet-as-usual, (2) an ecological momentary intervention involving 
text message reminders to increase their fruits and vegetable consumption plus 
a voucher to purchase them, or (3) a fruit and vegetable intervention in 
which participants were given two additional daily servings of fresh fruits and 
vegetables to consume on top of their normal diet. Participants were asked to 
take a nightly survey on their smartphones.
Participants were student volunteers at the University of 
Otago, New Zealand.
At the end of the 14-day study, only participants in the third
group showed improvements to their psychological well-being across
the 14-days relative to the other groups.[source: conner2017let]","A newspaper article reporting on the study states,
 ``The results of this study provide proof that giving young adults
 fresh fruits and vegetables to eat can have psychological benefits,
 even over a brief period of time.''
 How would you suggest revising this statement so that it can be
 supported by the study?","Eat better, feel better
In a public health 
study on the effects of consumption of fruits and vegetables on psychological 
well-being in young adults, participants were randomly assigned to three 
groups: (1) diet-as-usual, (2) an ecological momentary intervention involving 
text message reminders to increase their fruits and vegetable consumption plus 
a voucher to purchase them, or (3) a fruit and vegetable intervention in 
which participants were given two additional daily servings of fresh fruits and 
vegetables to consume on top of their normal diet. Participants were asked to 
take a nightly survey on their smartphones.
Participants were student volunteers at the University of 
Otago, New Zealand.
At the end of the 14-day study, only participants in the third
group showed improvements to their psychological well-being across
the 14-days relative to the other groups.[source: conner2017let]

A newspaper article reporting on the study states,
 ``The results of this study provide proof that giving young adults
 fresh fruits and vegetables to eat can have psychological benefits,
 even over a brief period of time.''
 How would you suggest revising this statement so that it can be
 supported by the study?","\qt[?]{Eat better, feel better\label{eat_better_feel_better}}
In a public health 
study on the effects of consumption of fruits and vegetables on psychological 
well-being in young adults, participants were randomly assigned to three 
groups: (1) diet-as-usual, (2) an ecological momentary intervention involving 
text message reminders to increase their fruits and vegetable consumption plus 
a voucher to purchase them, or (3) a fruit and vegetable intervention in 
which participants were given two additional daily servings of fresh fruits and 
vegetables to consume on top of their normal diet. Participants were asked to 
take a nightly survey on their smartphones.
Participants were student volunteers at the University of 
Otago, New Zealand.
At the end of the 14-day study, only participants in the third
group showed improvements to their psychological well-being across
the 14-days relative to the other groups.\footfullcite{conner2017let}
\begin{parts}
\item
    What type of study is this?
\item
    Identify the explanatory and response variables.
\item
    Comment on whether the results of the study can be generalized to
    the population.
\item
    Comment on whether the results of the study can be used to establish
    causal relationships.
\item
    A newspaper article reporting on the study states,
    ``The results of this study provide proof that giving young adults
    fresh fruits and vegetables to eat can have psychological benefits,
    even over a brief period of time.''
    How would you suggest revising this statement so that it can be
    supported by the study?
\end{parts}"
ch_intro_to_data_42_1,OpenIntro Statistics,ch_intro_to_data,42,8,1,"Screens, teens, and psychological well-being",unknown,"In a study of three nationally representative large-scale data sets from Ireland, 
the United States, and the United Kingdom (n = 17,247), teenagers between the 
ages of 12 to 15 were asked to keep a diary of their screen time and answer questions about how they felt or acted.
The answers to these questions 
were then used to compute a psychological well-being score.
Additional data were collected and included in the analysis,
such as each child's sex and age, and on the mother’s education,
ethnicity, psychological distress, and employment.
The study concluded that there is little clear-cut evidence
that screen time decreases adolescent
well-being.[source: orben2018screens]",What type of study is this?,"Screens, teens, and psychological well-being

In a study of three nationally representative large-scale data sets from Ireland, 
the United States, and the United Kingdom (n = 17,247), teenagers between the 
ages of 12 to 15 were asked to keep a diary of their screen time and answer questions about how they felt or acted.
The answers to these questions 
were then used to compute a psychological well-being score.
Additional data were collected and included in the analysis,
such as each child's sex and age, and on the mother’s education,
ethnicity, psychological distress, and employment.
The study concluded that there is little clear-cut evidence
that screen time decreases adolescent
well-being.[source: orben2018screens]

What type of study is this?","\qt{Screens, teens, and psychological well-being\label{screen_time_well_being}}
In a study of three nationally representative large-scale data sets from Ireland, 
the United States, and the United Kingdom (n = 17,247), teenagers between the 
ages of 12 to 15 were asked to keep a diary of their screen time and answer questions about how they felt or acted.
The answers to these questions 
were then used to compute a psychological well-being score.
Additional data were collected and included in the analysis,
such as each child's sex and age, and on the mother’s education,
ethnicity, psychological distress, and employment.
The study concluded that there is little clear-cut evidence
that screen time decreases adolescent
well-being.\footfullcite{orben2018screens}
\begin{parts}
\item
    What type of study is this?
\item
    Identify the explanatory variables.
\item
    Identify the response variable.
\item
    Comment on whether the results of the study can be generalized
    to the population, and why.
\item
    Comment on whether the results of the study can be used
    to establish causal relationships.
\end{parts}"
ch_intro_to_data_42_2,OpenIntro Statistics,ch_intro_to_data,42,8,2,"Screens, teens, and psychological well-being",unknown,"In a study of three nationally representative large-scale data sets from Ireland, 
the United States, and the United Kingdom (n = 17,247), teenagers between the 
ages of 12 to 15 were asked to keep a diary of their screen time and answer questions about how they felt or acted.
The answers to these questions 
were then used to compute a psychological well-being score.
Additional data were collected and included in the analysis,
such as each child's sex and age, and on the mother’s education,
ethnicity, psychological distress, and employment.
The study concluded that there is little clear-cut evidence
that screen time decreases adolescent
well-being.[source: orben2018screens]",Identify the explanatory variables.,"Screens, teens, and psychological well-being

In a study of three nationally representative large-scale data sets from Ireland, 
the United States, and the United Kingdom (n = 17,247), teenagers between the 
ages of 12 to 15 were asked to keep a diary of their screen time and answer questions about how they felt or acted.
The answers to these questions 
were then used to compute a psychological well-being score.
Additional data were collected and included in the analysis,
such as each child's sex and age, and on the mother’s education,
ethnicity, psychological distress, and employment.
The study concluded that there is little clear-cut evidence
that screen time decreases adolescent
well-being.[source: orben2018screens]

Identify the explanatory variables.","\qt{Screens, teens, and psychological well-being\label{screen_time_well_being}}
In a study of three nationally representative large-scale data sets from Ireland, 
the United States, and the United Kingdom (n = 17,247), teenagers between the 
ages of 12 to 15 were asked to keep a diary of their screen time and answer questions about how they felt or acted.
The answers to these questions 
were then used to compute a psychological well-being score.
Additional data were collected and included in the analysis,
such as each child's sex and age, and on the mother’s education,
ethnicity, psychological distress, and employment.
The study concluded that there is little clear-cut evidence
that screen time decreases adolescent
well-being.\footfullcite{orben2018screens}
\begin{parts}
\item
    What type of study is this?
\item
    Identify the explanatory variables.
\item
    Identify the response variable.
\item
    Comment on whether the results of the study can be generalized
    to the population, and why.
\item
    Comment on whether the results of the study can be used
    to establish causal relationships.
\end{parts}"
ch_intro_to_data_42_3,OpenIntro Statistics,ch_intro_to_data,42,8,3,"Screens, teens, and psychological well-being",unknown,"In a study of three nationally representative large-scale data sets from Ireland, 
the United States, and the United Kingdom (n = 17,247), teenagers between the 
ages of 12 to 15 were asked to keep a diary of their screen time and answer questions about how they felt or acted.
The answers to these questions 
were then used to compute a psychological well-being score.
Additional data were collected and included in the analysis,
such as each child's sex and age, and on the mother’s education,
ethnicity, psychological distress, and employment.
The study concluded that there is little clear-cut evidence
that screen time decreases adolescent
well-being.[source: orben2018screens]",Identify the response variable.,"Screens, teens, and psychological well-being

In a study of three nationally representative large-scale data sets from Ireland, 
the United States, and the United Kingdom (n = 17,247), teenagers between the 
ages of 12 to 15 were asked to keep a diary of their screen time and answer questions about how they felt or acted.
The answers to these questions 
were then used to compute a psychological well-being score.
Additional data were collected and included in the analysis,
such as each child's sex and age, and on the mother’s education,
ethnicity, psychological distress, and employment.
The study concluded that there is little clear-cut evidence
that screen time decreases adolescent
well-being.[source: orben2018screens]

Identify the response variable.","\qt{Screens, teens, and psychological well-being\label{screen_time_well_being}}
In a study of three nationally representative large-scale data sets from Ireland, 
the United States, and the United Kingdom (n = 17,247), teenagers between the 
ages of 12 to 15 were asked to keep a diary of their screen time and answer questions about how they felt or acted.
The answers to these questions 
were then used to compute a psychological well-being score.
Additional data were collected and included in the analysis,
such as each child's sex and age, and on the mother’s education,
ethnicity, psychological distress, and employment.
The study concluded that there is little clear-cut evidence
that screen time decreases adolescent
well-being.\footfullcite{orben2018screens}
\begin{parts}
\item
    What type of study is this?
\item
    Identify the explanatory variables.
\item
    Identify the response variable.
\item
    Comment on whether the results of the study can be generalized
    to the population, and why.
\item
    Comment on whether the results of the study can be used
    to establish causal relationships.
\end{parts}"
ch_intro_to_data_42_4,OpenIntro Statistics,ch_intro_to_data,42,8,4,"Screens, teens, and psychological well-being",unknown,"In a study of three nationally representative large-scale data sets from Ireland, 
the United States, and the United Kingdom (n = 17,247), teenagers between the 
ages of 12 to 15 were asked to keep a diary of their screen time and answer questions about how they felt or acted.
The answers to these questions 
were then used to compute a psychological well-being score.
Additional data were collected and included in the analysis,
such as each child's sex and age, and on the mother’s education,
ethnicity, psychological distress, and employment.
The study concluded that there is little clear-cut evidence
that screen time decreases adolescent
well-being.[source: orben2018screens]","Comment on whether the results of the study can be generalized
 to the population, and why.","Screens, teens, and psychological well-being

In a study of three nationally representative large-scale data sets from Ireland, 
the United States, and the United Kingdom (n = 17,247), teenagers between the 
ages of 12 to 15 were asked to keep a diary of their screen time and answer questions about how they felt or acted.
The answers to these questions 
were then used to compute a psychological well-being score.
Additional data were collected and included in the analysis,
such as each child's sex and age, and on the mother’s education,
ethnicity, psychological distress, and employment.
The study concluded that there is little clear-cut evidence
that screen time decreases adolescent
well-being.[source: orben2018screens]

Comment on whether the results of the study can be generalized
 to the population, and why.","\qt{Screens, teens, and psychological well-being\label{screen_time_well_being}}
In a study of three nationally representative large-scale data sets from Ireland, 
the United States, and the United Kingdom (n = 17,247), teenagers between the 
ages of 12 to 15 were asked to keep a diary of their screen time and answer questions about how they felt or acted.
The answers to these questions 
were then used to compute a psychological well-being score.
Additional data were collected and included in the analysis,
such as each child's sex and age, and on the mother’s education,
ethnicity, psychological distress, and employment.
The study concluded that there is little clear-cut evidence
that screen time decreases adolescent
well-being.\footfullcite{orben2018screens}
\begin{parts}
\item
    What type of study is this?
\item
    Identify the explanatory variables.
\item
    Identify the response variable.
\item
    Comment on whether the results of the study can be generalized
    to the population, and why.
\item
    Comment on whether the results of the study can be used
    to establish causal relationships.
\end{parts}"
ch_intro_to_data_42_5,OpenIntro Statistics,ch_intro_to_data,42,8,5,"Screens, teens, and psychological well-being",unknown,"In a study of three nationally representative large-scale data sets from Ireland, 
the United States, and the United Kingdom (n = 17,247), teenagers between the 
ages of 12 to 15 were asked to keep a diary of their screen time and answer questions about how they felt or acted.
The answers to these questions 
were then used to compute a psychological well-being score.
Additional data were collected and included in the analysis,
such as each child's sex and age, and on the mother’s education,
ethnicity, psychological distress, and employment.
The study concluded that there is little clear-cut evidence
that screen time decreases adolescent
well-being.[source: orben2018screens]","Comment on whether the results of the study can be used
 to establish causal relationships.","Screens, teens, and psychological well-being

In a study of three nationally representative large-scale data sets from Ireland, 
the United States, and the United Kingdom (n = 17,247), teenagers between the 
ages of 12 to 15 were asked to keep a diary of their screen time and answer questions about how they felt or acted.
The answers to these questions 
were then used to compute a psychological well-being score.
Additional data were collected and included in the analysis,
such as each child's sex and age, and on the mother’s education,
ethnicity, psychological distress, and employment.
The study concluded that there is little clear-cut evidence
that screen time decreases adolescent
well-being.[source: orben2018screens]

Comment on whether the results of the study can be used
 to establish causal relationships.","\qt{Screens, teens, and psychological well-being\label{screen_time_well_being}}
In a study of three nationally representative large-scale data sets from Ireland, 
the United States, and the United Kingdom (n = 17,247), teenagers between the 
ages of 12 to 15 were asked to keep a diary of their screen time and answer questions about how they felt or acted.
The answers to these questions 
were then used to compute a psychological well-being score.
Additional data were collected and included in the analysis,
such as each child's sex and age, and on the mother’s education,
ethnicity, psychological distress, and employment.
The study concluded that there is little clear-cut evidence
that screen time decreases adolescent
well-being.\footfullcite{orben2018screens}
\begin{parts}
\item
    What type of study is this?
\item
    Identify the explanatory variables.
\item
    Identify the response variable.
\item
    Comment on whether the results of the study can be generalized
    to the population, and why.
\item
    Comment on whether the results of the study can be used
    to establish causal relationships.
\end{parts}"
ch_intro_to_data_43_1,OpenIntro Statistics,ch_intro_to_data,43,9,1,Stanford Open Policing,unknown,"The Stanford Open Policing project gathers, analyzes, and
releases records from traffic stops by law enforcement 
agencies across the United States.
Their goal is to help researchers, journalists, and policymakers
investigate and improve interactions between police and the
public.[source: pierson2017large]
The following is an excerpt from a summary table created based off of the data 
collected as part of this project.

Table:
| Driver's | No. of stops | 
| --- | --- | --- | --- | --- | --- |
| County | State | race | per year | cars searched | drivers arrested |
| Apaice County | Arizona | Black | 266 | 0.08 | 0.02 |
| Apaice County | Arizona | Hispanic | 1008 | 0.05 | 0.02 |
| Apaice County | Arizona | White | 6322 | 0.02 | 0.01 |
| Cochise County | Arizona | Black | 1169 | 0.05 | 0.01 |
| Cochise County | Arizona | Hispanic | 9453 | 0.04 | 0.01 |
| Cochise County | Arizona | White | 10826 | 0.02 | 0.01 |
| $$ | $$ | $$ | $$ | $$ | $$ |
| Wood County | Wisconsin | Black | 16 | 0.24 | 0.10 |
| Wood County | Wisconsin | Hispanic | 27 | 0.04 | 0.03 |
| Wood County | Wisconsin | White | 1157 | 0.03 | 0.03 |","What variables were collected on each individual traffic stop
 in order to create to the summary table above?","Stanford Open Policing

The Stanford Open Policing project gathers, analyzes, and
releases records from traffic stops by law enforcement 
agencies across the United States.
Their goal is to help researchers, journalists, and policymakers
investigate and improve interactions between police and the
public.[source: pierson2017large]
The following is an excerpt from a summary table created based off of the data 
collected as part of this project.

Table:
| Driver's | No. of stops | 
| --- | --- | --- | --- | --- | --- |
| County | State | race | per year | cars searched | drivers arrested |
| Apaice County | Arizona | Black | 266 | 0.08 | 0.02 |
| Apaice County | Arizona | Hispanic | 1008 | 0.05 | 0.02 |
| Apaice County | Arizona | White | 6322 | 0.02 | 0.01 |
| Cochise County | Arizona | Black | 1169 | 0.05 | 0.01 |
| Cochise County | Arizona | Hispanic | 9453 | 0.04 | 0.01 |
| Cochise County | Arizona | White | 10826 | 0.02 | 0.01 |
| $$ | $$ | $$ | $$ | $$ | $$ |
| Wood County | Wisconsin | Black | 16 | 0.24 | 0.10 |
| Wood County | Wisconsin | Hispanic | 27 | 0.04 | 0.03 |
| Wood County | Wisconsin | White | 1157 | 0.03 | 0.03 |

What variables were collected on each individual traffic stop
 in order to create to the summary table above?","\qt{Stanford Open Policing\label{stanford_open_policing}}
The Stanford Open Policing project gathers, analyzes, and
releases records from traffic stops by law enforcement 
agencies across the United States.
Their goal is to help researchers, journalists, and policymakers
investigate and improve interactions between police and the
public.\footfullcite{pierson2017large}
The following is an excerpt from a summary table created based off of the data 
collected as part of this project.
\begin{center}
\begin{tabular}{lllrrr}
\hline
               &           & Driver's  & No. of stops & \multicolumn{2}{c}{\% of stopped}  \\
County         & State     & race      & per year     & cars searched & drivers arrested \\ 
\hline
Apaice County  & Arizona   & Black     & 266          & 0.08          & 0.02 \\ 
Apaice County  & Arizona   & Hispanic  & 1008         & 0.05          & 0.02 \\ 
Apaice County  & Arizona   & White     & 6322         & 0.02          & 0.01 \\ 
Cochise County & Arizona   & Black     & 1169         & 0.05          & 0.01 \\ 
Cochise County & Arizona   & Hispanic  & 9453         & 0.04          & 0.01 \\ 
Cochise County & Arizona   & White     & 10826        & 0.02          & 0.01 \\ 
$\cdots$       & $\cdots$  & $\cdots$  & $\cdots$     & $\cdots$      & $\cdots$ \\
Wood County    & Wisconsin & Black     & 16           & 0.24          & 0.10 \\ 
Wood County    & Wisconsin & Hispanic  & 27           & 0.04          & 0.03 \\ 
Wood County    & Wisconsin & White     & 1157         & 0.03          & 0.03 \\ 
\hline 
\end{tabular}
\end{center}
\begin{parts}
\item
    What variables were collected on each individual traffic stop
    in order to create to the summary table above?
\item
    State whether each variable is numerical or categorical.
    If numerical, state whether it is continuous or discrete.
    If categorical, state whether it is ordinal or not.
\item
    Suppose we wanted to evaluate whether vehicle search rates
    are different for drivers of different races.
    In this analysis, which variable would be the response
    variable and which variable would be the explanatory variable?
\end{parts}"
ch_intro_to_data_43_2,OpenIntro Statistics,ch_intro_to_data,43,9,2,Stanford Open Policing,unknown,"The Stanford Open Policing project gathers, analyzes, and
releases records from traffic stops by law enforcement 
agencies across the United States.
Their goal is to help researchers, journalists, and policymakers
investigate and improve interactions between police and the
public.[source: pierson2017large]
The following is an excerpt from a summary table created based off of the data 
collected as part of this project.

Table:
| Driver's | No. of stops | 
| --- | --- | --- | --- | --- | --- |
| County | State | race | per year | cars searched | drivers arrested |
| Apaice County | Arizona | Black | 266 | 0.08 | 0.02 |
| Apaice County | Arizona | Hispanic | 1008 | 0.05 | 0.02 |
| Apaice County | Arizona | White | 6322 | 0.02 | 0.01 |
| Cochise County | Arizona | Black | 1169 | 0.05 | 0.01 |
| Cochise County | Arizona | Hispanic | 9453 | 0.04 | 0.01 |
| Cochise County | Arizona | White | 10826 | 0.02 | 0.01 |
| $$ | $$ | $$ | $$ | $$ | $$ |
| Wood County | Wisconsin | Black | 16 | 0.24 | 0.10 |
| Wood County | Wisconsin | Hispanic | 27 | 0.04 | 0.03 |
| Wood County | Wisconsin | White | 1157 | 0.03 | 0.03 |","State whether each variable is numerical or categorical.
 If numerical, state whether it is continuous or discrete.
 If categorical, state whether it is ordinal or not.","Stanford Open Policing

The Stanford Open Policing project gathers, analyzes, and
releases records from traffic stops by law enforcement 
agencies across the United States.
Their goal is to help researchers, journalists, and policymakers
investigate and improve interactions between police and the
public.[source: pierson2017large]
The following is an excerpt from a summary table created based off of the data 
collected as part of this project.

Table:
| Driver's | No. of stops | 
| --- | --- | --- | --- | --- | --- |
| County | State | race | per year | cars searched | drivers arrested |
| Apaice County | Arizona | Black | 266 | 0.08 | 0.02 |
| Apaice County | Arizona | Hispanic | 1008 | 0.05 | 0.02 |
| Apaice County | Arizona | White | 6322 | 0.02 | 0.01 |
| Cochise County | Arizona | Black | 1169 | 0.05 | 0.01 |
| Cochise County | Arizona | Hispanic | 9453 | 0.04 | 0.01 |
| Cochise County | Arizona | White | 10826 | 0.02 | 0.01 |
| $$ | $$ | $$ | $$ | $$ | $$ |
| Wood County | Wisconsin | Black | 16 | 0.24 | 0.10 |
| Wood County | Wisconsin | Hispanic | 27 | 0.04 | 0.03 |
| Wood County | Wisconsin | White | 1157 | 0.03 | 0.03 |

State whether each variable is numerical or categorical.
 If numerical, state whether it is continuous or discrete.
 If categorical, state whether it is ordinal or not.","\qt{Stanford Open Policing\label{stanford_open_policing}}
The Stanford Open Policing project gathers, analyzes, and
releases records from traffic stops by law enforcement 
agencies across the United States.
Their goal is to help researchers, journalists, and policymakers
investigate and improve interactions between police and the
public.\footfullcite{pierson2017large}
The following is an excerpt from a summary table created based off of the data 
collected as part of this project.
\begin{center}
\begin{tabular}{lllrrr}
\hline
               &           & Driver's  & No. of stops & \multicolumn{2}{c}{\% of stopped}  \\
County         & State     & race      & per year     & cars searched & drivers arrested \\ 
\hline
Apaice County  & Arizona   & Black     & 266          & 0.08          & 0.02 \\ 
Apaice County  & Arizona   & Hispanic  & 1008         & 0.05          & 0.02 \\ 
Apaice County  & Arizona   & White     & 6322         & 0.02          & 0.01 \\ 
Cochise County & Arizona   & Black     & 1169         & 0.05          & 0.01 \\ 
Cochise County & Arizona   & Hispanic  & 9453         & 0.04          & 0.01 \\ 
Cochise County & Arizona   & White     & 10826        & 0.02          & 0.01 \\ 
$\cdots$       & $\cdots$  & $\cdots$  & $\cdots$     & $\cdots$      & $\cdots$ \\
Wood County    & Wisconsin & Black     & 16           & 0.24          & 0.10 \\ 
Wood County    & Wisconsin & Hispanic  & 27           & 0.04          & 0.03 \\ 
Wood County    & Wisconsin & White     & 1157         & 0.03          & 0.03 \\ 
\hline 
\end{tabular}
\end{center}
\begin{parts}
\item
    What variables were collected on each individual traffic stop
    in order to create to the summary table above?
\item
    State whether each variable is numerical or categorical.
    If numerical, state whether it is continuous or discrete.
    If categorical, state whether it is ordinal or not.
\item
    Suppose we wanted to evaluate whether vehicle search rates
    are different for drivers of different races.
    In this analysis, which variable would be the response
    variable and which variable would be the explanatory variable?
\end{parts}"
ch_intro_to_data_43_3,OpenIntro Statistics,ch_intro_to_data,43,9,3,Stanford Open Policing,unknown,"The Stanford Open Policing project gathers, analyzes, and
releases records from traffic stops by law enforcement 
agencies across the United States.
Their goal is to help researchers, journalists, and policymakers
investigate and improve interactions between police and the
public.[source: pierson2017large]
The following is an excerpt from a summary table created based off of the data 
collected as part of this project.

Table:
| Driver's | No. of stops | 
| --- | --- | --- | --- | --- | --- |
| County | State | race | per year | cars searched | drivers arrested |
| Apaice County | Arizona | Black | 266 | 0.08 | 0.02 |
| Apaice County | Arizona | Hispanic | 1008 | 0.05 | 0.02 |
| Apaice County | Arizona | White | 6322 | 0.02 | 0.01 |
| Cochise County | Arizona | Black | 1169 | 0.05 | 0.01 |
| Cochise County | Arizona | Hispanic | 9453 | 0.04 | 0.01 |
| Cochise County | Arizona | White | 10826 | 0.02 | 0.01 |
| $$ | $$ | $$ | $$ | $$ | $$ |
| Wood County | Wisconsin | Black | 16 | 0.24 | 0.10 |
| Wood County | Wisconsin | Hispanic | 27 | 0.04 | 0.03 |
| Wood County | Wisconsin | White | 1157 | 0.03 | 0.03 |","Suppose we wanted to evaluate whether vehicle search rates
 are different for drivers of different races.
 In this analysis, which variable would be the response
 variable and which variable would be the explanatory variable?","Stanford Open Policing

The Stanford Open Policing project gathers, analyzes, and
releases records from traffic stops by law enforcement 
agencies across the United States.
Their goal is to help researchers, journalists, and policymakers
investigate and improve interactions between police and the
public.[source: pierson2017large]
The following is an excerpt from a summary table created based off of the data 
collected as part of this project.

Table:
| Driver's | No. of stops | 
| --- | --- | --- | --- | --- | --- |
| County | State | race | per year | cars searched | drivers arrested |
| Apaice County | Arizona | Black | 266 | 0.08 | 0.02 |
| Apaice County | Arizona | Hispanic | 1008 | 0.05 | 0.02 |
| Apaice County | Arizona | White | 6322 | 0.02 | 0.01 |
| Cochise County | Arizona | Black | 1169 | 0.05 | 0.01 |
| Cochise County | Arizona | Hispanic | 9453 | 0.04 | 0.01 |
| Cochise County | Arizona | White | 10826 | 0.02 | 0.01 |
| $$ | $$ | $$ | $$ | $$ | $$ |
| Wood County | Wisconsin | Black | 16 | 0.24 | 0.10 |
| Wood County | Wisconsin | Hispanic | 27 | 0.04 | 0.03 |
| Wood County | Wisconsin | White | 1157 | 0.03 | 0.03 |

Suppose we wanted to evaluate whether vehicle search rates
 are different for drivers of different races.
 In this analysis, which variable would be the response
 variable and which variable would be the explanatory variable?","\qt{Stanford Open Policing\label{stanford_open_policing}}
The Stanford Open Policing project gathers, analyzes, and
releases records from traffic stops by law enforcement 
agencies across the United States.
Their goal is to help researchers, journalists, and policymakers
investigate and improve interactions between police and the
public.\footfullcite{pierson2017large}
The following is an excerpt from a summary table created based off of the data 
collected as part of this project.
\begin{center}
\begin{tabular}{lllrrr}
\hline
               &           & Driver's  & No. of stops & \multicolumn{2}{c}{\% of stopped}  \\
County         & State     & race      & per year     & cars searched & drivers arrested \\ 
\hline
Apaice County  & Arizona   & Black     & 266          & 0.08          & 0.02 \\ 
Apaice County  & Arizona   & Hispanic  & 1008         & 0.05          & 0.02 \\ 
Apaice County  & Arizona   & White     & 6322         & 0.02          & 0.01 \\ 
Cochise County & Arizona   & Black     & 1169         & 0.05          & 0.01 \\ 
Cochise County & Arizona   & Hispanic  & 9453         & 0.04          & 0.01 \\ 
Cochise County & Arizona   & White     & 10826        & 0.02          & 0.01 \\ 
$\cdots$       & $\cdots$  & $\cdots$  & $\cdots$     & $\cdots$      & $\cdots$ \\
Wood County    & Wisconsin & Black     & 16           & 0.24          & 0.10 \\ 
Wood County    & Wisconsin & Hispanic  & 27           & 0.04          & 0.03 \\ 
Wood County    & Wisconsin & White     & 1157         & 0.03          & 0.03 \\ 
\hline 
\end{tabular}
\end{center}
\begin{parts}
\item
    What variables were collected on each individual traffic stop
    in order to create to the summary table above?
\item
    State whether each variable is numerical or categorical.
    If numerical, state whether it is continuous or discrete.
    If categorical, state whether it is ordinal or not.
\item
    Suppose we wanted to evaluate whether vehicle search rates
    are different for drivers of different races.
    In this analysis, which variable would be the response
    variable and which variable would be the explanatory variable?
\end{parts}"
ch_intro_to_data_44_1,OpenIntro Statistics,ch_intro_to_data,44,10,1,Space launches,unknown,"The following summary table shows the number of space
launches in the US by the type of launching agency and
the outcome of the launch (success or
failure).[source: data:spacelaunches]

Table:
| 1957 - 1999 | 2000 - 2018 | | | |
| --- | --- | --- | --- | --- |
| Failure | Success | Failure | Success | |
| Private | 13 | 295 | 10 | 562 |
| State | 281 | 3751 | 33 | 711 |
| Startup | - | - | 5 | 65 |","What variables were collected on each launch in order
 to create to the summary table above?","Space launches

The following summary table shows the number of space
launches in the US by the type of launching agency and
the outcome of the launch (success or
failure).[source: data:spacelaunches]

Table:
| 1957 - 1999 | 2000 - 2018 | | | |
| --- | --- | --- | --- | --- |
| Failure | Success | Failure | Success | |
| Private | 13 | 295 | 10 | 562 |
| State | 281 | 3751 | 33 | 711 |
| Startup | - | - | 5 | 65 |

What variables were collected on each launch in order
 to create to the summary table above?","\qt{Space launches\label{space_launches}}
The following summary table shows the number of space
launches in the US by the type of launching agency and
the outcome of the launch (success or
failure).\footfullcite{data:spacelaunches}
\begin{center}
\begin{tabular}{l | rr | rr}
\hline
        & \multicolumn{2}{| c}{1957 - 1999} & \multicolumn{2}{| c}{2000 - 2018} \\
        & Failure & Success & Failure & Success \\ 
\hline
Private &      13 &     295 &      10 &     562 \\ 
State   &     281 &    3751 &      33 &     711 \\ 
Startup &       - &       - &       5 &      65 \\
\hline
\end{tabular}
\end{center}
\begin{parts}
\item
    What variables were collected on each launch in order
    to create to the summary table above?
\item
    State whether each variable is numerical or categorical.
    If numerical, state whether it is continuous or discrete.
    If categorical, state whether it is ordinal or not.
\item
    Suppose we wanted to study how the success rate of
    launches vary between launching agencies and over time.
    In this analysis, which variable would be the response
    variable and which variable would be the explanatory
    variable?
\end{parts}"
ch_intro_to_data_44_2,OpenIntro Statistics,ch_intro_to_data,44,10,2,Space launches,unknown,"The following summary table shows the number of space
launches in the US by the type of launching agency and
the outcome of the launch (success or
failure).[source: data:spacelaunches]

Table:
| 1957 - 1999 | 2000 - 2018 | | | |
| --- | --- | --- | --- | --- |
| Failure | Success | Failure | Success | |
| Private | 13 | 295 | 10 | 562 |
| State | 281 | 3751 | 33 | 711 |
| Startup | - | - | 5 | 65 |","State whether each variable is numerical or categorical.
 If numerical, state whether it is continuous or discrete.
 If categorical, state whether it is ordinal or not.","Space launches

The following summary table shows the number of space
launches in the US by the type of launching agency and
the outcome of the launch (success or
failure).[source: data:spacelaunches]

Table:
| 1957 - 1999 | 2000 - 2018 | | | |
| --- | --- | --- | --- | --- |
| Failure | Success | Failure | Success | |
| Private | 13 | 295 | 10 | 562 |
| State | 281 | 3751 | 33 | 711 |
| Startup | - | - | 5 | 65 |

State whether each variable is numerical or categorical.
 If numerical, state whether it is continuous or discrete.
 If categorical, state whether it is ordinal or not.","\qt{Space launches\label{space_launches}}
The following summary table shows the number of space
launches in the US by the type of launching agency and
the outcome of the launch (success or
failure).\footfullcite{data:spacelaunches}
\begin{center}
\begin{tabular}{l | rr | rr}
\hline
        & \multicolumn{2}{| c}{1957 - 1999} & \multicolumn{2}{| c}{2000 - 2018} \\
        & Failure & Success & Failure & Success \\ 
\hline
Private &      13 &     295 &      10 &     562 \\ 
State   &     281 &    3751 &      33 &     711 \\ 
Startup &       - &       - &       5 &      65 \\
\hline
\end{tabular}
\end{center}
\begin{parts}
\item
    What variables were collected on each launch in order
    to create to the summary table above?
\item
    State whether each variable is numerical or categorical.
    If numerical, state whether it is continuous or discrete.
    If categorical, state whether it is ordinal or not.
\item
    Suppose we wanted to study how the success rate of
    launches vary between launching agencies and over time.
    In this analysis, which variable would be the response
    variable and which variable would be the explanatory
    variable?
\end{parts}"
ch_intro_to_data_44_3,OpenIntro Statistics,ch_intro_to_data,44,10,3,Space launches,unknown,"The following summary table shows the number of space
launches in the US by the type of launching agency and
the outcome of the launch (success or
failure).[source: data:spacelaunches]

Table:
| 1957 - 1999 | 2000 - 2018 | | | |
| --- | --- | --- | --- | --- |
| Failure | Success | Failure | Success | |
| Private | 13 | 295 | 10 | 562 |
| State | 281 | 3751 | 33 | 711 |
| Startup | - | - | 5 | 65 |","Suppose we wanted to study how the success rate of
 launches vary between launching agencies and over time.
 In this analysis, which variable would be the response
 variable and which variable would be the explanatory
 variable?","Space launches

The following summary table shows the number of space
launches in the US by the type of launching agency and
the outcome of the launch (success or
failure).[source: data:spacelaunches]

Table:
| 1957 - 1999 | 2000 - 2018 | | | |
| --- | --- | --- | --- | --- |
| Failure | Success | Failure | Success | |
| Private | 13 | 295 | 10 | 562 |
| State | 281 | 3751 | 33 | 711 |
| Startup | - | - | 5 | 65 |

Suppose we wanted to study how the success rate of
 launches vary between launching agencies and over time.
 In this analysis, which variable would be the response
 variable and which variable would be the explanatory
 variable?","\qt{Space launches\label{space_launches}}
The following summary table shows the number of space
launches in the US by the type of launching agency and
the outcome of the launch (success or
failure).\footfullcite{data:spacelaunches}
\begin{center}
\begin{tabular}{l | rr | rr}
\hline
        & \multicolumn{2}{| c}{1957 - 1999} & \multicolumn{2}{| c}{2000 - 2018} \\
        & Failure & Success & Failure & Success \\ 
\hline
Private &      13 &     295 &      10 &     562 \\ 
State   &     281 &    3751 &      33 &     711 \\ 
Startup &       - &       - &       5 &      65 \\
\hline
\end{tabular}
\end{center}
\begin{parts}
\item
    What variables were collected on each launch in order
    to create to the summary table above?
\item
    State whether each variable is numerical or categorical.
    If numerical, state whether it is continuous or discrete.
    If categorical, state whether it is ordinal or not.
\item
    Suppose we wanted to study how the success rate of
    launches vary between launching agencies and over time.
    In this analysis, which variable would be the response
    variable and which variable would be the explanatory
    variable?
\end{parts}"
ch_probability_39,OpenIntro Statistics,ch_probability,39,1,,Grade distributions,probability,"Each row in the table below is 
a proposed grade distribution for a class. Identify each as a valid or invalid 
probability distribution, and explain your reasoning.

Table:
| 5cGrades | | | | | |
| --- | --- | --- | --- | --- | --- |
| A | B | C | D | F | |
| (a) | 0.3 | 0.3 | 0.3 | 0.2 | 0.1 |
| (b) | 0 | 0 | 1 | 0 | 0 |
| (c) | 0.3 | 0.3 | 0.3 | 0 | 0 |
| (d) | 0.3 | 0.5 | 0.2 | 0.1 | -0.1 |
| (e) | 0.2 | 0.4 | 0.2 | 0.1 | 0.1 |
| (f) | 0 | -0.1 | 1.1 | 0 | 0 |",,"Grade distributions

Each row in the table below is 
a proposed grade distribution for a class. Identify each as a valid or invalid 
probability distribution, and explain your reasoning.

Table:
| 5cGrades | | | | | |
| --- | --- | --- | --- | --- | --- |
| A | B | C | D | F | |
| (a) | 0.3 | 0.3 | 0.3 | 0.2 | 0.1 |
| (b) | 0 | 0 | 1 | 0 | 0 |
| (c) | 0.3 | 0.3 | 0.3 | 0 | 0 |
| (d) | 0.3 | 0.5 | 0.2 | 0.1 | -0.1 |
| (e) | 0.2 | 0.4 | 0.2 | 0.1 | 0.1 |
| (f) | 0 | -0.1 | 1.1 | 0 | 0 |","\qt{Grade distributions\label{grade_dists}} Each row in the table below is 
a proposed grade distribution for a class. Identify each as a valid or invalid 
probability distribution, and explain your reasoning.
\begin{center}
\begin{tabular}{l  ccccc} 
    & \multicolumn{5}{c}{\textit{Grades}} \\
\cline{2-6}
    & A     & B     & C     & D     & F  \\
\cline{2-6}
(a) & 0.3   & 0.3   & 0.3   & 0.2   & 0.1\\
(b) & 0     & 0     & 1     & 0     & 0 \\
(c) & 0.3   & 0.3   & 0.3   & 0     & 0 \\
(d) & 0.3   & 0.5   & 0.2   & 0.1   & -0.1 \\
(e) & 0.2   & 0.4   & 0.2   & 0.1   & 0.1 \\
(f) & 0     & -0.1  & 1.1   & 0     & 0 \\
\end{tabular}
\end{center}"
ch_probability_40_1,OpenIntro Statistics,ch_probability,40,2,1,"Health coverage, frequencies",probability,"The 
Behavioral Risk Factor Surveillance System (BRFSS) is an annual telephone survey 
designed to identify risk factors in the adult population and report emerging 
health trends. The following table summarizes two variables for the respondents: 
health status and health coverage, which describes whether each respondent had 
health insurance. [source: data:BRFSS2010]

Table:
| 5cHealth Status | | | | | | | |
| --- | --- | --- | --- | --- | --- | --- | --- |
| Excellent | Very good | Good | Fair | Poor | Total | | |
| Health | No | 459 | 727 | 854 | 385 | 99 | 2,524 |
| Coverage | Yes | 4,198 | 6,245 | 4,821 | 1,634 | 578 | 17,476 |
| Total | 4,657 | 6,972 | 5,675 | 2,019 | 677 | 20,000 | |","If we draw one individual at random, what is the probability that the 
respondent has excellent health and doesn't have health coverage?","Health coverage, frequencies

The 
Behavioral Risk Factor Surveillance System (BRFSS) is an annual telephone survey 
designed to identify risk factors in the adult population and report emerging 
health trends. The following table summarizes two variables for the respondents: 
health status and health coverage, which describes whether each respondent had 
health insurance. [source: data:BRFSS2010]

Table:
| 5cHealth Status | | | | | | | |
| --- | --- | --- | --- | --- | --- | --- | --- |
| Excellent | Very good | Good | Fair | Poor | Total | | |
| Health | No | 459 | 727 | 854 | 385 | 99 | 2,524 |
| Coverage | Yes | 4,198 | 6,245 | 4,821 | 1,634 | 578 | 17,476 |
| Total | 4,657 | 6,972 | 5,675 | 2,019 | 677 | 20,000 | |

If we draw one individual at random, what is the probability that the 
respondent has excellent health and doesn't have health coverage?","\qt{Health coverage, frequencies\label{health_coverage_freqs}} The 
Behavioral Risk Factor Surveillance System (BRFSS) is an annual telephone survey 
designed to identify risk factors in the adult population and report emerging 
health trends. The following table summarizes two variables for the respondents: 
health status and health coverage, which describes whether each respondent had 
health insurance. \footfullcite{data:BRFSS2010}
\begin{center}
\begin{tabular}{rrrrrrrr}
                    &       & \multicolumn{5}{c}{\textit{Health Status}} &  \\ 
\cline{3-7}
                    &       & Excellent & Very good & Good  & Fair  & Poor  & Total\\ 
\cline{2-8}
\textit{Health}     & No    & 459       & 727       & 854   & 385   & 99    & 2,524 \\ 
\textit{Coverage}   & Yes   & 4,198     & 6,245     & 4,821 & 1,634 & 578   & 17,476 \\ 
\cline{2-8}
                    & Total & 4,657     & 6,972     & 5,675 & 2,019 & 677   & 20,000
\end{tabular}
\end{center}
\begin{parts}
\item If we draw one individual at random, what is the probability that the 
respondent has excellent health and doesn't have health coverage?
\item If we draw one individual at random, what is the probability that the 
respondent has excellent health or doesn't have health coverage?
\end{parts}"
ch_probability_40_2,OpenIntro Statistics,ch_probability,40,2,2,"Health coverage, frequencies",probability,"The 
Behavioral Risk Factor Surveillance System (BRFSS) is an annual telephone survey 
designed to identify risk factors in the adult population and report emerging 
health trends. The following table summarizes two variables for the respondents: 
health status and health coverage, which describes whether each respondent had 
health insurance. [source: data:BRFSS2010]

Table:
| 5cHealth Status | | | | | | | |
| --- | --- | --- | --- | --- | --- | --- | --- |
| Excellent | Very good | Good | Fair | Poor | Total | | |
| Health | No | 459 | 727 | 854 | 385 | 99 | 2,524 |
| Coverage | Yes | 4,198 | 6,245 | 4,821 | 1,634 | 578 | 17,476 |
| Total | 4,657 | 6,972 | 5,675 | 2,019 | 677 | 20,000 | |","If we draw one individual at random, what is the probability that the 
respondent has excellent health or doesn't have health coverage?","Health coverage, frequencies

The 
Behavioral Risk Factor Surveillance System (BRFSS) is an annual telephone survey 
designed to identify risk factors in the adult population and report emerging 
health trends. The following table summarizes two variables for the respondents: 
health status and health coverage, which describes whether each respondent had 
health insurance. [source: data:BRFSS2010]

Table:
| 5cHealth Status | | | | | | | |
| --- | --- | --- | --- | --- | --- | --- | --- |
| Excellent | Very good | Good | Fair | Poor | Total | | |
| Health | No | 459 | 727 | 854 | 385 | 99 | 2,524 |
| Coverage | Yes | 4,198 | 6,245 | 4,821 | 1,634 | 578 | 17,476 |
| Total | 4,657 | 6,972 | 5,675 | 2,019 | 677 | 20,000 | |

If we draw one individual at random, what is the probability that the 
respondent has excellent health or doesn't have health coverage?","\qt{Health coverage, frequencies\label{health_coverage_freqs}} The 
Behavioral Risk Factor Surveillance System (BRFSS) is an annual telephone survey 
designed to identify risk factors in the adult population and report emerging 
health trends. The following table summarizes two variables for the respondents: 
health status and health coverage, which describes whether each respondent had 
health insurance. \footfullcite{data:BRFSS2010}
\begin{center}
\begin{tabular}{rrrrrrrr}
                    &       & \multicolumn{5}{c}{\textit{Health Status}} &  \\ 
\cline{3-7}
                    &       & Excellent & Very good & Good  & Fair  & Poor  & Total\\ 
\cline{2-8}
\textit{Health}     & No    & 459       & 727       & 854   & 385   & 99    & 2,524 \\ 
\textit{Coverage}   & Yes   & 4,198     & 6,245     & 4,821 & 1,634 & 578   & 17,476 \\ 
\cline{2-8}
                    & Total & 4,657     & 6,972     & 5,675 & 2,019 & 677   & 20,000
\end{tabular}
\end{center}
\begin{parts}
\item If we draw one individual at random, what is the probability that the 
respondent has excellent health and doesn't have health coverage?
\item If we draw one individual at random, what is the probability that the 
respondent has excellent health or doesn't have health coverage?
\end{parts}"
ch_probability_41,OpenIntro Statistics,ch_probability,41,3,,HIV in Swaziland,probability,"Swaziland has the highest 
HIV prevalence in the world: 25.9% of this country's population is infected with 
HIV.[source: ciaFactBookHIV:2012] The ELISA test is one of the first and 
most accurate tests for HIV. For those who carry HIV, the ELISA test is 99.7% 
accurate. For those who do not carry HIV, the test is 92.6% accurate. If an 
individual from Swaziland has tested positive, what is the probability that he 
carries HIV?",,"HIV in Swaziland

Swaziland has the highest 
HIV prevalence in the world: 25.9% of this country's population is infected with 
HIV.[source: ciaFactBookHIV:2012] The ELISA test is one of the first and 
most accurate tests for HIV. For those who carry HIV, the ELISA test is 99.7% 
accurate. For those who do not carry HIV, the test is 92.6% accurate. If an 
individual from Swaziland has tested positive, what is the probability that he 
carries HIV?","\qt{HIV in Swaziland\label{tree_hiv_swaziland}} Swaziland has the highest 
HIV prevalence in the world: 25.9\% of this country's population is infected with 
HIV.\footfullcite{ciaFactBookHIV:2012} The ELISA test is one of the first and 
most accurate tests for HIV. For those who carry HIV, the ELISA test is 99.7\% 
accurate. For those who do not carry HIV, the test is 92.6\% accurate. If an 
individual from Swaziland has tested positive, what is the probability that he 
carries HIV?"
ch_probability_42,OpenIntro Statistics,ch_probability,42,4,,Twins,probability,"About 30% of human twins are identical, and 
the rest are fraternal. Identical twins are necessarily the same sex -- half are 
males and the other half are females. One-quarter of fraternal twins are both 
male, one-quarter both female, and one-half are mixes: one male, one female. You 
have just become a parent of twins and are told they are both girls. Given this 
information, what is the probability that they are identical?",,"Twins

About 30% of human twins are identical, and 
the rest are fraternal. Identical twins are necessarily the same sex -- half are 
males and the other half are females. One-quarter of fraternal twins are both 
male, one-quarter both female, and one-half are mixes: one male, one female. You 
have just become a parent of twins and are told they are both girls. Given this 
information, what is the probability that they are identical?","\qt{Twins\label{tree_twins}} About 30\% of human twins are identical, and 
the rest are fraternal. Identical twins are necessarily the same sex -- half are 
males and the other half are females. One-quarter of fraternal twins are both 
male, one-quarter both female, and one-half are mixes: one male, one female. You 
have just become a parent of twins and are told they are both girls. Given this 
information, what is the probability that they are identical?"
ch_probability_43_1,OpenIntro Statistics,ch_probability,43,5,1,Cost of breakfast,mean_variance,"Sally gets a cup of coffee 
and a muffin every day for breakfast from one of the many coffee shops in her 
neighborhood. She picks a coffee shop each morning at random and independently of 
previous days. The average price of a cup of coffee is $1.40 with a standard 
deviation of 30 ($0.30), the average price of a muffin is $2.50 with a 
standard deviation of 15, and the two prices are independent of each 
other.","What is the mean and standard deviation of the amount she spends on 
breakfast daily?","Cost of breakfast

Sally gets a cup of coffee 
and a muffin every day for breakfast from one of the many coffee shops in her 
neighborhood. She picks a coffee shop each morning at random and independently of 
previous days. The average price of a cup of coffee is $1.40 with a standard 
deviation of 30 ($0.30), the average price of a muffin is $2.50 with a 
standard deviation of 15, and the two prices are independent of each 
other.

What is the mean and standard deviation of the amount she spends on 
breakfast daily?","\qt{Cost of breakfast\label{cost_of_breakfast}} Sally gets a cup of coffee 
and a muffin every day for breakfast from one of the many coffee shops in her 
neighborhood. She picks a coffee shop each morning at random and independently of 
previous days. The average price of a cup of coffee is \$1.40 with a standard 
deviation of 30\textcent{} (\$0.30), the average price of a muffin is \$2.50 with a 
standard deviation of 15\textcent{}, and the two prices are independent of each 
other.
\begin{parts}
\item What is the mean and standard deviation of the amount she spends on 
breakfast daily?
\item What is the mean and standard deviation of the amount she spends on 
breakfast weekly (7~days)?
\end{parts}"
ch_probability_43_2,OpenIntro Statistics,ch_probability,43,5,2,Cost of breakfast,mean_variance,"Sally gets a cup of coffee 
and a muffin every day for breakfast from one of the many coffee shops in her 
neighborhood. She picks a coffee shop each morning at random and independently of 
previous days. The average price of a cup of coffee is $1.40 with a standard 
deviation of 30 ($0.30), the average price of a muffin is $2.50 with a 
standard deviation of 15, and the two prices are independent of each 
other.","What is the mean and standard deviation of the amount she spends on 
breakfast weekly (7~days)?","Cost of breakfast

Sally gets a cup of coffee 
and a muffin every day for breakfast from one of the many coffee shops in her 
neighborhood. She picks a coffee shop each morning at random and independently of 
previous days. The average price of a cup of coffee is $1.40 with a standard 
deviation of 30 ($0.30), the average price of a muffin is $2.50 with a 
standard deviation of 15, and the two prices are independent of each 
other.

What is the mean and standard deviation of the amount she spends on 
breakfast weekly (7~days)?","\qt{Cost of breakfast\label{cost_of_breakfast}} Sally gets a cup of coffee 
and a muffin every day for breakfast from one of the many coffee shops in her 
neighborhood. She picks a coffee shop each morning at random and independently of 
previous days. The average price of a cup of coffee is \$1.40 with a standard 
deviation of 30\textcent{} (\$0.30), the average price of a muffin is \$2.50 with a 
standard deviation of 15\textcent{}, and the two prices are independent of each 
other.
\begin{parts}
\item What is the mean and standard deviation of the amount she spends on 
breakfast daily?
\item What is the mean and standard deviation of the amount she spends on 
breakfast weekly (7~days)?
\end{parts}"
ch_probability_44_1,OpenIntro Statistics,ch_probability,44,6,1,Scooping ice cream,probability,"Ice cream usually comes in 1.5 
quart boxes (48 fluid ounces), and ice cream scoops hold about 2 ounces. 
However, there is some variability in the amount of ice cream in a box as well as 
the amount of ice cream scooped out. We represent the amount of ice cream in the 
box as $X$ and the amount scooped out as $Y$. Suppose these random variables have 
the following means, standard deviations, and variances:

Table:
| mean | SD | variance | |
| --- | --- | --- | --- |
| $X$ | 48 | 1 | 1 |
| $Y$ | 2 | 0.25 | 0.0625 |","An entire box of ice cream, plus 3 scoops from a second box is served at a 
party. How much ice cream do you expect to have been served at this party? What 
is the standard deviation of the amount of ice cream served?","Scooping ice cream

Ice cream usually comes in 1.5 
quart boxes (48 fluid ounces), and ice cream scoops hold about 2 ounces. 
However, there is some variability in the amount of ice cream in a box as well as 
the amount of ice cream scooped out. We represent the amount of ice cream in the 
box as $X$ and the amount scooped out as $Y$. Suppose these random variables have 
the following means, standard deviations, and variances:

Table:
| mean | SD | variance | |
| --- | --- | --- | --- |
| $X$ | 48 | 1 | 1 |
| $Y$ | 2 | 0.25 | 0.0625 |

An entire box of ice cream, plus 3 scoops from a second box is served at a 
party. How much ice cream do you expect to have been served at this party? What 
is the standard deviation of the amount of ice cream served?","\qt{Scooping ice cream\label{scoop_ice_cream}} Ice cream usually comes in 1.5 
quart boxes (48 fluid ounces), and ice cream scoops hold about 2 ounces. 
However, there is some variability in the amount of ice cream in a box as well as 
the amount of ice cream scooped out. We represent the amount of ice cream in the 
box as $X$ and the amount scooped out as $Y$. Suppose these random variables have 
the following means, standard deviations, and variances:
\begin{center}
\begin{tabular}{l ccc}
\hline
    & mean & SD & variance \\
\hline
$X$ & 48       & 1      & 1     \\
$Y$ & 2    & 0.25   & 0.0625    \\
\hline
\end{tabular}
\end{center}
\begin{parts}
\item An entire box of ice cream, plus 3 scoops from a second box is served at a 
party. How much ice cream do you expect to have been served at this party? What 
is the standard deviation of the amount of ice cream served?
\item How much ice cream would you expect to be left in the box after scooping 
out one scoop of ice cream? That is, find the expected value of $X-Y$. What is 
the standard deviation of the amount left in the box?
\item Using the context of this exercise, explain why we add variances when we 
subtract one random variable from another.
\end{parts}"
ch_probability_44_2,OpenIntro Statistics,ch_probability,44,6,2,Scooping ice cream,probability,"Ice cream usually comes in 1.5 
quart boxes (48 fluid ounces), and ice cream scoops hold about 2 ounces. 
However, there is some variability in the amount of ice cream in a box as well as 
the amount of ice cream scooped out. We represent the amount of ice cream in the 
box as $X$ and the amount scooped out as $Y$. Suppose these random variables have 
the following means, standard deviations, and variances:

Table:
| mean | SD | variance | |
| --- | --- | --- | --- |
| $X$ | 48 | 1 | 1 |
| $Y$ | 2 | 0.25 | 0.0625 |","How much ice cream would you expect to be left in the box after scooping 
out one scoop of ice cream? That is, find the expected value of $X-Y$. What is 
the standard deviation of the amount left in the box?","Scooping ice cream

Ice cream usually comes in 1.5 
quart boxes (48 fluid ounces), and ice cream scoops hold about 2 ounces. 
However, there is some variability in the amount of ice cream in a box as well as 
the amount of ice cream scooped out. We represent the amount of ice cream in the 
box as $X$ and the amount scooped out as $Y$. Suppose these random variables have 
the following means, standard deviations, and variances:

Table:
| mean | SD | variance | |
| --- | --- | --- | --- |
| $X$ | 48 | 1 | 1 |
| $Y$ | 2 | 0.25 | 0.0625 |

How much ice cream would you expect to be left in the box after scooping 
out one scoop of ice cream? That is, find the expected value of $X-Y$. What is 
the standard deviation of the amount left in the box?","\qt{Scooping ice cream\label{scoop_ice_cream}} Ice cream usually comes in 1.5 
quart boxes (48 fluid ounces), and ice cream scoops hold about 2 ounces. 
However, there is some variability in the amount of ice cream in a box as well as 
the amount of ice cream scooped out. We represent the amount of ice cream in the 
box as $X$ and the amount scooped out as $Y$. Suppose these random variables have 
the following means, standard deviations, and variances:
\begin{center}
\begin{tabular}{l ccc}
\hline
    & mean & SD & variance \\
\hline
$X$ & 48       & 1      & 1     \\
$Y$ & 2    & 0.25   & 0.0625    \\
\hline
\end{tabular}
\end{center}
\begin{parts}
\item An entire box of ice cream, plus 3 scoops from a second box is served at a 
party. How much ice cream do you expect to have been served at this party? What 
is the standard deviation of the amount of ice cream served?
\item How much ice cream would you expect to be left in the box after scooping 
out one scoop of ice cream? That is, find the expected value of $X-Y$. What is 
the standard deviation of the amount left in the box?
\item Using the context of this exercise, explain why we add variances when we 
subtract one random variable from another.
\end{parts}"
ch_probability_44_3,OpenIntro Statistics,ch_probability,44,6,3,Scooping ice cream,probability,"Ice cream usually comes in 1.5 
quart boxes (48 fluid ounces), and ice cream scoops hold about 2 ounces. 
However, there is some variability in the amount of ice cream in a box as well as 
the amount of ice cream scooped out. We represent the amount of ice cream in the 
box as $X$ and the amount scooped out as $Y$. Suppose these random variables have 
the following means, standard deviations, and variances:

Table:
| mean | SD | variance | |
| --- | --- | --- | --- |
| $X$ | 48 | 1 | 1 |
| $Y$ | 2 | 0.25 | 0.0625 |","Using the context of this exercise, explain why we add variances when we 
subtract one random variable from another.","Scooping ice cream

Ice cream usually comes in 1.5 
quart boxes (48 fluid ounces), and ice cream scoops hold about 2 ounces. 
However, there is some variability in the amount of ice cream in a box as well as 
the amount of ice cream scooped out. We represent the amount of ice cream in the 
box as $X$ and the amount scooped out as $Y$. Suppose these random variables have 
the following means, standard deviations, and variances:

Table:
| mean | SD | variance | |
| --- | --- | --- | --- |
| $X$ | 48 | 1 | 1 |
| $Y$ | 2 | 0.25 | 0.0625 |

Using the context of this exercise, explain why we add variances when we 
subtract one random variable from another.","\qt{Scooping ice cream\label{scoop_ice_cream}} Ice cream usually comes in 1.5 
quart boxes (48 fluid ounces), and ice cream scoops hold about 2 ounces. 
However, there is some variability in the amount of ice cream in a box as well as 
the amount of ice cream scooped out. We represent the amount of ice cream in the 
box as $X$ and the amount scooped out as $Y$. Suppose these random variables have 
the following means, standard deviations, and variances:
\begin{center}
\begin{tabular}{l ccc}
\hline
    & mean & SD & variance \\
\hline
$X$ & 48       & 1      & 1     \\
$Y$ & 2    & 0.25   & 0.0625    \\
\hline
\end{tabular}
\end{center}
\begin{parts}
\item An entire box of ice cream, plus 3 scoops from a second box is served at a 
party. How much ice cream do you expect to have been served at this party? What 
is the standard deviation of the amount of ice cream served?
\item How much ice cream would you expect to be left in the box after scooping 
out one scoop of ice cream? That is, find the expected value of $X-Y$. What is 
the standard deviation of the amount left in the box?
\item Using the context of this exercise, explain why we add variances when we 
subtract one random variable from another.
\end{parts}"
ch_probability_45,OpenIntro Statistics,ch_probability,45,7,,"Variance of a mean, Part I",distribution,"Suppose we have independent observations $X_1$ and $X_2$ from
a distribution with mean $$ and standard deviation $$.
What is the variance of the mean of the two values:
$X_1 + X_22$?",,"Variance of a mean, Part I

Suppose we have independent observations $X_1$ and $X_2$ from
a distribution with mean $$ and standard deviation $$.
What is the variance of the mean of the two values:
$X_1 + X_22$?","\qt{Variance of a mean, Part I\label{var_of_mean_1}}
Suppose we have independent observations $X_1$ and $X_2$ from
a distribution with mean $\mu$ and standard deviation $\sigma$.
What is the variance of the mean of the two values:
$\frac{X_1 + X_2}{2}$?"
ch_probability_46,OpenIntro Statistics,ch_probability,46,8,,"Variance of a mean, Part II",distribution,"Suppose we have 3 independent observations
$X_1$, $X_2$, $X_3$ from
a distribution with mean $$ and standard deviation $$.
What is the variance of the mean of these 3 values:
$X_1 + X_2 + X_33$?",,"Variance of a mean, Part II

Suppose we have 3 independent observations
$X_1$, $X_2$, $X_3$ from
a distribution with mean $$ and standard deviation $$.
What is the variance of the mean of these 3 values:
$X_1 + X_2 + X_33$?","\qt{Variance of a mean, Part II\label{var_of_mean_2}}
Suppose we have 3 independent observations
$X_1$, $X_2$, $X_3$ from
a distribution with mean $\mu$ and standard deviation $\sigma$.
What is the variance of the mean of these 3 values:
$\frac{X_1 + X_2 + X_3}{3}$?"
ch_probability_47,OpenIntro Statistics,ch_probability,47,9,,"Variance of a mean, Part III",distribution,"Suppose we have $n$ independent observations
$X_1$, $X_2$, ..., $X_n$ from
a distribution with mean $$ and standard deviation $$.
What is the variance of the mean of these $n$ values:
$X_1 + X_2 + + X_nn$?",,"Variance of a mean, Part III

Suppose we have $n$ independent observations
$X_1$, $X_2$, ..., $X_n$ from
a distribution with mean $$ and standard deviation $$.
What is the variance of the mean of these $n$ values:
$X_1 + X_2 + + X_nn$?","\qt{Variance of a mean, Part III\label{var_of_mean_3}}
Suppose we have $n$ independent observations
$X_1$, $X_2$, ..., $X_n$ from
a distribution with mean $\mu$ and standard deviation $\sigma$.
What is the variance of the mean of these $n$ values:
$\frac{X_1 + X_2 + \dots + X_n}{n}$?"
ch_regr_mult_and_log_19_1,OpenIntro Statistics,ch_regr_mult_and_log,19,1,1,Multiple regression fact checking,regression,"Determine which of the following statements are
true and false.
For each statement that is false, explain why it is false.","If predictors are collinear, then removing
 one variable will have no influence on the
 point estimate of another variable's coefficient.","Multiple regression fact checking

Determine which of the following statements are
true and false.
For each statement that is false, explain why it is false.

If predictors are collinear, then removing
 one variable will have no influence on the
 point estimate of another variable's coefficient.","\qt{Multiple regression fact checking\label{mult_regr_facts}}
Determine which of the following statements are
true and false.
For each statement that is false, explain why it is false.
\begin{parts}
\item
    If predictors are collinear, then removing
    one variable will have no influence on the
    point estimate of another variable's coefficient.
\item
    Suppose a numerical variable $x$ has a coefficient of
    $b_1 = 2.5$ in the multiple regression model.
    Suppose also that the first observation has $x_1 = 7.2$,
    the second observation has a value of $x_1 = 8.2$,
    and these two observations have the same values
    for all other predictors.
    Then the predicted value of the second observation
    will be 2.5 higher than the prediction of the first
    observation based on the multiple regression model.
\item
    If a regression model's first variable has
    a coefficient of $b_1 = 5.7$, then if we are
    able to influence the data so that an observation
    will have its $x_1$ be 1 larger than it would
    otherwise, the value $y_1$ for this observation
    would increase by 5.7.
\item
    Suppose we fit a multiple regression model
    based on a data set of 472 observations.
    We also notice that the distribution of the
    residuals includes some skew but does not
    include any particularly extreme outliers.
    Because the residuals are not nearly normal,
    we should not use this model and require
    more advanced methods to model these data.
\end{parts}"
ch_regr_mult_and_log_19_2,OpenIntro Statistics,ch_regr_mult_and_log,19,1,2,Multiple regression fact checking,regression,"Determine which of the following statements are
true and false.
For each statement that is false, explain why it is false.","Suppose a numerical variable $x$ has a coefficient of
 $b_1 = 2.5$ in the multiple regression model.
 Suppose also that the first observation has $x_1 = 7.2$,
 the second observation has a value of $x_1 = 8.2$,
 and these two observations have the same values
 for all other predictors.
 Then the predicted value of the second observation
 will be 2.5 higher than the prediction of the first
 observation based on the multiple regression model.","Multiple regression fact checking

Determine which of the following statements are
true and false.
For each statement that is false, explain why it is false.

Suppose a numerical variable $x$ has a coefficient of
 $b_1 = 2.5$ in the multiple regression model.
 Suppose also that the first observation has $x_1 = 7.2$,
 the second observation has a value of $x_1 = 8.2$,
 and these two observations have the same values
 for all other predictors.
 Then the predicted value of the second observation
 will be 2.5 higher than the prediction of the first
 observation based on the multiple regression model.","\qt{Multiple regression fact checking\label{mult_regr_facts}}
Determine which of the following statements are
true and false.
For each statement that is false, explain why it is false.
\begin{parts}
\item
    If predictors are collinear, then removing
    one variable will have no influence on the
    point estimate of another variable's coefficient.
\item
    Suppose a numerical variable $x$ has a coefficient of
    $b_1 = 2.5$ in the multiple regression model.
    Suppose also that the first observation has $x_1 = 7.2$,
    the second observation has a value of $x_1 = 8.2$,
    and these two observations have the same values
    for all other predictors.
    Then the predicted value of the second observation
    will be 2.5 higher than the prediction of the first
    observation based on the multiple regression model.
\item
    If a regression model's first variable has
    a coefficient of $b_1 = 5.7$, then if we are
    able to influence the data so that an observation
    will have its $x_1$ be 1 larger than it would
    otherwise, the value $y_1$ for this observation
    would increase by 5.7.
\item
    Suppose we fit a multiple regression model
    based on a data set of 472 observations.
    We also notice that the distribution of the
    residuals includes some skew but does not
    include any particularly extreme outliers.
    Because the residuals are not nearly normal,
    we should not use this model and require
    more advanced methods to model these data.
\end{parts}"
ch_regr_mult_and_log_19_3,OpenIntro Statistics,ch_regr_mult_and_log,19,1,3,Multiple regression fact checking,regression,"Determine which of the following statements are
true and false.
For each statement that is false, explain why it is false.","If a regression model's first variable has
 a coefficient of $b_1 = 5.7$, then if we are
 able to influence the data so that an observation
 will have its $x_1$ be 1 larger than it would
 otherwise, the value $y_1$ for this observation
 would increase by 5.7.","Multiple regression fact checking

Determine which of the following statements are
true and false.
For each statement that is false, explain why it is false.

If a regression model's first variable has
 a coefficient of $b_1 = 5.7$, then if we are
 able to influence the data so that an observation
 will have its $x_1$ be 1 larger than it would
 otherwise, the value $y_1$ for this observation
 would increase by 5.7.","\qt{Multiple regression fact checking\label{mult_regr_facts}}
Determine which of the following statements are
true and false.
For each statement that is false, explain why it is false.
\begin{parts}
\item
    If predictors are collinear, then removing
    one variable will have no influence on the
    point estimate of another variable's coefficient.
\item
    Suppose a numerical variable $x$ has a coefficient of
    $b_1 = 2.5$ in the multiple regression model.
    Suppose also that the first observation has $x_1 = 7.2$,
    the second observation has a value of $x_1 = 8.2$,
    and these two observations have the same values
    for all other predictors.
    Then the predicted value of the second observation
    will be 2.5 higher than the prediction of the first
    observation based on the multiple regression model.
\item
    If a regression model's first variable has
    a coefficient of $b_1 = 5.7$, then if we are
    able to influence the data so that an observation
    will have its $x_1$ be 1 larger than it would
    otherwise, the value $y_1$ for this observation
    would increase by 5.7.
\item
    Suppose we fit a multiple regression model
    based on a data set of 472 observations.
    We also notice that the distribution of the
    residuals includes some skew but does not
    include any particularly extreme outliers.
    Because the residuals are not nearly normal,
    we should not use this model and require
    more advanced methods to model these data.
\end{parts}"
ch_regr_mult_and_log_19_4,OpenIntro Statistics,ch_regr_mult_and_log,19,1,4,Multiple regression fact checking,regression,"Determine which of the following statements are
true and false.
For each statement that is false, explain why it is false.","Suppose we fit a multiple regression model
 based on a data set of 472 observations.
 We also notice that the distribution of the
 residuals includes some skew but does not
 include any particularly extreme outliers.
 Because the residuals are not nearly normal,
 we should not use this model and require
 more advanced methods to model these data.","Multiple regression fact checking

Determine which of the following statements are
true and false.
For each statement that is false, explain why it is false.

Suppose we fit a multiple regression model
 based on a data set of 472 observations.
 We also notice that the distribution of the
 residuals includes some skew but does not
 include any particularly extreme outliers.
 Because the residuals are not nearly normal,
 we should not use this model and require
 more advanced methods to model these data.","\qt{Multiple regression fact checking\label{mult_regr_facts}}
Determine which of the following statements are
true and false.
For each statement that is false, explain why it is false.
\begin{parts}
\item
    If predictors are collinear, then removing
    one variable will have no influence on the
    point estimate of another variable's coefficient.
\item
    Suppose a numerical variable $x$ has a coefficient of
    $b_1 = 2.5$ in the multiple regression model.
    Suppose also that the first observation has $x_1 = 7.2$,
    the second observation has a value of $x_1 = 8.2$,
    and these two observations have the same values
    for all other predictors.
    Then the predicted value of the second observation
    will be 2.5 higher than the prediction of the first
    observation based on the multiple regression model.
\item
    If a regression model's first variable has
    a coefficient of $b_1 = 5.7$, then if we are
    able to influence the data so that an observation
    will have its $x_1$ be 1 larger than it would
    otherwise, the value $y_1$ for this observation
    would increase by 5.7.
\item
    Suppose we fit a multiple regression model
    based on a data set of 472 observations.
    We also notice that the distribution of the
    residuals includes some skew but does not
    include any particularly extreme outliers.
    Because the residuals are not nearly normal,
    we should not use this model and require
    more advanced methods to model these data.
\end{parts}"
ch_regr_mult_and_log_20_1,OpenIntro Statistics,ch_regr_mult_and_log,20,2,1,Logistic regression fact checking,regression,"Determine which of the following statements are
true and false.
For each statement that is false, explain why it is false.","Suppose we consider the first two observations
 based on a logistic regression model,
 where the first variable in observation~1
 takes a value of $x_1 = 6$ and observation~2
 has $x_1 = 4$.

 Suppose we realized we made an error for these
 two observations, and the first observation
 was actually $x_1 = 7$ (instead of~6)
 and the second observation actually had
 $x_1 = 5$ (instead of~4).
 Then the predicted probability from the
 logistic regression model would increase
 the same amount for each observation after
 we correct these variables.","Logistic regression fact checking

Determine which of the following statements are
true and false.
For each statement that is false, explain why it is false.

Suppose we consider the first two observations
 based on a logistic regression model,
 where the first variable in observation~1
 takes a value of $x_1 = 6$ and observation~2
 has $x_1 = 4$.

 Suppose we realized we made an error for these
 two observations, and the first observation
 was actually $x_1 = 7$ (instead of~6)
 and the second observation actually had
 $x_1 = 5$ (instead of~4).
 Then the predicted probability from the
 logistic regression model would increase
 the same amount for each observation after
 we correct these variables.","\qt{Logistic regression fact checking\label{log_regr_facts}}
Determine which of the following statements are
true and false.
For each statement that is false, explain why it is false.
\begin{parts}
\item
    Suppose we consider the first two observations
    based on a logistic regression model,
    where the first variable in observation~1
    takes a value of $x_1 = 6$ and observation~2
    has $x_1 = 4$.
%    Each observation has all the same values for the
%    other variables used in the model.
    Suppose we realized we made an error for these
    two observations, and the first observation
    was actually $x_1 = 7$ (instead of~6)
    and the second observation actually had
    $x_1 = 5$ (instead of~4).
    Then the predicted probability from the
    logistic regression model would increase
    the same amount for each observation after
    we correct these variables.
\item
    When using a logistic regression model,
    it is impossible for the model to predict
    a probability that is negative or a probability
    that is greater than 1.
\item
    Because logistic regression predicts probabilities
    of outcomes, observations used to build a logistic
    regression model need not be independent.
\item
    When fitting logistic regression,
    we typically complete model selection using
    adjusted $R^2$.
\end{parts}"
ch_regr_mult_and_log_20_2,OpenIntro Statistics,ch_regr_mult_and_log,20,2,2,Logistic regression fact checking,regression,"Determine which of the following statements are
true and false.
For each statement that is false, explain why it is false.","When using a logistic regression model,
 it is impossible for the model to predict
 a probability that is negative or a probability
 that is greater than 1.","Logistic regression fact checking

Determine which of the following statements are
true and false.
For each statement that is false, explain why it is false.

When using a logistic regression model,
 it is impossible for the model to predict
 a probability that is negative or a probability
 that is greater than 1.","\qt{Logistic regression fact checking\label{log_regr_facts}}
Determine which of the following statements are
true and false.
For each statement that is false, explain why it is false.
\begin{parts}
\item
    Suppose we consider the first two observations
    based on a logistic regression model,
    where the first variable in observation~1
    takes a value of $x_1 = 6$ and observation~2
    has $x_1 = 4$.
%    Each observation has all the same values for the
%    other variables used in the model.
    Suppose we realized we made an error for these
    two observations, and the first observation
    was actually $x_1 = 7$ (instead of~6)
    and the second observation actually had
    $x_1 = 5$ (instead of~4).
    Then the predicted probability from the
    logistic regression model would increase
    the same amount for each observation after
    we correct these variables.
\item
    When using a logistic regression model,
    it is impossible for the model to predict
    a probability that is negative or a probability
    that is greater than 1.
\item
    Because logistic regression predicts probabilities
    of outcomes, observations used to build a logistic
    regression model need not be independent.
\item
    When fitting logistic regression,
    we typically complete model selection using
    adjusted $R^2$.
\end{parts}"
ch_regr_mult_and_log_20_3,OpenIntro Statistics,ch_regr_mult_and_log,20,2,3,Logistic regression fact checking,regression,"Determine which of the following statements are
true and false.
For each statement that is false, explain why it is false.","Because logistic regression predicts probabilities
 of outcomes, observations used to build a logistic
 regression model need not be independent.","Logistic regression fact checking

Determine which of the following statements are
true and false.
For each statement that is false, explain why it is false.

Because logistic regression predicts probabilities
 of outcomes, observations used to build a logistic
 regression model need not be independent.","\qt{Logistic regression fact checking\label{log_regr_facts}}
Determine which of the following statements are
true and false.
For each statement that is false, explain why it is false.
\begin{parts}
\item
    Suppose we consider the first two observations
    based on a logistic regression model,
    where the first variable in observation~1
    takes a value of $x_1 = 6$ and observation~2
    has $x_1 = 4$.
%    Each observation has all the same values for the
%    other variables used in the model.
    Suppose we realized we made an error for these
    two observations, and the first observation
    was actually $x_1 = 7$ (instead of~6)
    and the second observation actually had
    $x_1 = 5$ (instead of~4).
    Then the predicted probability from the
    logistic regression model would increase
    the same amount for each observation after
    we correct these variables.
\item
    When using a logistic regression model,
    it is impossible for the model to predict
    a probability that is negative or a probability
    that is greater than 1.
\item
    Because logistic regression predicts probabilities
    of outcomes, observations used to build a logistic
    regression model need not be independent.
\item
    When fitting logistic regression,
    we typically complete model selection using
    adjusted $R^2$.
\end{parts}"
ch_regr_mult_and_log_20_4,OpenIntro Statistics,ch_regr_mult_and_log,20,2,4,Logistic regression fact checking,regression,"Determine which of the following statements are
true and false.
For each statement that is false, explain why it is false.","When fitting logistic regression,
 we typically complete model selection using
 adjusted $R^2$.","Logistic regression fact checking

Determine which of the following statements are
true and false.
For each statement that is false, explain why it is false.

When fitting logistic regression,
 we typically complete model selection using
 adjusted $R^2$.","\qt{Logistic regression fact checking\label{log_regr_facts}}
Determine which of the following statements are
true and false.
For each statement that is false, explain why it is false.
\begin{parts}
\item
    Suppose we consider the first two observations
    based on a logistic regression model,
    where the first variable in observation~1
    takes a value of $x_1 = 6$ and observation~2
    has $x_1 = 4$.
%    Each observation has all the same values for the
%    other variables used in the model.
    Suppose we realized we made an error for these
    two observations, and the first observation
    was actually $x_1 = 7$ (instead of~6)
    and the second observation actually had
    $x_1 = 5$ (instead of~4).
    Then the predicted probability from the
    logistic regression model would increase
    the same amount for each observation after
    we correct these variables.
\item
    When using a logistic regression model,
    it is impossible for the model to predict
    a probability that is negative or a probability
    that is greater than 1.
\item
    Because logistic regression predicts probabilities
    of outcomes, observations used to build a logistic
    regression model need not be independent.
\item
    When fitting logistic regression,
    we typically complete model selection using
    adjusted $R^2$.
\end{parts}"
ch_regr_mult_and_log_21_1,OpenIntro Statistics,ch_regr_mult_and_log,21,3,1,"Spam filtering, Part I",regression,"Spam filters are built on principles similar to those
used in logistic regression.
We fit a probability that each message is spam
or not spam.
We have several email variables for this problem:
tomultiple,
cc,
attach,
dollar,
winner,
inherit,
password,
format,
resubj,
exclaimsubj, and
sentemail.
We won't describe what each variable means
here for the sake of brevity, but each is
either a numerical or indicator variable.","For variable selection,
 we fit the full model, which includes all
 variables, and then we also fit each model
 where we've dropped exactly one of the variables.
 In each of these reduced models, the AIC value
 for the model is reported below.
 Based on these results, which variable,
 if any, should we drop as part of model
 selection?
 Explain.

Table:
| Variable Dropped | AIC |
| --- | --- |
| None Dropped | 1863.50 |
| tomultiple | 2023.50 |
| cc | 1863.18 |
| attach | 1871.89 |
| dollar | 1879.70 |
| winner | 1885.03 |
| inherit | 1865.55 |
| password | 1879.31 |
| format | 2008.85 |
| resubj | 1904.60 |
| exclaimsubj | 1862.76 |
| sentemail | 1958.18 |

 See the next page for part~(b).","Spam filtering, Part I

Spam filters are built on principles similar to those
used in logistic regression.
We fit a probability that each message is spam
or not spam.
We have several email variables for this problem:
tomultiple,
cc,
attach,
dollar,
winner,
inherit,
password,
format,
resubj,
exclaimsubj, and
sentemail.
We won't describe what each variable means
here for the sake of brevity, but each is
either a numerical or indicator variable.

For variable selection,
 we fit the full model, which includes all
 variables, and then we also fit each model
 where we've dropped exactly one of the variables.
 In each of these reduced models, the AIC value
 for the model is reported below.
 Based on these results, which variable,
 if any, should we drop as part of model
 selection?
 Explain.

Table:
| Variable Dropped | AIC |
| --- | --- |
| None Dropped | 1863.50 |
| tomultiple | 2023.50 |
| cc | 1863.18 |
| attach | 1871.89 |
| dollar | 1879.70 |
| winner | 1885.03 |
| inherit | 1865.55 |
| password | 1879.31 |
| format | 2008.85 |
| resubj | 1904.60 |
| exclaimsubj | 1862.76 |
| sentemail | 1958.18 |

 See the next page for part~(b).","\qt{Spam filtering, Part I\label{spam_filtering_model_sel}}
Spam filters are built on principles similar to those
used in logistic regression.
We fit a probability that each message is spam
or not spam.
We have several email variables for this problem:
\resp{to\us{}multiple},
\resp{cc},
\resp{attach},
\resp{dollar},
\resp{winner},
\resp{inherit},
\resp{password},
\resp{format},
\resp{re\us{}subj},
\resp{exclaim\us{}subj}, and
\resp{sent\us{}email}.
We won't describe what each variable means
here for the sake of brevity, but each is
either a numerical or indicator variable.
\begin{parts}
\item
    For variable selection,
    we fit the full model, which includes all
    variables, and then we also fit each model
    where we've dropped exactly one of the variables.
    In each of these reduced models, the AIC value
    for the model is reported below.
    Based on these results, which variable,
    if any, should we drop as part of model
    selection?
    Explain.
    \begin{center}
    \begin{tabular}{lc}
      \hline
      Variable Dropped & AIC \\ 
      \hline
      None Dropped & 1863.50 \\ 
      \resp{to\us{}multiple} & 2023.50 \\ 
      \resp{cc} & 1863.18 \\ 
      \resp{attach} & 1871.89 \\ 
      \resp{dollar} & 1879.70 \\ 
      \resp{winner} & 1885.03 \\ 
      \resp{inherit} & 1865.55 \\ 
      \resp{password} & 1879.31 \\ 
      \resp{format} & 2008.85 \\ 
      \resp{re\us{}subj} & 1904.60 \\ 
      \resp{exclaim\us{}subj} & 1862.76 \\ 
      \resp{sent\us{}email} & 1958.18 \\ 
      \hline
    \end{tabular}
    \end{center}
    \textbf{See the next page for part~(b).}

\D{\newpage}

\item
    Consider the following model selection stage.
    Here again we've computed the AIC
    for each leave-one-variable-out model.
    Based on the results, which variable,
    if any, should we drop as part of model
    selection?
    Explain.
    \begin{center}
    \begin{tabular}{lc}
      \hline
      Variable Dropped & AIC \\ 
      \hline
      None Dropped & 1862.41 \\ 
      \resp{to\us{}multiple} & 2019.55 \\ 
      \resp{attach} & 1871.17 \\ 
      \resp{dollar} & 1877.73 \\ 
      \resp{winner} & 1884.95 \\ 
      \resp{inherit} & 1864.52 \\ 
      \resp{password} & 1878.19 \\ 
      \resp{format} & 2007.45 \\ 
      \resp{re\us{}subj} & 1902.94 \\ 
      \resp{sent\us{}email} & 1957.56 \\ 
      \hline
    \end{tabular}
    \end{center}
\end{parts}"
ch_regr_mult_and_log_21_2,OpenIntro Statistics,ch_regr_mult_and_log,21,3,2,"Spam filtering, Part I",regression,"Spam filters are built on principles similar to those
used in logistic regression.
We fit a probability that each message is spam
or not spam.
We have several email variables for this problem:
tomultiple,
cc,
attach,
dollar,
winner,
inherit,
password,
format,
resubj,
exclaimsubj, and
sentemail.
We won't describe what each variable means
here for the sake of brevity, but each is
either a numerical or indicator variable.","Consider the following model selection stage.
 Here again we've computed the AIC
 for each leave-one-variable-out model.
 Based on the results, which variable,
 if any, should we drop as part of model
 selection?
 Explain.

Table:
| Variable Dropped | AIC |
| --- | --- |
| None Dropped | 1862.41 |
| tomultiple | 2019.55 |
| attach | 1871.17 |
| dollar | 1877.73 |
| winner | 1884.95 |
| inherit | 1864.52 |
| password | 1878.19 |
| format | 2007.45 |
| resubj | 1902.94 |
| sentemail | 1957.56 |","Spam filtering, Part I

Spam filters are built on principles similar to those
used in logistic regression.
We fit a probability that each message is spam
or not spam.
We have several email variables for this problem:
tomultiple,
cc,
attach,
dollar,
winner,
inherit,
password,
format,
resubj,
exclaimsubj, and
sentemail.
We won't describe what each variable means
here for the sake of brevity, but each is
either a numerical or indicator variable.

Consider the following model selection stage.
 Here again we've computed the AIC
 for each leave-one-variable-out model.
 Based on the results, which variable,
 if any, should we drop as part of model
 selection?
 Explain.

Table:
| Variable Dropped | AIC |
| --- | --- |
| None Dropped | 1862.41 |
| tomultiple | 2019.55 |
| attach | 1871.17 |
| dollar | 1877.73 |
| winner | 1884.95 |
| inherit | 1864.52 |
| password | 1878.19 |
| format | 2007.45 |
| resubj | 1902.94 |
| sentemail | 1957.56 |","\qt{Spam filtering, Part I\label{spam_filtering_model_sel}}
Spam filters are built on principles similar to those
used in logistic regression.
We fit a probability that each message is spam
or not spam.
We have several email variables for this problem:
\resp{to\us{}multiple},
\resp{cc},
\resp{attach},
\resp{dollar},
\resp{winner},
\resp{inherit},
\resp{password},
\resp{format},
\resp{re\us{}subj},
\resp{exclaim\us{}subj}, and
\resp{sent\us{}email}.
We won't describe what each variable means
here for the sake of brevity, but each is
either a numerical or indicator variable.
\begin{parts}
\item
    For variable selection,
    we fit the full model, which includes all
    variables, and then we also fit each model
    where we've dropped exactly one of the variables.
    In each of these reduced models, the AIC value
    for the model is reported below.
    Based on these results, which variable,
    if any, should we drop as part of model
    selection?
    Explain.
    \begin{center}
    \begin{tabular}{lc}
      \hline
      Variable Dropped & AIC \\ 
      \hline
      None Dropped & 1863.50 \\ 
      \resp{to\us{}multiple} & 2023.50 \\ 
      \resp{cc} & 1863.18 \\ 
      \resp{attach} & 1871.89 \\ 
      \resp{dollar} & 1879.70 \\ 
      \resp{winner} & 1885.03 \\ 
      \resp{inherit} & 1865.55 \\ 
      \resp{password} & 1879.31 \\ 
      \resp{format} & 2008.85 \\ 
      \resp{re\us{}subj} & 1904.60 \\ 
      \resp{exclaim\us{}subj} & 1862.76 \\ 
      \resp{sent\us{}email} & 1958.18 \\ 
      \hline
    \end{tabular}
    \end{center}
    \textbf{See the next page for part~(b).}

\D{\newpage}

\item
    Consider the following model selection stage.
    Here again we've computed the AIC
    for each leave-one-variable-out model.
    Based on the results, which variable,
    if any, should we drop as part of model
    selection?
    Explain.
    \begin{center}
    \begin{tabular}{lc}
      \hline
      Variable Dropped & AIC \\ 
      \hline
      None Dropped & 1862.41 \\ 
      \resp{to\us{}multiple} & 2019.55 \\ 
      \resp{attach} & 1871.17 \\ 
      \resp{dollar} & 1877.73 \\ 
      \resp{winner} & 1884.95 \\ 
      \resp{inherit} & 1864.52 \\ 
      \resp{password} & 1878.19 \\ 
      \resp{format} & 2007.45 \\ 
      \resp{re\us{}subj} & 1902.94 \\ 
      \resp{sent\us{}email} & 1957.56 \\ 
      \hline
    \end{tabular}
    \end{center}
\end{parts}"
ch_regr_mult_and_log_22,OpenIntro Statistics,ch_regr_mult_and_log,22,4,,"Movie returns, Part II",unknown,"The student from
Exercise~[ref: movie_returns_altogether] analyzed
return-on-investment (ROI) for movies based on
release year and genre of movies.
The plots below show the predicted ROI vs. actual
ROI for each of the genres separately.
Do these figures support the comment in the
FiveThirtyEight.com article that states,
``The return-on-investment potential for horror movies
is absurd.''
Note that the x-axis range varies for each plot.

0.6ch_regr_mult_and_log/figures/eoce/movie_returns_by_genre/horror_movies_by_genre",,"Movie returns, Part II

The student from
Exercise~[ref: movie_returns_altogether] analyzed
return-on-investment (ROI) for movies based on
release year and genre of movies.
The plots below show the predicted ROI vs. actual
ROI for each of the genres separately.
Do these figures support the comment in the
FiveThirtyEight.com article that states,
``The return-on-investment potential for horror movies
is absurd.''
Note that the x-axis range varies for each plot.

0.6ch_regr_mult_and_log/figures/eoce/movie_returns_by_genre/horror_movies_by_genre","\qt{Movie returns, Part II\label{movie_returns_by_genre}}
The student from
Exercise~\ref{movie_returns_altogether} analyzed
return-on-investment (ROI) for movies based on
release year and genre of movies.
The plots below show the predicted ROI vs. actual
ROI for each of the genres separately.
Do these figures support the comment in the
FiveThirtyEight.com article that states,
``The return-on-investment potential for horror movies
is absurd.''
Note that the x-axis range varies for each plot.
\begin{center}
\FigureFullPath[Five scatterplots are shown, one for each of genre of Action, Adventure, Comedy, Drama, and Horror. Each plot has ""Actual ROI"" on the horizontal axis and ""Predicted ROI"" on the vertical axis. The Action and Adventure scatterplots have nearly all of their points with ""Actual ROI"" ranging from about 0 to 5 with a handful of points between 5 and 15, and in all cases the Predicted ROI is always between about 2 and 3. The Comedy and Drama scatterplots have nearly all of their points with ""Actual ROI"" ranging from about 0 to 12 with a handful of points above 12, and in all cases the Predicted ROI is always between about 2.5 and 3.5. The Horror scatterplot has nearly all of its points with ""Actual ROI"" ranging from about 0 to 50 with a handful of points above 50, and in all cases the Predicted ROI is always between about 11 and 12.]{0.6}{ch_regr_mult_and_log/figures/eoce/movie_returns_by_genre/horror_movies_by_genre}
\end{center}"
ch_regr_mult_and_log_23_1,OpenIntro Statistics,ch_regr_mult_and_log,23,5,1,"Spam filtering, Part II",regression,"In Exercise~[ref: spam_filtering_model_sel],
we encountered a data set where we applied
logistic regression to aid in spam classification
for individual emails.
In this exercise, we've taken a small set of these
variables and fit a formal model with the following
output:

Table:
| Estimate | Std. Error | z value | Pr($>$$|$z$|$) | |
| --- | --- | --- | --- | --- |
| (Intercept) | -0.8124 | 0.0870 | -9.34 | 0.0000 |
| tomultiple | -2.6351 | 0.3036 | -8.68 | 0.0000 |
| winner | 1.6272 | 0.3185 | 5.11 | 0.0000 |
| format | -1.5881 | 0.1196 | -13.28 | 0.0000 |
| resubj | -3.0467 | 0.3625 | -8.40 | 0.0000 |","Write down the model using the coefficients
 from the model fit.","Spam filtering, Part II

In Exercise~[ref: spam_filtering_model_sel],
we encountered a data set where we applied
logistic regression to aid in spam classification
for individual emails.
In this exercise, we've taken a small set of these
variables and fit a formal model with the following
output:

Table:
| Estimate | Std. Error | z value | Pr($>$$|$z$|$) | |
| --- | --- | --- | --- | --- |
| (Intercept) | -0.8124 | 0.0870 | -9.34 | 0.0000 |
| tomultiple | -2.6351 | 0.3036 | -8.68 | 0.0000 |
| winner | 1.6272 | 0.3185 | 5.11 | 0.0000 |
| format | -1.5881 | 0.1196 | -13.28 | 0.0000 |
| resubj | -3.0467 | 0.3625 | -8.40 | 0.0000 |

Write down the model using the coefficients
 from the model fit.","\qt{Spam filtering, Part II\label{spam_filtering_predict}}
In Exercise~\ref{spam_filtering_model_sel},
we encountered a data set where we applied
logistic regression to aid in spam classification
for individual emails.
In this exercise, we've taken a small set of these
variables and fit a formal model with the following
output:
\begin{center}
\begin{tabular}{rrrrr}
  \hline
  & Estimate & Std. Error & z value & Pr($>$$|$z$|$) \\ 
  \hline
  (Intercept) & -0.8124 & 0.0870 & -9.34 & 0.0000 \\ 
  to\us{}multiple & -2.6351 & 0.3036 & -8.68 & 0.0000 \\ 
  winner & 1.6272 & 0.3185 & 5.11 & 0.0000 \\ 
  format & -1.5881 & 0.1196 & -13.28 & 0.0000 \\ 
  re\us{}subj & -3.0467 & 0.3625 & -8.40 & 0.0000 \\ 
  \hline
\end{tabular}
\end{center}
\begin{parts}
\item
    Write down the model using the coefficients
    from the model fit.

\item
    Suppose we have an observation where
    $\var{to\us{}multiple} = 0$,
    $\var{winner} = 1$,
    $\var{format} = 0$, and
    $\var{re\us{}subj} = 0$.
    What is the predicted probability that this message
    is spam?

\item
    Put yourself in the shoes of a data scientist
    working on a spam filter.
    For a given message, how high must the probability
    a message is spam be before you think it would be
    reasonable to put it in a \emph{spambox}
    (which the user is unlikely to check)?
    What tradeoffs might you consider?
    Any ideas about how you might make your spam-filtering
    system even better from the perspective of someone
    using your email service?
\end{parts}"
ch_regr_mult_and_log_23_2,OpenIntro Statistics,ch_regr_mult_and_log,23,5,2,"Spam filtering, Part II",regression,"In Exercise~[ref: spam_filtering_model_sel],
we encountered a data set where we applied
logistic regression to aid in spam classification
for individual emails.
In this exercise, we've taken a small set of these
variables and fit a formal model with the following
output:

Table:
| Estimate | Std. Error | z value | Pr($>$$|$z$|$) | |
| --- | --- | --- | --- | --- |
| (Intercept) | -0.8124 | 0.0870 | -9.34 | 0.0000 |
| tomultiple | -2.6351 | 0.3036 | -8.68 | 0.0000 |
| winner | 1.6272 | 0.3185 | 5.11 | 0.0000 |
| format | -1.5881 | 0.1196 | -13.28 | 0.0000 |
| resubj | -3.0467 | 0.3625 | -8.40 | 0.0000 |","Suppose we have an observation where
 $tomultiple = 0$,
 $winner = 1$,
 $format = 0$, and
 $resubj = 0$.
 What is the predicted probability that this message
 is spam?","Spam filtering, Part II

In Exercise~[ref: spam_filtering_model_sel],
we encountered a data set where we applied
logistic regression to aid in spam classification
for individual emails.
In this exercise, we've taken a small set of these
variables and fit a formal model with the following
output:

Table:
| Estimate | Std. Error | z value | Pr($>$$|$z$|$) | |
| --- | --- | --- | --- | --- |
| (Intercept) | -0.8124 | 0.0870 | -9.34 | 0.0000 |
| tomultiple | -2.6351 | 0.3036 | -8.68 | 0.0000 |
| winner | 1.6272 | 0.3185 | 5.11 | 0.0000 |
| format | -1.5881 | 0.1196 | -13.28 | 0.0000 |
| resubj | -3.0467 | 0.3625 | -8.40 | 0.0000 |

Suppose we have an observation where
 $tomultiple = 0$,
 $winner = 1$,
 $format = 0$, and
 $resubj = 0$.
 What is the predicted probability that this message
 is spam?","\qt{Spam filtering, Part II\label{spam_filtering_predict}}
In Exercise~\ref{spam_filtering_model_sel},
we encountered a data set where we applied
logistic regression to aid in spam classification
for individual emails.
In this exercise, we've taken a small set of these
variables and fit a formal model with the following
output:
\begin{center}
\begin{tabular}{rrrrr}
  \hline
  & Estimate & Std. Error & z value & Pr($>$$|$z$|$) \\ 
  \hline
  (Intercept) & -0.8124 & 0.0870 & -9.34 & 0.0000 \\ 
  to\us{}multiple & -2.6351 & 0.3036 & -8.68 & 0.0000 \\ 
  winner & 1.6272 & 0.3185 & 5.11 & 0.0000 \\ 
  format & -1.5881 & 0.1196 & -13.28 & 0.0000 \\ 
  re\us{}subj & -3.0467 & 0.3625 & -8.40 & 0.0000 \\ 
  \hline
\end{tabular}
\end{center}
\begin{parts}
\item
    Write down the model using the coefficients
    from the model fit.

\item
    Suppose we have an observation where
    $\var{to\us{}multiple} = 0$,
    $\var{winner} = 1$,
    $\var{format} = 0$, and
    $\var{re\us{}subj} = 0$.
    What is the predicted probability that this message
    is spam?

\item
    Put yourself in the shoes of a data scientist
    working on a spam filter.
    For a given message, how high must the probability
    a message is spam be before you think it would be
    reasonable to put it in a \emph{spambox}
    (which the user is unlikely to check)?
    What tradeoffs might you consider?
    Any ideas about how you might make your spam-filtering
    system even better from the perspective of someone
    using your email service?
\end{parts}"
ch_regr_mult_and_log_23_3,OpenIntro Statistics,ch_regr_mult_and_log,23,5,3,"Spam filtering, Part II",regression,"In Exercise~[ref: spam_filtering_model_sel],
we encountered a data set where we applied
logistic regression to aid in spam classification
for individual emails.
In this exercise, we've taken a small set of these
variables and fit a formal model with the following
output:

Table:
| Estimate | Std. Error | z value | Pr($>$$|$z$|$) | |
| --- | --- | --- | --- | --- |
| (Intercept) | -0.8124 | 0.0870 | -9.34 | 0.0000 |
| tomultiple | -2.6351 | 0.3036 | -8.68 | 0.0000 |
| winner | 1.6272 | 0.3185 | 5.11 | 0.0000 |
| format | -1.5881 | 0.1196 | -13.28 | 0.0000 |
| resubj | -3.0467 | 0.3625 | -8.40 | 0.0000 |","Put yourself in the shoes of a data scientist
 working on a spam filter.
 For a given message, how high must the probability
 a message is spam be before you think it would be
 reasonable to put it in a spambox
 (which the user is unlikely to check)?
 What tradeoffs might you consider?
 Any ideas about how you might make your spam-filtering
 system even better from the perspective of someone
 using your email service?","Spam filtering, Part II

In Exercise~[ref: spam_filtering_model_sel],
we encountered a data set where we applied
logistic regression to aid in spam classification
for individual emails.
In this exercise, we've taken a small set of these
variables and fit a formal model with the following
output:

Table:
| Estimate | Std. Error | z value | Pr($>$$|$z$|$) | |
| --- | --- | --- | --- | --- |
| (Intercept) | -0.8124 | 0.0870 | -9.34 | 0.0000 |
| tomultiple | -2.6351 | 0.3036 | -8.68 | 0.0000 |
| winner | 1.6272 | 0.3185 | 5.11 | 0.0000 |
| format | -1.5881 | 0.1196 | -13.28 | 0.0000 |
| resubj | -3.0467 | 0.3625 | -8.40 | 0.0000 |

Put yourself in the shoes of a data scientist
 working on a spam filter.
 For a given message, how high must the probability
 a message is spam be before you think it would be
 reasonable to put it in a spambox
 (which the user is unlikely to check)?
 What tradeoffs might you consider?
 Any ideas about how you might make your spam-filtering
 system even better from the perspective of someone
 using your email service?","\qt{Spam filtering, Part II\label{spam_filtering_predict}}
In Exercise~\ref{spam_filtering_model_sel},
we encountered a data set where we applied
logistic regression to aid in spam classification
for individual emails.
In this exercise, we've taken a small set of these
variables and fit a formal model with the following
output:
\begin{center}
\begin{tabular}{rrrrr}
  \hline
  & Estimate & Std. Error & z value & Pr($>$$|$z$|$) \\ 
  \hline
  (Intercept) & -0.8124 & 0.0870 & -9.34 & 0.0000 \\ 
  to\us{}multiple & -2.6351 & 0.3036 & -8.68 & 0.0000 \\ 
  winner & 1.6272 & 0.3185 & 5.11 & 0.0000 \\ 
  format & -1.5881 & 0.1196 & -13.28 & 0.0000 \\ 
  re\us{}subj & -3.0467 & 0.3625 & -8.40 & 0.0000 \\ 
  \hline
\end{tabular}
\end{center}
\begin{parts}
\item
    Write down the model using the coefficients
    from the model fit.

\item
    Suppose we have an observation where
    $\var{to\us{}multiple} = 0$,
    $\var{winner} = 1$,
    $\var{format} = 0$, and
    $\var{re\us{}subj} = 0$.
    What is the predicted probability that this message
    is spam?

\item
    Put yourself in the shoes of a data scientist
    working on a spam filter.
    For a given message, how high must the probability
    a message is spam be before you think it would be
    reasonable to put it in a \emph{spambox}
    (which the user is unlikely to check)?
    What tradeoffs might you consider?
    Any ideas about how you might make your spam-filtering
    system even better from the perspective of someone
    using your email service?
\end{parts}"
ch_regr_simple_linear_37_1,OpenIntro Statistics,ch_regr_simple_linear,37,1,1,True / False,correlation,"Determine if the following statements are true or false.
If false, explain why.","A correlation coefficient of -0.90 indicates a stronger 
linear relationship than a correlation of 0.5.","True / False

Determine if the following statements are true or false.
If false, explain why.

A correlation coefficient of -0.90 indicates a stronger 
linear relationship than a correlation of 0.5.","\qt{True / False\label{tf_correlation}}
Determine if the following statements are true or false.
If false, explain why.
\begin{parts}
\item A correlation coefficient of -0.90 indicates a stronger 
linear relationship than a correlation of 0.5.
\item Correlation is a measure of the association between any 
two variables.
\end{parts}"
ch_regr_simple_linear_37_2,OpenIntro Statistics,ch_regr_simple_linear,37,1,2,True / False,correlation,"Determine if the following statements are true or false.
If false, explain why.","Correlation is a measure of the association between any 
two variables.","True / False

Determine if the following statements are true or false.
If false, explain why.

Correlation is a measure of the association between any 
two variables.","\qt{True / False\label{tf_correlation}}
Determine if the following statements are true or false.
If false, explain why.
\begin{parts}
\item A correlation coefficient of -0.90 indicates a stronger 
linear relationship than a correlation of 0.5.
\item Correlation is a measure of the association between any 
two variables.
\end{parts}"
ch_regr_simple_linear_38_1,OpenIntro Statistics,ch_regr_simple_linear,38,2,1,Trees,unknown,"The scatterplots below 
show the relationship between height, diameter, and volume of timber 
in 31 felled black cherry trees. The diameter of the tree is measured 
4.5 feet above the ground.[source: data:trees]

0.46ch_regr_simple_linear/figures/eoce/trees_volume_height_diameter/trees_volume_height

0.46ch_regr_simple_linear/figures/eoce/trees_volume_height_diameter/trees_volume_diameter",Describe the relationship between volume and height of these trees.,"Trees

The scatterplots below 
show the relationship between height, diameter, and volume of timber 
in 31 felled black cherry trees. The diameter of the tree is measured 
4.5 feet above the ground.[source: data:trees]

0.46ch_regr_simple_linear/figures/eoce/trees_volume_height_diameter/trees_volume_height

0.46ch_regr_simple_linear/figures/eoce/trees_volume_height_diameter/trees_volume_diameter

Describe the relationship between volume and height of these trees.","\qt{Trees\label{trees_volume_height_diameter}} The scatterplots below 
show the relationship between height, diameter, and volume of timber 
in 31 felled black cherry trees. The diameter of the tree is measured 
4.5 feet above the ground.\footfullcite{data:trees}
\begin{center}
\FigureFullPath[A scatterplot is shown with around 30 points. The horizontal axis is for ""Height, in feet"" and takes values between 60 and 90 feet. The vertical axis is for ""Volume, in cubic feet"" and takes values between 8 and 80 cubic feet. For the five points with heights smaller than 70 feet, volumes range from about 8 to 25 cubic feet. For the fifteen points with heights between 70 and 80 feet, volumes mostly range from about 15 to 50 cubic feet. For the ten points with heights larger than 80 feet, volumes mostly range from about 20 to 65 cubic feet, with one outlier with a height of about 88 feet and a volume of about 80 cubic feet.]{0.46}{ch_regr_simple_linear/figures/eoce/trees_volume_height_diameter/trees_volume_height}
\hspace{0.07\textwidth}%
\FigureFullPath[A scatterplot is shown with around 30 points. The horizontal axis is for ""Diameter, in inches"" and takes values between 8 and 22 inches. The vertical axis is for ""Volume, in cubic feet"" and takes values between 8 and 80 cubic feet. About 15 points with circumferences smaller than 12 inches, volumes range from about 8 to 25 cubic feet. For the approximately ten points with circumferences between 12 and 16 feet, volumes range from 22 to 35 cubic feet. For the 6 points with circumferences larger than 16 inches, volumes range from 40 to 60 cubic feet, with one outlier with a circumference of 22 inches and a volume of about 80 cubic feet.]{0.46}{ch_regr_simple_linear/figures/eoce/trees_volume_height_diameter/trees_volume_diameter}
\end{center}
\begin{parts}
\item Describe the relationship between volume and height of these trees.
\item Describe the relationship between volume and diameter of these trees.
\item Suppose you have height and diameter measurements for another black 
cherry tree. Which of these variables would be preferable to use to predict 
the volume of timber in this tree using a simple linear regression model? 
Explain your reasoning.
\end{parts}"
ch_regr_simple_linear_38_2,OpenIntro Statistics,ch_regr_simple_linear,38,2,2,Trees,unknown,"The scatterplots below 
show the relationship between height, diameter, and volume of timber 
in 31 felled black cherry trees. The diameter of the tree is measured 
4.5 feet above the ground.[source: data:trees]

0.46ch_regr_simple_linear/figures/eoce/trees_volume_height_diameter/trees_volume_height

0.46ch_regr_simple_linear/figures/eoce/trees_volume_height_diameter/trees_volume_diameter",Describe the relationship between volume and diameter of these trees.,"Trees

The scatterplots below 
show the relationship between height, diameter, and volume of timber 
in 31 felled black cherry trees. The diameter of the tree is measured 
4.5 feet above the ground.[source: data:trees]

0.46ch_regr_simple_linear/figures/eoce/trees_volume_height_diameter/trees_volume_height

0.46ch_regr_simple_linear/figures/eoce/trees_volume_height_diameter/trees_volume_diameter

Describe the relationship between volume and diameter of these trees.","\qt{Trees\label{trees_volume_height_diameter}} The scatterplots below 
show the relationship between height, diameter, and volume of timber 
in 31 felled black cherry trees. The diameter of the tree is measured 
4.5 feet above the ground.\footfullcite{data:trees}
\begin{center}
\FigureFullPath[A scatterplot is shown with around 30 points. The horizontal axis is for ""Height, in feet"" and takes values between 60 and 90 feet. The vertical axis is for ""Volume, in cubic feet"" and takes values between 8 and 80 cubic feet. For the five points with heights smaller than 70 feet, volumes range from about 8 to 25 cubic feet. For the fifteen points with heights between 70 and 80 feet, volumes mostly range from about 15 to 50 cubic feet. For the ten points with heights larger than 80 feet, volumes mostly range from about 20 to 65 cubic feet, with one outlier with a height of about 88 feet and a volume of about 80 cubic feet.]{0.46}{ch_regr_simple_linear/figures/eoce/trees_volume_height_diameter/trees_volume_height}
\hspace{0.07\textwidth}%
\FigureFullPath[A scatterplot is shown with around 30 points. The horizontal axis is for ""Diameter, in inches"" and takes values between 8 and 22 inches. The vertical axis is for ""Volume, in cubic feet"" and takes values between 8 and 80 cubic feet. About 15 points with circumferences smaller than 12 inches, volumes range from about 8 to 25 cubic feet. For the approximately ten points with circumferences between 12 and 16 feet, volumes range from 22 to 35 cubic feet. For the 6 points with circumferences larger than 16 inches, volumes range from 40 to 60 cubic feet, with one outlier with a circumference of 22 inches and a volume of about 80 cubic feet.]{0.46}{ch_regr_simple_linear/figures/eoce/trees_volume_height_diameter/trees_volume_diameter}
\end{center}
\begin{parts}
\item Describe the relationship between volume and height of these trees.
\item Describe the relationship between volume and diameter of these trees.
\item Suppose you have height and diameter measurements for another black 
cherry tree. Which of these variables would be preferable to use to predict 
the volume of timber in this tree using a simple linear regression model? 
Explain your reasoning.
\end{parts}"
ch_regr_simple_linear_38_3,OpenIntro Statistics,ch_regr_simple_linear,38,2,3,Trees,regression,"The scatterplots below 
show the relationship between height, diameter, and volume of timber 
in 31 felled black cherry trees. The diameter of the tree is measured 
4.5 feet above the ground.[source: data:trees]

0.46ch_regr_simple_linear/figures/eoce/trees_volume_height_diameter/trees_volume_height

0.46ch_regr_simple_linear/figures/eoce/trees_volume_height_diameter/trees_volume_diameter","Suppose you have height and diameter measurements for another black 
cherry tree. Which of these variables would be preferable to use to predict 
the volume of timber in this tree using a simple linear regression model? 
Explain your reasoning.","Trees

The scatterplots below 
show the relationship between height, diameter, and volume of timber 
in 31 felled black cherry trees. The diameter of the tree is measured 
4.5 feet above the ground.[source: data:trees]

0.46ch_regr_simple_linear/figures/eoce/trees_volume_height_diameter/trees_volume_height

0.46ch_regr_simple_linear/figures/eoce/trees_volume_height_diameter/trees_volume_diameter

Suppose you have height and diameter measurements for another black 
cherry tree. Which of these variables would be preferable to use to predict 
the volume of timber in this tree using a simple linear regression model? 
Explain your reasoning.","\qt{Trees\label{trees_volume_height_diameter}} The scatterplots below 
show the relationship between height, diameter, and volume of timber 
in 31 felled black cherry trees. The diameter of the tree is measured 
4.5 feet above the ground.\footfullcite{data:trees}
\begin{center}
\FigureFullPath[A scatterplot is shown with around 30 points. The horizontal axis is for ""Height, in feet"" and takes values between 60 and 90 feet. The vertical axis is for ""Volume, in cubic feet"" and takes values between 8 and 80 cubic feet. For the five points with heights smaller than 70 feet, volumes range from about 8 to 25 cubic feet. For the fifteen points with heights between 70 and 80 feet, volumes mostly range from about 15 to 50 cubic feet. For the ten points with heights larger than 80 feet, volumes mostly range from about 20 to 65 cubic feet, with one outlier with a height of about 88 feet and a volume of about 80 cubic feet.]{0.46}{ch_regr_simple_linear/figures/eoce/trees_volume_height_diameter/trees_volume_height}
\hspace{0.07\textwidth}%
\FigureFullPath[A scatterplot is shown with around 30 points. The horizontal axis is for ""Diameter, in inches"" and takes values between 8 and 22 inches. The vertical axis is for ""Volume, in cubic feet"" and takes values between 8 and 80 cubic feet. About 15 points with circumferences smaller than 12 inches, volumes range from about 8 to 25 cubic feet. For the approximately ten points with circumferences between 12 and 16 feet, volumes range from 22 to 35 cubic feet. For the 6 points with circumferences larger than 16 inches, volumes range from 40 to 60 cubic feet, with one outlier with a circumference of 22 inches and a volume of about 80 cubic feet.]{0.46}{ch_regr_simple_linear/figures/eoce/trees_volume_height_diameter/trees_volume_diameter}
\end{center}
\begin{parts}
\item Describe the relationship between volume and height of these trees.
\item Describe the relationship between volume and diameter of these trees.
\item Suppose you have height and diameter measurements for another black 
cherry tree. Which of these variables would be preferable to use to predict 
the volume of timber in this tree using a simple linear regression model? 
Explain your reasoning.
\end{parts}"
ch_regr_simple_linear_39_1,OpenIntro Statistics,ch_regr_simple_linear,39,3,1,"Husbands and wives, Part III",regression,"Exercise~[ref: husbands_wives_height_inf] presents a scatterplot displaying the 
relationship between husbands' and wives' ages in a random sample of 
170 married couples in Britain, where both partners' ages are below 65 
years. Given below is summary output of the least squares fit for 
predicting wife's age from husband's age.

0.4

ch_regr_simple_linear/figures/eoce/husbands_wives_age_inf/husbands_wives_age

minipage
minipage[c]0.6

Table:
| Estimate | Std. Error | t value | Pr($>$$|$t$|$) | |
| --- | --- | --- | --- | --- |
| (Intercept) | 1.5740 | 1.1501 | 1.37 | 0.1730 |
| age_husband | 0.9112 | 0.0259 | 35.25 | 0.0000 |
| $df = 168$ | | | | |

minipage","We might wonder, is the age difference between husbands and 
wives consistent across ages? If this were the case, then the slope 
parameter would be $_1 = 1$. Use the information above to evaluate 
if there is strong evidence that the difference in husband and wife ages 
differs for different ages.","Husbands and wives, Part III

Exercise~[ref: husbands_wives_height_inf] presents a scatterplot displaying the 
relationship between husbands' and wives' ages in a random sample of 
170 married couples in Britain, where both partners' ages are below 65 
years. Given below is summary output of the least squares fit for 
predicting wife's age from husband's age.

0.4

ch_regr_simple_linear/figures/eoce/husbands_wives_age_inf/husbands_wives_age

minipage
minipage[c]0.6

Table:
| Estimate | Std. Error | t value | Pr($>$$|$t$|$) | |
| --- | --- | --- | --- | --- |
| (Intercept) | 1.5740 | 1.1501 | 1.37 | 0.1730 |
| age_husband | 0.9112 | 0.0259 | 35.25 | 0.0000 |
| $df = 168$ | | | | |

minipage

We might wonder, is the age difference between husbands and 
wives consistent across ages? If this were the case, then the slope 
parameter would be $_1 = 1$. Use the information above to evaluate 
if there is strong evidence that the difference in husband and wife ages 
differs for different ages.","\qt{Husbands and wives, Part III\label{husbands_wives_age_inf}}
Exercise~\ref{husbands_wives_height_inf} presents a scatterplot displaying the 
relationship between husbands' and wives' ages in a random sample of 
170 married couples in Britain, where both partners' ages are below 65 
years. Given below is summary output of the least squares fit for 
predicting wife's age from husband's age.

\noindent\begin{minipage}[c]{0.4\textwidth}
\begin{center}
\FigureFullPath[A scatterplot is shown with about 150 points. The horizontal axis is for ""Hus, in inches"" and takes values between 8 and 22 inches. The vertical axis is for ""Volume, in cubic feet"" and takes values between 8 and 80 cubic feet. About 15 points with circumferences smaller than 12 inches, volumes range from about 8 to 25 cubic feet. For the approximately ten points with circumferences between 12 and 16 feet, volumes range from 22 to 35 cubic feet. For the 6 points with circumferences larger than 16 inches, volumes range from 40 to 60 cubic feet, with one outlier with a circumference of 22 inches and a volume of about 80 cubic feet.]{}{ch_regr_simple_linear/figures/eoce/husbands_wives_age_inf/husbands_wives_age}
\end{center}
\end{minipage}
\begin{minipage}[c]{0.6\textwidth}
{\scriptsize
\begin{center}
\begin{tabular}{rrrrr}
  \hline
                & Estimate  & Std. Error    & t value   & Pr($>$$|$t$|$) \\ 
  \hline
(Intercept)     & 1.5740    & 1.1501        & 1.37      & 0.1730 \\ 
age\_\hspace{0.3mm}husband  & 0.9112    & 0.0259        & 35.25     & 0.0000 \\ 
   \hline
\multicolumn{5}{r}{$df = 168$} \\
\end{tabular}
\end{center}
}
\end{minipage}
\begin{parts}
\item We might wonder, is the age difference between husbands and 
wives consistent across ages? If this were the case, then the slope 
parameter would be $\beta_1 = 1$. Use the information above to evaluate 
if there is strong evidence that the difference in husband and wife ages 
differs for different ages.
\item Write the equation of the regression line for predicting wife's 
age from husband's age.
\item Interpret the slope and intercept in context.
\item Given that $R^2 = 0.88$, what is the correlation of ages  in 
this data set?
\item You meet a married man from Britain who is 55 years old. What 
would you predict his wife's age to be? How reliable is this prediction?
\item You meet another married man from Britain who is 85 years old. 
Would it be wise to use the same linear model to predict his wife's 
age? Explain.
\end{parts}"
ch_regr_simple_linear_39_2,OpenIntro Statistics,ch_regr_simple_linear,39,3,2,"Husbands and wives, Part III",regression,"Exercise~[ref: husbands_wives_height_inf] presents a scatterplot displaying the 
relationship between husbands' and wives' ages in a random sample of 
170 married couples in Britain, where both partners' ages are below 65 
years. Given below is summary output of the least squares fit for 
predicting wife's age from husband's age.

0.4

ch_regr_simple_linear/figures/eoce/husbands_wives_age_inf/husbands_wives_age

minipage
minipage[c]0.6

Table:
| Estimate | Std. Error | t value | Pr($>$$|$t$|$) | |
| --- | --- | --- | --- | --- |
| (Intercept) | 1.5740 | 1.1501 | 1.37 | 0.1730 |
| age_husband | 0.9112 | 0.0259 | 35.25 | 0.0000 |
| $df = 168$ | | | | |

minipage","Write the equation of the regression line for predicting wife's 
age from husband's age.","Husbands and wives, Part III

Exercise~[ref: husbands_wives_height_inf] presents a scatterplot displaying the 
relationship between husbands' and wives' ages in a random sample of 
170 married couples in Britain, where both partners' ages are below 65 
years. Given below is summary output of the least squares fit for 
predicting wife's age from husband's age.

0.4

ch_regr_simple_linear/figures/eoce/husbands_wives_age_inf/husbands_wives_age

minipage
minipage[c]0.6

Table:
| Estimate | Std. Error | t value | Pr($>$$|$t$|$) | |
| --- | --- | --- | --- | --- |
| (Intercept) | 1.5740 | 1.1501 | 1.37 | 0.1730 |
| age_husband | 0.9112 | 0.0259 | 35.25 | 0.0000 |
| $df = 168$ | | | | |

minipage

Write the equation of the regression line for predicting wife's 
age from husband's age.","\qt{Husbands and wives, Part III\label{husbands_wives_age_inf}}
Exercise~\ref{husbands_wives_height_inf} presents a scatterplot displaying the 
relationship between husbands' and wives' ages in a random sample of 
170 married couples in Britain, where both partners' ages are below 65 
years. Given below is summary output of the least squares fit for 
predicting wife's age from husband's age.

\noindent\begin{minipage}[c]{0.4\textwidth}
\begin{center}
\FigureFullPath[A scatterplot is shown with about 150 points. The horizontal axis is for ""Hus, in inches"" and takes values between 8 and 22 inches. The vertical axis is for ""Volume, in cubic feet"" and takes values between 8 and 80 cubic feet. About 15 points with circumferences smaller than 12 inches, volumes range from about 8 to 25 cubic feet. For the approximately ten points with circumferences between 12 and 16 feet, volumes range from 22 to 35 cubic feet. For the 6 points with circumferences larger than 16 inches, volumes range from 40 to 60 cubic feet, with one outlier with a circumference of 22 inches and a volume of about 80 cubic feet.]{}{ch_regr_simple_linear/figures/eoce/husbands_wives_age_inf/husbands_wives_age}
\end{center}
\end{minipage}
\begin{minipage}[c]{0.6\textwidth}
{\scriptsize
\begin{center}
\begin{tabular}{rrrrr}
  \hline
                & Estimate  & Std. Error    & t value   & Pr($>$$|$t$|$) \\ 
  \hline
(Intercept)     & 1.5740    & 1.1501        & 1.37      & 0.1730 \\ 
age\_\hspace{0.3mm}husband  & 0.9112    & 0.0259        & 35.25     & 0.0000 \\ 
   \hline
\multicolumn{5}{r}{$df = 168$} \\
\end{tabular}
\end{center}
}
\end{minipage}
\begin{parts}
\item We might wonder, is the age difference between husbands and 
wives consistent across ages? If this were the case, then the slope 
parameter would be $\beta_1 = 1$. Use the information above to evaluate 
if there is strong evidence that the difference in husband and wife ages 
differs for different ages.
\item Write the equation of the regression line for predicting wife's 
age from husband's age.
\item Interpret the slope and intercept in context.
\item Given that $R^2 = 0.88$, what is the correlation of ages  in 
this data set?
\item You meet a married man from Britain who is 55 years old. What 
would you predict his wife's age to be? How reliable is this prediction?
\item You meet another married man from Britain who is 85 years old. 
Would it be wise to use the same linear model to predict his wife's 
age? Explain.
\end{parts}"
ch_regr_simple_linear_39_3,OpenIntro Statistics,ch_regr_simple_linear,39,3,3,"Husbands and wives, Part III",regression,"Exercise~[ref: husbands_wives_height_inf] presents a scatterplot displaying the 
relationship between husbands' and wives' ages in a random sample of 
170 married couples in Britain, where both partners' ages are below 65 
years. Given below is summary output of the least squares fit for 
predicting wife's age from husband's age.

0.4

ch_regr_simple_linear/figures/eoce/husbands_wives_age_inf/husbands_wives_age

minipage
minipage[c]0.6

Table:
| Estimate | Std. Error | t value | Pr($>$$|$t$|$) | |
| --- | --- | --- | --- | --- |
| (Intercept) | 1.5740 | 1.1501 | 1.37 | 0.1730 |
| age_husband | 0.9112 | 0.0259 | 35.25 | 0.0000 |
| $df = 168$ | | | | |

minipage",Interpret the slope and intercept in context.,"Husbands and wives, Part III

Exercise~[ref: husbands_wives_height_inf] presents a scatterplot displaying the 
relationship between husbands' and wives' ages in a random sample of 
170 married couples in Britain, where both partners' ages are below 65 
years. Given below is summary output of the least squares fit for 
predicting wife's age from husband's age.

0.4

ch_regr_simple_linear/figures/eoce/husbands_wives_age_inf/husbands_wives_age

minipage
minipage[c]0.6

Table:
| Estimate | Std. Error | t value | Pr($>$$|$t$|$) | |
| --- | --- | --- | --- | --- |
| (Intercept) | 1.5740 | 1.1501 | 1.37 | 0.1730 |
| age_husband | 0.9112 | 0.0259 | 35.25 | 0.0000 |
| $df = 168$ | | | | |

minipage

Interpret the slope and intercept in context.","\qt{Husbands and wives, Part III\label{husbands_wives_age_inf}}
Exercise~\ref{husbands_wives_height_inf} presents a scatterplot displaying the 
relationship between husbands' and wives' ages in a random sample of 
170 married couples in Britain, where both partners' ages are below 65 
years. Given below is summary output of the least squares fit for 
predicting wife's age from husband's age.

\noindent\begin{minipage}[c]{0.4\textwidth}
\begin{center}
\FigureFullPath[A scatterplot is shown with about 150 points. The horizontal axis is for ""Hus, in inches"" and takes values between 8 and 22 inches. The vertical axis is for ""Volume, in cubic feet"" and takes values between 8 and 80 cubic feet. About 15 points with circumferences smaller than 12 inches, volumes range from about 8 to 25 cubic feet. For the approximately ten points with circumferences between 12 and 16 feet, volumes range from 22 to 35 cubic feet. For the 6 points with circumferences larger than 16 inches, volumes range from 40 to 60 cubic feet, with one outlier with a circumference of 22 inches and a volume of about 80 cubic feet.]{}{ch_regr_simple_linear/figures/eoce/husbands_wives_age_inf/husbands_wives_age}
\end{center}
\end{minipage}
\begin{minipage}[c]{0.6\textwidth}
{\scriptsize
\begin{center}
\begin{tabular}{rrrrr}
  \hline
                & Estimate  & Std. Error    & t value   & Pr($>$$|$t$|$) \\ 
  \hline
(Intercept)     & 1.5740    & 1.1501        & 1.37      & 0.1730 \\ 
age\_\hspace{0.3mm}husband  & 0.9112    & 0.0259        & 35.25     & 0.0000 \\ 
   \hline
\multicolumn{5}{r}{$df = 168$} \\
\end{tabular}
\end{center}
}
\end{minipage}
\begin{parts}
\item We might wonder, is the age difference between husbands and 
wives consistent across ages? If this were the case, then the slope 
parameter would be $\beta_1 = 1$. Use the information above to evaluate 
if there is strong evidence that the difference in husband and wife ages 
differs for different ages.
\item Write the equation of the regression line for predicting wife's 
age from husband's age.
\item Interpret the slope and intercept in context.
\item Given that $R^2 = 0.88$, what is the correlation of ages  in 
this data set?
\item You meet a married man from Britain who is 55 years old. What 
would you predict his wife's age to be? How reliable is this prediction?
\item You meet another married man from Britain who is 85 years old. 
Would it be wise to use the same linear model to predict his wife's 
age? Explain.
\end{parts}"
ch_regr_simple_linear_39_4,OpenIntro Statistics,ch_regr_simple_linear,39,3,4,"Husbands and wives, Part III",regression,"Exercise~[ref: husbands_wives_height_inf] presents a scatterplot displaying the 
relationship between husbands' and wives' ages in a random sample of 
170 married couples in Britain, where both partners' ages are below 65 
years. Given below is summary output of the least squares fit for 
predicting wife's age from husband's age.

0.4

ch_regr_simple_linear/figures/eoce/husbands_wives_age_inf/husbands_wives_age

minipage
minipage[c]0.6

Table:
| Estimate | Std. Error | t value | Pr($>$$|$t$|$) | |
| --- | --- | --- | --- | --- |
| (Intercept) | 1.5740 | 1.1501 | 1.37 | 0.1730 |
| age_husband | 0.9112 | 0.0259 | 35.25 | 0.0000 |
| $df = 168$ | | | | |

minipage","Given that $R^2 = 0.88$, what is the correlation of ages in 
this data set?","Husbands and wives, Part III

Exercise~[ref: husbands_wives_height_inf] presents a scatterplot displaying the 
relationship between husbands' and wives' ages in a random sample of 
170 married couples in Britain, where both partners' ages are below 65 
years. Given below is summary output of the least squares fit for 
predicting wife's age from husband's age.

0.4

ch_regr_simple_linear/figures/eoce/husbands_wives_age_inf/husbands_wives_age

minipage
minipage[c]0.6

Table:
| Estimate | Std. Error | t value | Pr($>$$|$t$|$) | |
| --- | --- | --- | --- | --- |
| (Intercept) | 1.5740 | 1.1501 | 1.37 | 0.1730 |
| age_husband | 0.9112 | 0.0259 | 35.25 | 0.0000 |
| $df = 168$ | | | | |

minipage

Given that $R^2 = 0.88$, what is the correlation of ages in 
this data set?","\qt{Husbands and wives, Part III\label{husbands_wives_age_inf}}
Exercise~\ref{husbands_wives_height_inf} presents a scatterplot displaying the 
relationship between husbands' and wives' ages in a random sample of 
170 married couples in Britain, where both partners' ages are below 65 
years. Given below is summary output of the least squares fit for 
predicting wife's age from husband's age.

\noindent\begin{minipage}[c]{0.4\textwidth}
\begin{center}
\FigureFullPath[A scatterplot is shown with about 150 points. The horizontal axis is for ""Hus, in inches"" and takes values between 8 and 22 inches. The vertical axis is for ""Volume, in cubic feet"" and takes values between 8 and 80 cubic feet. About 15 points with circumferences smaller than 12 inches, volumes range from about 8 to 25 cubic feet. For the approximately ten points with circumferences between 12 and 16 feet, volumes range from 22 to 35 cubic feet. For the 6 points with circumferences larger than 16 inches, volumes range from 40 to 60 cubic feet, with one outlier with a circumference of 22 inches and a volume of about 80 cubic feet.]{}{ch_regr_simple_linear/figures/eoce/husbands_wives_age_inf/husbands_wives_age}
\end{center}
\end{minipage}
\begin{minipage}[c]{0.6\textwidth}
{\scriptsize
\begin{center}
\begin{tabular}{rrrrr}
  \hline
                & Estimate  & Std. Error    & t value   & Pr($>$$|$t$|$) \\ 
  \hline
(Intercept)     & 1.5740    & 1.1501        & 1.37      & 0.1730 \\ 
age\_\hspace{0.3mm}husband  & 0.9112    & 0.0259        & 35.25     & 0.0000 \\ 
   \hline
\multicolumn{5}{r}{$df = 168$} \\
\end{tabular}
\end{center}
}
\end{minipage}
\begin{parts}
\item We might wonder, is the age difference between husbands and 
wives consistent across ages? If this were the case, then the slope 
parameter would be $\beta_1 = 1$. Use the information above to evaluate 
if there is strong evidence that the difference in husband and wife ages 
differs for different ages.
\item Write the equation of the regression line for predicting wife's 
age from husband's age.
\item Interpret the slope and intercept in context.
\item Given that $R^2 = 0.88$, what is the correlation of ages  in 
this data set?
\item You meet a married man from Britain who is 55 years old. What 
would you predict his wife's age to be? How reliable is this prediction?
\item You meet another married man from Britain who is 85 years old. 
Would it be wise to use the same linear model to predict his wife's 
age? Explain.
\end{parts}"
ch_regr_simple_linear_39_5,OpenIntro Statistics,ch_regr_simple_linear,39,3,5,"Husbands and wives, Part III",regression,"Exercise~[ref: husbands_wives_height_inf] presents a scatterplot displaying the 
relationship between husbands' and wives' ages in a random sample of 
170 married couples in Britain, where both partners' ages are below 65 
years. Given below is summary output of the least squares fit for 
predicting wife's age from husband's age.

0.4

ch_regr_simple_linear/figures/eoce/husbands_wives_age_inf/husbands_wives_age

minipage
minipage[c]0.6

Table:
| Estimate | Std. Error | t value | Pr($>$$|$t$|$) | |
| --- | --- | --- | --- | --- |
| (Intercept) | 1.5740 | 1.1501 | 1.37 | 0.1730 |
| age_husband | 0.9112 | 0.0259 | 35.25 | 0.0000 |
| $df = 168$ | | | | |

minipage","You meet a married man from Britain who is 55 years old. What 
would you predict his wife's age to be? How reliable is this prediction?","Husbands and wives, Part III

Exercise~[ref: husbands_wives_height_inf] presents a scatterplot displaying the 
relationship between husbands' and wives' ages in a random sample of 
170 married couples in Britain, where both partners' ages are below 65 
years. Given below is summary output of the least squares fit for 
predicting wife's age from husband's age.

0.4

ch_regr_simple_linear/figures/eoce/husbands_wives_age_inf/husbands_wives_age

minipage
minipage[c]0.6

Table:
| Estimate | Std. Error | t value | Pr($>$$|$t$|$) | |
| --- | --- | --- | --- | --- |
| (Intercept) | 1.5740 | 1.1501 | 1.37 | 0.1730 |
| age_husband | 0.9112 | 0.0259 | 35.25 | 0.0000 |
| $df = 168$ | | | | |

minipage

You meet a married man from Britain who is 55 years old. What 
would you predict his wife's age to be? How reliable is this prediction?","\qt{Husbands and wives, Part III\label{husbands_wives_age_inf}}
Exercise~\ref{husbands_wives_height_inf} presents a scatterplot displaying the 
relationship between husbands' and wives' ages in a random sample of 
170 married couples in Britain, where both partners' ages are below 65 
years. Given below is summary output of the least squares fit for 
predicting wife's age from husband's age.

\noindent\begin{minipage}[c]{0.4\textwidth}
\begin{center}
\FigureFullPath[A scatterplot is shown with about 150 points. The horizontal axis is for ""Hus, in inches"" and takes values between 8 and 22 inches. The vertical axis is for ""Volume, in cubic feet"" and takes values between 8 and 80 cubic feet. About 15 points with circumferences smaller than 12 inches, volumes range from about 8 to 25 cubic feet. For the approximately ten points with circumferences between 12 and 16 feet, volumes range from 22 to 35 cubic feet. For the 6 points with circumferences larger than 16 inches, volumes range from 40 to 60 cubic feet, with one outlier with a circumference of 22 inches and a volume of about 80 cubic feet.]{}{ch_regr_simple_linear/figures/eoce/husbands_wives_age_inf/husbands_wives_age}
\end{center}
\end{minipage}
\begin{minipage}[c]{0.6\textwidth}
{\scriptsize
\begin{center}
\begin{tabular}{rrrrr}
  \hline
                & Estimate  & Std. Error    & t value   & Pr($>$$|$t$|$) \\ 
  \hline
(Intercept)     & 1.5740    & 1.1501        & 1.37      & 0.1730 \\ 
age\_\hspace{0.3mm}husband  & 0.9112    & 0.0259        & 35.25     & 0.0000 \\ 
   \hline
\multicolumn{5}{r}{$df = 168$} \\
\end{tabular}
\end{center}
}
\end{minipage}
\begin{parts}
\item We might wonder, is the age difference between husbands and 
wives consistent across ages? If this were the case, then the slope 
parameter would be $\beta_1 = 1$. Use the information above to evaluate 
if there is strong evidence that the difference in husband and wife ages 
differs for different ages.
\item Write the equation of the regression line for predicting wife's 
age from husband's age.
\item Interpret the slope and intercept in context.
\item Given that $R^2 = 0.88$, what is the correlation of ages  in 
this data set?
\item You meet a married man from Britain who is 55 years old. What 
would you predict his wife's age to be? How reliable is this prediction?
\item You meet another married man from Britain who is 85 years old. 
Would it be wise to use the same linear model to predict his wife's 
age? Explain.
\end{parts}"
ch_regr_simple_linear_39_6,OpenIntro Statistics,ch_regr_simple_linear,39,3,6,"Husbands and wives, Part III",regression,"Exercise~[ref: husbands_wives_height_inf] presents a scatterplot displaying the 
relationship between husbands' and wives' ages in a random sample of 
170 married couples in Britain, where both partners' ages are below 65 
years. Given below is summary output of the least squares fit for 
predicting wife's age from husband's age.

0.4

ch_regr_simple_linear/figures/eoce/husbands_wives_age_inf/husbands_wives_age

minipage
minipage[c]0.6

Table:
| Estimate | Std. Error | t value | Pr($>$$|$t$|$) | |
| --- | --- | --- | --- | --- |
| (Intercept) | 1.5740 | 1.1501 | 1.37 | 0.1730 |
| age_husband | 0.9112 | 0.0259 | 35.25 | 0.0000 |
| $df = 168$ | | | | |

minipage","You meet another married man from Britain who is 85 years old. 
Would it be wise to use the same linear model to predict his wife's 
age? Explain.","Husbands and wives, Part III

Exercise~[ref: husbands_wives_height_inf] presents a scatterplot displaying the 
relationship between husbands' and wives' ages in a random sample of 
170 married couples in Britain, where both partners' ages are below 65 
years. Given below is summary output of the least squares fit for 
predicting wife's age from husband's age.

0.4

ch_regr_simple_linear/figures/eoce/husbands_wives_age_inf/husbands_wives_age

minipage
minipage[c]0.6

Table:
| Estimate | Std. Error | t value | Pr($>$$|$t$|$) | |
| --- | --- | --- | --- | --- |
| (Intercept) | 1.5740 | 1.1501 | 1.37 | 0.1730 |
| age_husband | 0.9112 | 0.0259 | 35.25 | 0.0000 |
| $df = 168$ | | | | |

minipage

You meet another married man from Britain who is 85 years old. 
Would it be wise to use the same linear model to predict his wife's 
age? Explain.","\qt{Husbands and wives, Part III\label{husbands_wives_age_inf}}
Exercise~\ref{husbands_wives_height_inf} presents a scatterplot displaying the 
relationship between husbands' and wives' ages in a random sample of 
170 married couples in Britain, where both partners' ages are below 65 
years. Given below is summary output of the least squares fit for 
predicting wife's age from husband's age.

\noindent\begin{minipage}[c]{0.4\textwidth}
\begin{center}
\FigureFullPath[A scatterplot is shown with about 150 points. The horizontal axis is for ""Hus, in inches"" and takes values between 8 and 22 inches. The vertical axis is for ""Volume, in cubic feet"" and takes values between 8 and 80 cubic feet. About 15 points with circumferences smaller than 12 inches, volumes range from about 8 to 25 cubic feet. For the approximately ten points with circumferences between 12 and 16 feet, volumes range from 22 to 35 cubic feet. For the 6 points with circumferences larger than 16 inches, volumes range from 40 to 60 cubic feet, with one outlier with a circumference of 22 inches and a volume of about 80 cubic feet.]{}{ch_regr_simple_linear/figures/eoce/husbands_wives_age_inf/husbands_wives_age}
\end{center}
\end{minipage}
\begin{minipage}[c]{0.6\textwidth}
{\scriptsize
\begin{center}
\begin{tabular}{rrrrr}
  \hline
                & Estimate  & Std. Error    & t value   & Pr($>$$|$t$|$) \\ 
  \hline
(Intercept)     & 1.5740    & 1.1501        & 1.37      & 0.1730 \\ 
age\_\hspace{0.3mm}husband  & 0.9112    & 0.0259        & 35.25     & 0.0000 \\ 
   \hline
\multicolumn{5}{r}{$df = 168$} \\
\end{tabular}
\end{center}
}
\end{minipage}
\begin{parts}
\item We might wonder, is the age difference between husbands and 
wives consistent across ages? If this were the case, then the slope 
parameter would be $\beta_1 = 1$. Use the information above to evaluate 
if there is strong evidence that the difference in husband and wife ages 
differs for different ages.
\item Write the equation of the regression line for predicting wife's 
age from husband's age.
\item Interpret the slope and intercept in context.
\item Given that $R^2 = 0.88$, what is the correlation of ages  in 
this data set?
\item You meet a married man from Britain who is 55 years old. What 
would you predict his wife's age to be? How reliable is this prediction?
\item You meet another married man from Britain who is 85 years old. 
Would it be wise to use the same linear model to predict his wife's 
age? Explain.
\end{parts}"
ch_regr_simple_linear_40_1,OpenIntro Statistics,ch_regr_simple_linear,40,4,1,"Cats, Part II",regression,"Exercise~[ref: cat_body_heart_reg] 
presents regression output from a model for predicting the heart 
weight (in g) of cats from their body weight (in kg). The coefficients 
are estimated using a dataset of 144 domestic cat. The model output 
is also provided below.

Table:
| Estimate | Std. Error | t value | Pr($>$$|$t$|$) | |
| --- | --- | --- | --- | --- |
| (Intercept) | -0.357 | 0.692 | -0.515 | 0.607 |
| body wt | 4.034 | 0.250 | 16.119 | 0.000 |

\[ s = 1.452 R^2 = 64.66% R^2_adj = 64.41% \]","We see that the point estimate for the slope is positive.
 What are the hypotheses for evaluating whether body weight is
 positively associated with heart weight in cats?","Cats, Part II

Exercise~[ref: cat_body_heart_reg] 
presents regression output from a model for predicting the heart 
weight (in g) of cats from their body weight (in kg). The coefficients 
are estimated using a dataset of 144 domestic cat. The model output 
is also provided below.

Table:
| Estimate | Std. Error | t value | Pr($>$$|$t$|$) | |
| --- | --- | --- | --- | --- |
| (Intercept) | -0.357 | 0.692 | -0.515 | 0.607 |
| body wt | 4.034 | 0.250 | 16.119 | 0.000 |

\[ s = 1.452 R^2 = 64.66% R^2_adj = 64.41% \]

We see that the point estimate for the slope is positive.
 What are the hypotheses for evaluating whether body weight is
 positively associated with heart weight in cats?","\qt{Cats, Part II\label{cat_body_heart_inf}}
Exercise~\ref{cat_body_heart_reg} 
presents regression output from a model for predicting the heart 
weight (in g) of cats from their body weight (in kg). The coefficients 
are estimated using a dataset of 144 domestic cat. The model output 
is also provided below.
\begin{center}
\begin{tabular}{rrrrr}
    \hline
            & Estimate  & Std. Error    & t value   & Pr($>$$|$t$|$) \\ 
    \hline
(Intercept) & -0.357    & 0.692         & -0.515    & 0.607 \\ 
body wt     & 4.034     & 0.250         & 16.119    & 0.000 \\ 
    \hline
\end{tabular}
\[ s = 1.452 \qquad R^2 = 64.66\% \qquad R^2_{adj} = 64.41\% \]
\end{center}
\begin{parts}
\item We see that the point estimate for the slope is positive.
    What are the hypotheses for evaluating whether body weight is
    positively associated with heart weight in cats?
\item State the conclusion of the hypothesis test from part (a) in 
context of the data.
\item Calculate a 95\% confidence interval for the slope of body 
weight, and interpret it in context of the data.
\item Do your results from the hypothesis test and the confidence 
interval agree? Explain.
\end{parts}"
ch_regr_simple_linear_40_2,OpenIntro Statistics,ch_regr_simple_linear,40,4,2,"Cats, Part II",hypothesis_testing,"Exercise~[ref: cat_body_heart_reg] 
presents regression output from a model for predicting the heart 
weight (in g) of cats from their body weight (in kg). The coefficients 
are estimated using a dataset of 144 domestic cat. The model output 
is also provided below.

Table:
| Estimate | Std. Error | t value | Pr($>$$|$t$|$) | |
| --- | --- | --- | --- | --- |
| (Intercept) | -0.357 | 0.692 | -0.515 | 0.607 |
| body wt | 4.034 | 0.250 | 16.119 | 0.000 |

\[ s = 1.452 R^2 = 64.66% R^2_adj = 64.41% \]","State the conclusion of the hypothesis test from part (a) in 
context of the data.","Cats, Part II

Exercise~[ref: cat_body_heart_reg] 
presents regression output from a model for predicting the heart 
weight (in g) of cats from their body weight (in kg). The coefficients 
are estimated using a dataset of 144 domestic cat. The model output 
is also provided below.

Table:
| Estimate | Std. Error | t value | Pr($>$$|$t$|$) | |
| --- | --- | --- | --- | --- |
| (Intercept) | -0.357 | 0.692 | -0.515 | 0.607 |
| body wt | 4.034 | 0.250 | 16.119 | 0.000 |

\[ s = 1.452 R^2 = 64.66% R^2_adj = 64.41% \]

State the conclusion of the hypothesis test from part (a) in 
context of the data.","\qt{Cats, Part II\label{cat_body_heart_inf}}
Exercise~\ref{cat_body_heart_reg} 
presents regression output from a model for predicting the heart 
weight (in g) of cats from their body weight (in kg). The coefficients 
are estimated using a dataset of 144 domestic cat. The model output 
is also provided below.
\begin{center}
\begin{tabular}{rrrrr}
    \hline
            & Estimate  & Std. Error    & t value   & Pr($>$$|$t$|$) \\ 
    \hline
(Intercept) & -0.357    & 0.692         & -0.515    & 0.607 \\ 
body wt     & 4.034     & 0.250         & 16.119    & 0.000 \\ 
    \hline
\end{tabular}
\[ s = 1.452 \qquad R^2 = 64.66\% \qquad R^2_{adj} = 64.41\% \]
\end{center}
\begin{parts}
\item We see that the point estimate for the slope is positive.
    What are the hypotheses for evaluating whether body weight is
    positively associated with heart weight in cats?
\item State the conclusion of the hypothesis test from part (a) in 
context of the data.
\item Calculate a 95\% confidence interval for the slope of body 
weight, and interpret it in context of the data.
\item Do your results from the hypothesis test and the confidence 
interval agree? Explain.
\end{parts}"
ch_regr_simple_linear_40_3,OpenIntro Statistics,ch_regr_simple_linear,40,4,3,"Cats, Part II",confidence_interval,"Exercise~[ref: cat_body_heart_reg] 
presents regression output from a model for predicting the heart 
weight (in g) of cats from their body weight (in kg). The coefficients 
are estimated using a dataset of 144 domestic cat. The model output 
is also provided below.

Table:
| Estimate | Std. Error | t value | Pr($>$$|$t$|$) | |
| --- | --- | --- | --- | --- |
| (Intercept) | -0.357 | 0.692 | -0.515 | 0.607 |
| body wt | 4.034 | 0.250 | 16.119 | 0.000 |

\[ s = 1.452 R^2 = 64.66% R^2_adj = 64.41% \]","Calculate a 95% confidence interval for the slope of body 
weight, and interpret it in context of the data.","Cats, Part II

Exercise~[ref: cat_body_heart_reg] 
presents regression output from a model for predicting the heart 
weight (in g) of cats from their body weight (in kg). The coefficients 
are estimated using a dataset of 144 domestic cat. The model output 
is also provided below.

Table:
| Estimate | Std. Error | t value | Pr($>$$|$t$|$) | |
| --- | --- | --- | --- | --- |
| (Intercept) | -0.357 | 0.692 | -0.515 | 0.607 |
| body wt | 4.034 | 0.250 | 16.119 | 0.000 |

\[ s = 1.452 R^2 = 64.66% R^2_adj = 64.41% \]

Calculate a 95% confidence interval for the slope of body 
weight, and interpret it in context of the data.","\qt{Cats, Part II\label{cat_body_heart_inf}}
Exercise~\ref{cat_body_heart_reg} 
presents regression output from a model for predicting the heart 
weight (in g) of cats from their body weight (in kg). The coefficients 
are estimated using a dataset of 144 domestic cat. The model output 
is also provided below.
\begin{center}
\begin{tabular}{rrrrr}
    \hline
            & Estimate  & Std. Error    & t value   & Pr($>$$|$t$|$) \\ 
    \hline
(Intercept) & -0.357    & 0.692         & -0.515    & 0.607 \\ 
body wt     & 4.034     & 0.250         & 16.119    & 0.000 \\ 
    \hline
\end{tabular}
\[ s = 1.452 \qquad R^2 = 64.66\% \qquad R^2_{adj} = 64.41\% \]
\end{center}
\begin{parts}
\item We see that the point estimate for the slope is positive.
    What are the hypotheses for evaluating whether body weight is
    positively associated with heart weight in cats?
\item State the conclusion of the hypothesis test from part (a) in 
context of the data.
\item Calculate a 95\% confidence interval for the slope of body 
weight, and interpret it in context of the data.
\item Do your results from the hypothesis test and the confidence 
interval agree? Explain.
\end{parts}"
ch_regr_simple_linear_40_4,OpenIntro Statistics,ch_regr_simple_linear,40,4,4,"Cats, Part II",hypothesis_testing,"Exercise~[ref: cat_body_heart_reg] 
presents regression output from a model for predicting the heart 
weight (in g) of cats from their body weight (in kg). The coefficients 
are estimated using a dataset of 144 domestic cat. The model output 
is also provided below.

Table:
| Estimate | Std. Error | t value | Pr($>$$|$t$|$) | |
| --- | --- | --- | --- | --- |
| (Intercept) | -0.357 | 0.692 | -0.515 | 0.607 |
| body wt | 4.034 | 0.250 | 16.119 | 0.000 |

\[ s = 1.452 R^2 = 64.66% R^2_adj = 64.41% \]","Do your results from the hypothesis test and the confidence 
interval agree? Explain.","Cats, Part II

Exercise~[ref: cat_body_heart_reg] 
presents regression output from a model for predicting the heart 
weight (in g) of cats from their body weight (in kg). The coefficients 
are estimated using a dataset of 144 domestic cat. The model output 
is also provided below.

Table:
| Estimate | Std. Error | t value | Pr($>$$|$t$|$) | |
| --- | --- | --- | --- | --- |
| (Intercept) | -0.357 | 0.692 | -0.515 | 0.607 |
| body wt | 4.034 | 0.250 | 16.119 | 0.000 |

\[ s = 1.452 R^2 = 64.66% R^2_adj = 64.41% \]

Do your results from the hypothesis test and the confidence 
interval agree? Explain.","\qt{Cats, Part II\label{cat_body_heart_inf}}
Exercise~\ref{cat_body_heart_reg} 
presents regression output from a model for predicting the heart 
weight (in g) of cats from their body weight (in kg). The coefficients 
are estimated using a dataset of 144 domestic cat. The model output 
is also provided below.
\begin{center}
\begin{tabular}{rrrrr}
    \hline
            & Estimate  & Std. Error    & t value   & Pr($>$$|$t$|$) \\ 
    \hline
(Intercept) & -0.357    & 0.692         & -0.515    & 0.607 \\ 
body wt     & 4.034     & 0.250         & 16.119    & 0.000 \\ 
    \hline
\end{tabular}
\[ s = 1.452 \qquad R^2 = 64.66\% \qquad R^2_{adj} = 64.41\% \]
\end{center}
\begin{parts}
\item We see that the point estimate for the slope is positive.
    What are the hypotheses for evaluating whether body weight is
    positively associated with heart weight in cats?
\item State the conclusion of the hypothesis test from part (a) in 
context of the data.
\item Calculate a 95\% confidence interval for the slope of body 
weight, and interpret it in context of the data.
\item Do your results from the hypothesis test and the confidence 
interval agree? Explain.
\end{parts}"
ch_regr_simple_linear_41,OpenIntro Statistics,ch_regr_simple_linear,41,5,,"Nutrition at Starbucks, Part II",regression,"Exercise~[ref: starbucks_cals_carbos] introduced a data set on nutrition 
information on Starbucks food menu items. Based on the scatterplot 
and the residual plot provided, describe the relationship between the 
protein content and calories of these menu items, and determine if a 
simple linear model is appropriate to predict amount of protein from 
the number of calories.

0.35ch_regr_simple_linear/figures/eoce/starbucks_cals_protein/starbucks_cals_protein",,"Nutrition at Starbucks, Part II

Exercise~[ref: starbucks_cals_carbos] introduced a data set on nutrition 
information on Starbucks food menu items. Based on the scatterplot 
and the residual plot provided, describe the relationship between the 
protein content and calories of these menu items, and determine if a 
simple linear model is appropriate to predict amount of protein from 
the number of calories.

0.35ch_regr_simple_linear/figures/eoce/starbucks_cals_protein/starbucks_cals_protein","\qt{Nutrition at Starbucks, Part II\label{starbucks_cals_protein}} 
Exercise~\ref{starbucks_cals_carbos} introduced a data set on nutrition 
information on Starbucks food menu items. Based on the scatterplot 
and the residual plot provided, describe the relationship between the 
protein content and calories of these menu items, and determine if a 
simple linear model is appropriate to predict amount of protein from 
the number of calories.
\begin{center}
\FigureFullPath[A scatterplot is shown with about 75 points and an overlaid regression line that trends upward along with a residual plot. The horizontal axis represents ""Calories"" and has values ranging from about 100 to 500. The vertical axis represents ""Protein, in grams"" and has values ranging from 0 to about 30. Scatterplot: About 15 points are shown with fewer than 200 calories, and these have between about 0 and 5 grams of protein. About 30 points are shown with 200 to 400 calories, and these mostly have between 5 and 30 grams of protein. About 20 points are shown with more than 400 calories, and these mostly have between 5 and 30 grams of carbs. Residual plot: About 15 points are shown with fewer than 200 calories, and these have residuals roughly between -5 and positive 2. About 30 points are shown with 200 to 400 calories, and these residuals largely range from about -10 to positive 20. About 20 points are shown with more than 400 calories, and the residuals for these points mostly range between -10 and positive 8.]{0.35}{ch_regr_simple_linear/figures/eoce/starbucks_cals_protein/starbucks_cals_protein}
\end{center}"
ch_regr_simple_linear_42_1,OpenIntro Statistics,ch_regr_simple_linear,42,6,1,Helmets and lunches,regression,"The scatterplot shows the 
relationship between socioeconomic status measured as the percentage of 
children in a neighborhood receiving reduced-fee lunches at school 
( lunch) and the percentage of bike riders in the neighborhood 
wearing helmets ( helmet). The average percentage of children 
receiving reduced-fee lunches is 30.8% with a standard deviation 
of 26.7% and the average percentage of bike riders wearing helmets 
is 38.8% with a standard deviation of 16.9%.

0.5

minipage
minipage[c]0.05
$\:$ 

minipage
minipage[c]0.42

ch_regr_simple_linear/figures/eoce/helmet_lunch/helmet_lunch 

minipage","If the $R^2$ for the least-squares regression line for these 
data is $72%$, what is the correlation between lunch 
and helmet?","Helmets and lunches

The scatterplot shows the 
relationship between socioeconomic status measured as the percentage of 
children in a neighborhood receiving reduced-fee lunches at school 
( lunch) and the percentage of bike riders in the neighborhood 
wearing helmets ( helmet). The average percentage of children 
receiving reduced-fee lunches is 30.8% with a standard deviation 
of 26.7% and the average percentage of bike riders wearing helmets 
is 38.8% with a standard deviation of 16.9%.

0.5

minipage
minipage[c]0.05
$\:$ 

minipage
minipage[c]0.42

ch_regr_simple_linear/figures/eoce/helmet_lunch/helmet_lunch 

minipage

If the $R^2$ for the least-squares regression line for these 
data is $72%$, what is the correlation between lunch 
and helmet?","\qt{Helmets and lunches\label{helmet_lunch}}
The scatterplot shows the 
relationship between socioeconomic status measured as the percentage of 
children in a neighborhood receiving reduced-fee lunches at school 
({\tt lunch}) and the percentage of bike riders in the neighborhood 
wearing helmets ({\tt helmet}). The average percentage of children 
receiving reduced-fee lunches is 30.8\% with a standard deviation 
of 26.7\% and the average percentage of bike riders wearing helmets 
is 38.8\% with a standard deviation of 16.9\%.

\noindent\begin{minipage}[c]{0.5\textwidth}
{\raggedright\begin{parts}
\item If the $R^2$ for the least-squares regression line for these 
data is $72\%$, what is the correlation between {\tt lunch} 
and {\tt helmet}?
\item Calculate the slope and intercept for the least-squares regression 
line for these data.
\item Interpret the intercept of the least-squares regression line in 
the context of the application.
\item Interpret the slope of the least-squares regression line in the 
context of the application.
\item What would the value of the residual be for a neighborhood where 
40\% of the children receive reduced-fee lunches and 40\% of the bike 
riders wear helmets? Interpret the meaning of this residual in the context 
of the application.
\end{parts}}
\end{minipage}
\begin{minipage}[c]{0.05\textwidth}
$\:$ \\
\end{minipage}
\begin{minipage}[c]{0.42\textwidth}
\begin{center}
\FigureFullPath[A scatterplot is shown with 12 points. The horizontal axis is for ""Rate of Receiving a Reduced-Fee Lunch"" and takes values between 0\% and 82\%. The vertical axis is for ""Rate of Wearing a Helmet"" and takes values between about 3\% and 58\%. Eight points have a reduced-fee lunch rate smaller than 25\%, and these points have helmet wearing rates between about 20\% and 58\%. Two points have a reduced-fee lunch rate of about 50\%, and these points have helmet wearing rates about 21\% and 22\%. Two points have a reduced-fee lunch rate of 75\% and 82\%, and these points have helmet wearing rates of 5\% and 3\%, respectively.]{}{ch_regr_simple_linear/figures/eoce/helmet_lunch/helmet_lunch} \\
\end{center}
\end{minipage}"
ch_regr_simple_linear_42_2,OpenIntro Statistics,ch_regr_simple_linear,42,6,2,Helmets and lunches,regression,"The scatterplot shows the 
relationship between socioeconomic status measured as the percentage of 
children in a neighborhood receiving reduced-fee lunches at school 
( lunch) and the percentage of bike riders in the neighborhood 
wearing helmets ( helmet). The average percentage of children 
receiving reduced-fee lunches is 30.8% with a standard deviation 
of 26.7% and the average percentage of bike riders wearing helmets 
is 38.8% with a standard deviation of 16.9%.

0.5

minipage
minipage[c]0.05
$\:$ 

minipage
minipage[c]0.42

ch_regr_simple_linear/figures/eoce/helmet_lunch/helmet_lunch 

minipage","Calculate the slope and intercept for the least-squares regression 
line for these data.","Helmets and lunches

The scatterplot shows the 
relationship between socioeconomic status measured as the percentage of 
children in a neighborhood receiving reduced-fee lunches at school 
( lunch) and the percentage of bike riders in the neighborhood 
wearing helmets ( helmet). The average percentage of children 
receiving reduced-fee lunches is 30.8% with a standard deviation 
of 26.7% and the average percentage of bike riders wearing helmets 
is 38.8% with a standard deviation of 16.9%.

0.5

minipage
minipage[c]0.05
$\:$ 

minipage
minipage[c]0.42

ch_regr_simple_linear/figures/eoce/helmet_lunch/helmet_lunch 

minipage

Calculate the slope and intercept for the least-squares regression 
line for these data.","\qt{Helmets and lunches\label{helmet_lunch}}
The scatterplot shows the 
relationship between socioeconomic status measured as the percentage of 
children in a neighborhood receiving reduced-fee lunches at school 
({\tt lunch}) and the percentage of bike riders in the neighborhood 
wearing helmets ({\tt helmet}). The average percentage of children 
receiving reduced-fee lunches is 30.8\% with a standard deviation 
of 26.7\% and the average percentage of bike riders wearing helmets 
is 38.8\% with a standard deviation of 16.9\%.

\noindent\begin{minipage}[c]{0.5\textwidth}
{\raggedright\begin{parts}
\item If the $R^2$ for the least-squares regression line for these 
data is $72\%$, what is the correlation between {\tt lunch} 
and {\tt helmet}?
\item Calculate the slope and intercept for the least-squares regression 
line for these data.
\item Interpret the intercept of the least-squares regression line in 
the context of the application.
\item Interpret the slope of the least-squares regression line in the 
context of the application.
\item What would the value of the residual be for a neighborhood where 
40\% of the children receive reduced-fee lunches and 40\% of the bike 
riders wear helmets? Interpret the meaning of this residual in the context 
of the application.
\end{parts}}
\end{minipage}
\begin{minipage}[c]{0.05\textwidth}
$\:$ \\
\end{minipage}
\begin{minipage}[c]{0.42\textwidth}
\begin{center}
\FigureFullPath[A scatterplot is shown with 12 points. The horizontal axis is for ""Rate of Receiving a Reduced-Fee Lunch"" and takes values between 0\% and 82\%. The vertical axis is for ""Rate of Wearing a Helmet"" and takes values between about 3\% and 58\%. Eight points have a reduced-fee lunch rate smaller than 25\%, and these points have helmet wearing rates between about 20\% and 58\%. Two points have a reduced-fee lunch rate of about 50\%, and these points have helmet wearing rates about 21\% and 22\%. Two points have a reduced-fee lunch rate of 75\% and 82\%, and these points have helmet wearing rates of 5\% and 3\%, respectively.]{}{ch_regr_simple_linear/figures/eoce/helmet_lunch/helmet_lunch} \\
\end{center}
\end{minipage}"
ch_regr_simple_linear_42_3,OpenIntro Statistics,ch_regr_simple_linear,42,6,3,Helmets and lunches,regression,"The scatterplot shows the 
relationship between socioeconomic status measured as the percentage of 
children in a neighborhood receiving reduced-fee lunches at school 
( lunch) and the percentage of bike riders in the neighborhood 
wearing helmets ( helmet). The average percentage of children 
receiving reduced-fee lunches is 30.8% with a standard deviation 
of 26.7% and the average percentage of bike riders wearing helmets 
is 38.8% with a standard deviation of 16.9%.

0.5

minipage
minipage[c]0.05
$\:$ 

minipage
minipage[c]0.42

ch_regr_simple_linear/figures/eoce/helmet_lunch/helmet_lunch 

minipage","Interpret the intercept of the least-squares regression line in 
the context of the application.","Helmets and lunches

The scatterplot shows the 
relationship between socioeconomic status measured as the percentage of 
children in a neighborhood receiving reduced-fee lunches at school 
( lunch) and the percentage of bike riders in the neighborhood 
wearing helmets ( helmet). The average percentage of children 
receiving reduced-fee lunches is 30.8% with a standard deviation 
of 26.7% and the average percentage of bike riders wearing helmets 
is 38.8% with a standard deviation of 16.9%.

0.5

minipage
minipage[c]0.05
$\:$ 

minipage
minipage[c]0.42

ch_regr_simple_linear/figures/eoce/helmet_lunch/helmet_lunch 

minipage

Interpret the intercept of the least-squares regression line in 
the context of the application.","\qt{Helmets and lunches\label{helmet_lunch}}
The scatterplot shows the 
relationship between socioeconomic status measured as the percentage of 
children in a neighborhood receiving reduced-fee lunches at school 
({\tt lunch}) and the percentage of bike riders in the neighborhood 
wearing helmets ({\tt helmet}). The average percentage of children 
receiving reduced-fee lunches is 30.8\% with a standard deviation 
of 26.7\% and the average percentage of bike riders wearing helmets 
is 38.8\% with a standard deviation of 16.9\%.

\noindent\begin{minipage}[c]{0.5\textwidth}
{\raggedright\begin{parts}
\item If the $R^2$ for the least-squares regression line for these 
data is $72\%$, what is the correlation between {\tt lunch} 
and {\tt helmet}?
\item Calculate the slope and intercept for the least-squares regression 
line for these data.
\item Interpret the intercept of the least-squares regression line in 
the context of the application.
\item Interpret the slope of the least-squares regression line in the 
context of the application.
\item What would the value of the residual be for a neighborhood where 
40\% of the children receive reduced-fee lunches and 40\% of the bike 
riders wear helmets? Interpret the meaning of this residual in the context 
of the application.
\end{parts}}
\end{minipage}
\begin{minipage}[c]{0.05\textwidth}
$\:$ \\
\end{minipage}
\begin{minipage}[c]{0.42\textwidth}
\begin{center}
\FigureFullPath[A scatterplot is shown with 12 points. The horizontal axis is for ""Rate of Receiving a Reduced-Fee Lunch"" and takes values between 0\% and 82\%. The vertical axis is for ""Rate of Wearing a Helmet"" and takes values between about 3\% and 58\%. Eight points have a reduced-fee lunch rate smaller than 25\%, and these points have helmet wearing rates between about 20\% and 58\%. Two points have a reduced-fee lunch rate of about 50\%, and these points have helmet wearing rates about 21\% and 22\%. Two points have a reduced-fee lunch rate of 75\% and 82\%, and these points have helmet wearing rates of 5\% and 3\%, respectively.]{}{ch_regr_simple_linear/figures/eoce/helmet_lunch/helmet_lunch} \\
\end{center}
\end{minipage}"
ch_regr_simple_linear_42_4,OpenIntro Statistics,ch_regr_simple_linear,42,6,4,Helmets and lunches,regression,"The scatterplot shows the 
relationship between socioeconomic status measured as the percentage of 
children in a neighborhood receiving reduced-fee lunches at school 
( lunch) and the percentage of bike riders in the neighborhood 
wearing helmets ( helmet). The average percentage of children 
receiving reduced-fee lunches is 30.8% with a standard deviation 
of 26.7% and the average percentage of bike riders wearing helmets 
is 38.8% with a standard deviation of 16.9%.

0.5

minipage
minipage[c]0.05
$\:$ 

minipage
minipage[c]0.42

ch_regr_simple_linear/figures/eoce/helmet_lunch/helmet_lunch 

minipage","Interpret the slope of the least-squares regression line in the 
context of the application.","Helmets and lunches

The scatterplot shows the 
relationship between socioeconomic status measured as the percentage of 
children in a neighborhood receiving reduced-fee lunches at school 
( lunch) and the percentage of bike riders in the neighborhood 
wearing helmets ( helmet). The average percentage of children 
receiving reduced-fee lunches is 30.8% with a standard deviation 
of 26.7% and the average percentage of bike riders wearing helmets 
is 38.8% with a standard deviation of 16.9%.

0.5

minipage
minipage[c]0.05
$\:$ 

minipage
minipage[c]0.42

ch_regr_simple_linear/figures/eoce/helmet_lunch/helmet_lunch 

minipage

Interpret the slope of the least-squares regression line in the 
context of the application.","\qt{Helmets and lunches\label{helmet_lunch}}
The scatterplot shows the 
relationship between socioeconomic status measured as the percentage of 
children in a neighborhood receiving reduced-fee lunches at school 
({\tt lunch}) and the percentage of bike riders in the neighborhood 
wearing helmets ({\tt helmet}). The average percentage of children 
receiving reduced-fee lunches is 30.8\% with a standard deviation 
of 26.7\% and the average percentage of bike riders wearing helmets 
is 38.8\% with a standard deviation of 16.9\%.

\noindent\begin{minipage}[c]{0.5\textwidth}
{\raggedright\begin{parts}
\item If the $R^2$ for the least-squares regression line for these 
data is $72\%$, what is the correlation between {\tt lunch} 
and {\tt helmet}?
\item Calculate the slope and intercept for the least-squares regression 
line for these data.
\item Interpret the intercept of the least-squares regression line in 
the context of the application.
\item Interpret the slope of the least-squares regression line in the 
context of the application.
\item What would the value of the residual be for a neighborhood where 
40\% of the children receive reduced-fee lunches and 40\% of the bike 
riders wear helmets? Interpret the meaning of this residual in the context 
of the application.
\end{parts}}
\end{minipage}
\begin{minipage}[c]{0.05\textwidth}
$\:$ \\
\end{minipage}
\begin{minipage}[c]{0.42\textwidth}
\begin{center}
\FigureFullPath[A scatterplot is shown with 12 points. The horizontal axis is for ""Rate of Receiving a Reduced-Fee Lunch"" and takes values between 0\% and 82\%. The vertical axis is for ""Rate of Wearing a Helmet"" and takes values between about 3\% and 58\%. Eight points have a reduced-fee lunch rate smaller than 25\%, and these points have helmet wearing rates between about 20\% and 58\%. Two points have a reduced-fee lunch rate of about 50\%, and these points have helmet wearing rates about 21\% and 22\%. Two points have a reduced-fee lunch rate of 75\% and 82\%, and these points have helmet wearing rates of 5\% and 3\%, respectively.]{}{ch_regr_simple_linear/figures/eoce/helmet_lunch/helmet_lunch} \\
\end{center}
\end{minipage}"
ch_regr_simple_linear_42_5,OpenIntro Statistics,ch_regr_simple_linear,42,6,5,Helmets and lunches,regression,"The scatterplot shows the 
relationship between socioeconomic status measured as the percentage of 
children in a neighborhood receiving reduced-fee lunches at school 
( lunch) and the percentage of bike riders in the neighborhood 
wearing helmets ( helmet). The average percentage of children 
receiving reduced-fee lunches is 30.8% with a standard deviation 
of 26.7% and the average percentage of bike riders wearing helmets 
is 38.8% with a standard deviation of 16.9%.

0.5

minipage
minipage[c]0.05
$\:$ 

minipage
minipage[c]0.42

ch_regr_simple_linear/figures/eoce/helmet_lunch/helmet_lunch 

minipage","What would the value of the residual be for a neighborhood where 
40% of the children receive reduced-fee lunches and 40% of the bike 
riders wear helmets? Interpret the meaning of this residual in the context 
of the application.","Helmets and lunches

The scatterplot shows the 
relationship between socioeconomic status measured as the percentage of 
children in a neighborhood receiving reduced-fee lunches at school 
( lunch) and the percentage of bike riders in the neighborhood 
wearing helmets ( helmet). The average percentage of children 
receiving reduced-fee lunches is 30.8% with a standard deviation 
of 26.7% and the average percentage of bike riders wearing helmets 
is 38.8% with a standard deviation of 16.9%.

0.5

minipage
minipage[c]0.05
$\:$ 

minipage
minipage[c]0.42

ch_regr_simple_linear/figures/eoce/helmet_lunch/helmet_lunch 

minipage

What would the value of the residual be for a neighborhood where 
40% of the children receive reduced-fee lunches and 40% of the bike 
riders wear helmets? Interpret the meaning of this residual in the context 
of the application.","\qt{Helmets and lunches\label{helmet_lunch}}
The scatterplot shows the 
relationship between socioeconomic status measured as the percentage of 
children in a neighborhood receiving reduced-fee lunches at school 
({\tt lunch}) and the percentage of bike riders in the neighborhood 
wearing helmets ({\tt helmet}). The average percentage of children 
receiving reduced-fee lunches is 30.8\% with a standard deviation 
of 26.7\% and the average percentage of bike riders wearing helmets 
is 38.8\% with a standard deviation of 16.9\%.

\noindent\begin{minipage}[c]{0.5\textwidth}
{\raggedright\begin{parts}
\item If the $R^2$ for the least-squares regression line for these 
data is $72\%$, what is the correlation between {\tt lunch} 
and {\tt helmet}?
\item Calculate the slope and intercept for the least-squares regression 
line for these data.
\item Interpret the intercept of the least-squares regression line in 
the context of the application.
\item Interpret the slope of the least-squares regression line in the 
context of the application.
\item What would the value of the residual be for a neighborhood where 
40\% of the children receive reduced-fee lunches and 40\% of the bike 
riders wear helmets? Interpret the meaning of this residual in the context 
of the application.
\end{parts}}
\end{minipage}
\begin{minipage}[c]{0.05\textwidth}
$\:$ \\
\end{minipage}
\begin{minipage}[c]{0.42\textwidth}
\begin{center}
\FigureFullPath[A scatterplot is shown with 12 points. The horizontal axis is for ""Rate of Receiving a Reduced-Fee Lunch"" and takes values between 0\% and 82\%. The vertical axis is for ""Rate of Wearing a Helmet"" and takes values between about 3\% and 58\%. Eight points have a reduced-fee lunch rate smaller than 25\%, and these points have helmet wearing rates between about 20\% and 58\%. Two points have a reduced-fee lunch rate of about 50\%, and these points have helmet wearing rates about 21\% and 22\%. Two points have a reduced-fee lunch rate of 75\% and 82\%, and these points have helmet wearing rates of 5\% and 3\%, respectively.]{}{ch_regr_simple_linear/figures/eoce/helmet_lunch/helmet_lunch} \\
\end{center}
\end{minipage}"
ch_regr_simple_linear_43_1,OpenIntro Statistics,ch_regr_simple_linear,43,7,1,"Match the correlation, Part III",correlation,"Match each correlation to the corresponding scatterplot.

minipage[c]0.17

minipage
minipage[c]0.83
0.245ch_regr_simple_linear/figures/eoce/match_corr_3/scatter_1
0.245ch_regr_simple_linear/figures/eoce/match_corr_3/scatter_2
0.245ch_regr_simple_linear/figures/eoce/match_corr_3/scatter_3
0.245ch_regr_simple_linear/figures/eoce/match_corr_3/scatter_4
minipage",$r = -0.72$,"Match the correlation, Part III

Match each correlation to the corresponding scatterplot.

minipage[c]0.17

minipage
minipage[c]0.83
0.245ch_regr_simple_linear/figures/eoce/match_corr_3/scatter_1
0.245ch_regr_simple_linear/figures/eoce/match_corr_3/scatter_2
0.245ch_regr_simple_linear/figures/eoce/match_corr_3/scatter_3
0.245ch_regr_simple_linear/figures/eoce/match_corr_3/scatter_4
minipage

$r = -0.72$","\qt{Match the correlation, Part III\label{match_corr_3}} 
Match each correlation to the corresponding scatterplot.

\noindent%
\begin{minipage}[c]{0.17\textwidth}
\begin{parts}
\item $r = -0.72$
\item $r = 0.07$ 
\item $r = 0.86$ 
\item $r = 0.99$
\end{parts}\vspace{3mm}
\end{minipage}%
\begin{minipage}[c]{0.83\textwidth}
\FigureFullPath[A scatterplot is shown. The left third of the data has values that range in the bottom half of the range in the vertical direction. The middle third of the data has values that mostly range in the middle 50\% of the vertical direction. The right third of the data has values that range in the upper half of the range in the vertical direction.]{0.245}{ch_regr_simple_linear/figures/eoce/match_corr_3/scatter_1}
\FigureFullPath[A scatterplot is shown. The pattern resembles an arch, where the left third of the arch has been cut off. The peak of this ""arch"" of data is about a third of the way into the horizontal range.]{0.245}{ch_regr_simple_linear/figures/eoce/match_corr_3/scatter_2}
\FigureFullPath[A scatterplot is shown, with what appears to be a stable upward trend in the data. If we were to imagine a line drawn against the data, the residuals would generally have a standard deviation equal to only about 5\% of the vertical range of the data. That is, the data would be very ""tightly packed"" around the regression line.]{0.245}{ch_regr_simple_linear/figures/eoce/match_corr_3/scatter_3}
\FigureFullPath[A scatterplot is shown. There is no clear pattern in the data when looking from left to right.]{0.245}{ch_regr_simple_linear/figures/eoce/match_corr_3/scatter_4}
\end{minipage}"
ch_regr_simple_linear_43_2,OpenIntro Statistics,ch_regr_simple_linear,43,7,2,"Match the correlation, Part III",correlation,"Match each correlation to the corresponding scatterplot.

minipage[c]0.17

minipage
minipage[c]0.83
0.245ch_regr_simple_linear/figures/eoce/match_corr_3/scatter_1
0.245ch_regr_simple_linear/figures/eoce/match_corr_3/scatter_2
0.245ch_regr_simple_linear/figures/eoce/match_corr_3/scatter_3
0.245ch_regr_simple_linear/figures/eoce/match_corr_3/scatter_4
minipage",$r = 0.07$,"Match the correlation, Part III

Match each correlation to the corresponding scatterplot.

minipage[c]0.17

minipage
minipage[c]0.83
0.245ch_regr_simple_linear/figures/eoce/match_corr_3/scatter_1
0.245ch_regr_simple_linear/figures/eoce/match_corr_3/scatter_2
0.245ch_regr_simple_linear/figures/eoce/match_corr_3/scatter_3
0.245ch_regr_simple_linear/figures/eoce/match_corr_3/scatter_4
minipage

$r = 0.07$","\qt{Match the correlation, Part III\label{match_corr_3}} 
Match each correlation to the corresponding scatterplot.

\noindent%
\begin{minipage}[c]{0.17\textwidth}
\begin{parts}
\item $r = -0.72$
\item $r = 0.07$ 
\item $r = 0.86$ 
\item $r = 0.99$
\end{parts}\vspace{3mm}
\end{minipage}%
\begin{minipage}[c]{0.83\textwidth}
\FigureFullPath[A scatterplot is shown. The left third of the data has values that range in the bottom half of the range in the vertical direction. The middle third of the data has values that mostly range in the middle 50\% of the vertical direction. The right third of the data has values that range in the upper half of the range in the vertical direction.]{0.245}{ch_regr_simple_linear/figures/eoce/match_corr_3/scatter_1}
\FigureFullPath[A scatterplot is shown. The pattern resembles an arch, where the left third of the arch has been cut off. The peak of this ""arch"" of data is about a third of the way into the horizontal range.]{0.245}{ch_regr_simple_linear/figures/eoce/match_corr_3/scatter_2}
\FigureFullPath[A scatterplot is shown, with what appears to be a stable upward trend in the data. If we were to imagine a line drawn against the data, the residuals would generally have a standard deviation equal to only about 5\% of the vertical range of the data. That is, the data would be very ""tightly packed"" around the regression line.]{0.245}{ch_regr_simple_linear/figures/eoce/match_corr_3/scatter_3}
\FigureFullPath[A scatterplot is shown. There is no clear pattern in the data when looking from left to right.]{0.245}{ch_regr_simple_linear/figures/eoce/match_corr_3/scatter_4}
\end{minipage}"
ch_regr_simple_linear_43_3,OpenIntro Statistics,ch_regr_simple_linear,43,7,3,"Match the correlation, Part III",correlation,"Match each correlation to the corresponding scatterplot.

minipage[c]0.17

minipage
minipage[c]0.83
0.245ch_regr_simple_linear/figures/eoce/match_corr_3/scatter_1
0.245ch_regr_simple_linear/figures/eoce/match_corr_3/scatter_2
0.245ch_regr_simple_linear/figures/eoce/match_corr_3/scatter_3
0.245ch_regr_simple_linear/figures/eoce/match_corr_3/scatter_4
minipage",$r = 0.86$,"Match the correlation, Part III

Match each correlation to the corresponding scatterplot.

minipage[c]0.17

minipage
minipage[c]0.83
0.245ch_regr_simple_linear/figures/eoce/match_corr_3/scatter_1
0.245ch_regr_simple_linear/figures/eoce/match_corr_3/scatter_2
0.245ch_regr_simple_linear/figures/eoce/match_corr_3/scatter_3
0.245ch_regr_simple_linear/figures/eoce/match_corr_3/scatter_4
minipage

$r = 0.86$","\qt{Match the correlation, Part III\label{match_corr_3}} 
Match each correlation to the corresponding scatterplot.

\noindent%
\begin{minipage}[c]{0.17\textwidth}
\begin{parts}
\item $r = -0.72$
\item $r = 0.07$ 
\item $r = 0.86$ 
\item $r = 0.99$
\end{parts}\vspace{3mm}
\end{minipage}%
\begin{minipage}[c]{0.83\textwidth}
\FigureFullPath[A scatterplot is shown. The left third of the data has values that range in the bottom half of the range in the vertical direction. The middle third of the data has values that mostly range in the middle 50\% of the vertical direction. The right third of the data has values that range in the upper half of the range in the vertical direction.]{0.245}{ch_regr_simple_linear/figures/eoce/match_corr_3/scatter_1}
\FigureFullPath[A scatterplot is shown. The pattern resembles an arch, where the left third of the arch has been cut off. The peak of this ""arch"" of data is about a third of the way into the horizontal range.]{0.245}{ch_regr_simple_linear/figures/eoce/match_corr_3/scatter_2}
\FigureFullPath[A scatterplot is shown, with what appears to be a stable upward trend in the data. If we were to imagine a line drawn against the data, the residuals would generally have a standard deviation equal to only about 5\% of the vertical range of the data. That is, the data would be very ""tightly packed"" around the regression line.]{0.245}{ch_regr_simple_linear/figures/eoce/match_corr_3/scatter_3}
\FigureFullPath[A scatterplot is shown. There is no clear pattern in the data when looking from left to right.]{0.245}{ch_regr_simple_linear/figures/eoce/match_corr_3/scatter_4}
\end{minipage}"
ch_regr_simple_linear_43_4,OpenIntro Statistics,ch_regr_simple_linear,43,7,4,"Match the correlation, Part III",correlation,"Match each correlation to the corresponding scatterplot.

minipage[c]0.17

minipage
minipage[c]0.83
0.245ch_regr_simple_linear/figures/eoce/match_corr_3/scatter_1
0.245ch_regr_simple_linear/figures/eoce/match_corr_3/scatter_2
0.245ch_regr_simple_linear/figures/eoce/match_corr_3/scatter_3
0.245ch_regr_simple_linear/figures/eoce/match_corr_3/scatter_4
minipage",$r = 0.99$,"Match the correlation, Part III

Match each correlation to the corresponding scatterplot.

minipage[c]0.17

minipage
minipage[c]0.83
0.245ch_regr_simple_linear/figures/eoce/match_corr_3/scatter_1
0.245ch_regr_simple_linear/figures/eoce/match_corr_3/scatter_2
0.245ch_regr_simple_linear/figures/eoce/match_corr_3/scatter_3
0.245ch_regr_simple_linear/figures/eoce/match_corr_3/scatter_4
minipage

$r = 0.99$","\qt{Match the correlation, Part III\label{match_corr_3}} 
Match each correlation to the corresponding scatterplot.

\noindent%
\begin{minipage}[c]{0.17\textwidth}
\begin{parts}
\item $r = -0.72$
\item $r = 0.07$ 
\item $r = 0.86$ 
\item $r = 0.99$
\end{parts}\vspace{3mm}
\end{minipage}%
\begin{minipage}[c]{0.83\textwidth}
\FigureFullPath[A scatterplot is shown. The left third of the data has values that range in the bottom half of the range in the vertical direction. The middle third of the data has values that mostly range in the middle 50\% of the vertical direction. The right third of the data has values that range in the upper half of the range in the vertical direction.]{0.245}{ch_regr_simple_linear/figures/eoce/match_corr_3/scatter_1}
\FigureFullPath[A scatterplot is shown. The pattern resembles an arch, where the left third of the arch has been cut off. The peak of this ""arch"" of data is about a third of the way into the horizontal range.]{0.245}{ch_regr_simple_linear/figures/eoce/match_corr_3/scatter_2}
\FigureFullPath[A scatterplot is shown, with what appears to be a stable upward trend in the data. If we were to imagine a line drawn against the data, the residuals would generally have a standard deviation equal to only about 5\% of the vertical range of the data. That is, the data would be very ""tightly packed"" around the regression line.]{0.245}{ch_regr_simple_linear/figures/eoce/match_corr_3/scatter_3}
\FigureFullPath[A scatterplot is shown. There is no clear pattern in the data when looking from left to right.]{0.245}{ch_regr_simple_linear/figures/eoce/match_corr_3/scatter_4}
\end{minipage}"
ch_regr_simple_linear_44_1,OpenIntro Statistics,ch_regr_simple_linear,44,8,1,Rate my professor,regression,"Many college courses conclude by giving students
the opportunity to evaluate the course and the
instructor anonymously.
However, the use of these student evaluations
as an indicator of course quality and teaching
effectiveness is often criticized because these
measures may reflect the influence of
non-teaching related characteristics,
such as the physical appearance of the instructor.
Researchers at University of Texas, Austin
collected data on teaching evaluation score
(higher score means better) and standardized
beauty score (a score of 0 means average, negative
score means below average, and a positive score
means above average) for a sample of 463
professors.[source: Hamermesh:2005]
The scatterplot below shows the relationship
between these variables, and regression output
is provided for predicting teaching evaluation
score from beauty score.

Table:
| Estimate | Std. Error | t value | Pr($>$$|$t$|$) | |
| --- | --- | --- | --- | --- |
| (Intercept) | 4.010 | 0.0255 | 157.21 | 0.0000 |
| beauty | white Cell 1 | 0.0322 | 4.13 | 0.0000 |

0.45

minipage
minipage[c]0.07
$\:$ 

minipage
minipage[c]0.45
ch_regr_simple_linear/figures/eoce/rate_my_prof/rate_my_prof_eval_beauty 

minipage

0.32ch_regr_simple_linear/figures/eoce/rate_my_prof/rate_my_prof_residuals
0.32ch_regr_simple_linear/figures/eoce/rate_my_prof/rate_my_prof_residuals_hist
0.32ch_regr_simple_linear/figures/eoce/rate_my_prof/rate_my_prof_residuals_order","Given that the average standardized beauty score
 is -0.0883 and average teaching evaluation score
 is 3.9983, calculate the slope.
 Alternatively, the slope may be computed using just
 the information provided in the model summary table.","Rate my professor

Many college courses conclude by giving students
the opportunity to evaluate the course and the
instructor anonymously.
However, the use of these student evaluations
as an indicator of course quality and teaching
effectiveness is often criticized because these
measures may reflect the influence of
non-teaching related characteristics,
such as the physical appearance of the instructor.
Researchers at University of Texas, Austin
collected data on teaching evaluation score
(higher score means better) and standardized
beauty score (a score of 0 means average, negative
score means below average, and a positive score
means above average) for a sample of 463
professors.[source: Hamermesh:2005]
The scatterplot below shows the relationship
between these variables, and regression output
is provided for predicting teaching evaluation
score from beauty score.

Table:
| Estimate | Std. Error | t value | Pr($>$$|$t$|$) | |
| --- | --- | --- | --- | --- |
| (Intercept) | 4.010 | 0.0255 | 157.21 | 0.0000 |
| beauty | white Cell 1 | 0.0322 | 4.13 | 0.0000 |

0.45

minipage
minipage[c]0.07
$\:$ 

minipage
minipage[c]0.45
ch_regr_simple_linear/figures/eoce/rate_my_prof/rate_my_prof_eval_beauty 

minipage

0.32ch_regr_simple_linear/figures/eoce/rate_my_prof/rate_my_prof_residuals
0.32ch_regr_simple_linear/figures/eoce/rate_my_prof/rate_my_prof_residuals_hist
0.32ch_regr_simple_linear/figures/eoce/rate_my_prof/rate_my_prof_residuals_order

Given that the average standardized beauty score
 is -0.0883 and average teaching evaluation score
 is 3.9983, calculate the slope.
 Alternatively, the slope may be computed using just
 the information provided in the model summary table.","\qt{Rate my professor\label{rate_my_prof}}
Many college courses conclude by giving students
the opportunity to evaluate the course and the
instructor anonymously.
However, the use of these student evaluations
as an indicator of course quality and teaching
effectiveness is often criticized because these
measures may reflect the influence of
non-teaching related characteristics,
such as the physical appearance of the instructor.
Researchers at University of Texas, Austin
collected data on teaching evaluation score
(higher score means better) and standardized
beauty score (a score of 0 means average, negative
score means below average, and a positive score
means above average) for a sample of 463
professors.\footfullcite{Hamermesh:2005}
The scatterplot below shows the relationship
between these variables, and regression output
is provided for predicting teaching evaluation
score from beauty score.
\begin{center}
\begin{tabular}{rrrrr}
    \hline
            & Estimate  & Std. Error    & t value   & Pr($>$$|$t$|$) \\ 
  \hline
(Intercept) & 4.010     & 0.0255        & 	157.21  & 0.0000 \\ 
beauty      &  \fbox{\textcolor{white}{{\footnotesize Cell 1}}}  
                        & 0.0322        & 4.13      & 0.0000\vspace{0.8mm} \\ 
   \hline
\end{tabular}
\end{center}
\noindent\begin{minipage}[c]{0.45\textwidth}
{\raggedright\begin{parts}
\item
    Given that the average standardized beauty score
    is -0.0883 and average teaching evaluation score
    is 3.9983, calculate the slope.
    Alternatively, the slope may be computed using just
    the information provided in the model summary table.
\item
    Do these data provide convincing evidence that the
    slope of the relationship between teaching evaluation
    and beauty is positive?
    Explain your reasoning.
\item
    List the conditions required for linear regression
    and check if each one is satisfied for this model
    based on the following diagnostic plots.
\end{parts}}
\end{minipage}
\begin{minipage}[c]{0.07\textwidth}
$\:$ \\
\end{minipage}
\begin{minipage}[c]{0.45\textwidth}
\FigureFullPath[A scatterplot is shown for several hundred points. The horizontal axis is for a ""Beauty"" score and takes values between -1.8 and positive 2. The vertical axis is for ""Teaching evaluation"" and takes values between 2 and 5. For beauty scores smaller than 0, the Teaching Evaluation scores range mostly between 2.5 and 4.8, with no obvious trend in this region of the data. For beauty scores between 0 and 1, the Teaching Evaluation scores range mostly between 3 and 4.7. For beauty scores between 1 and 2, the Teaching Evaluation scores range mostly between 3.2 and 4.8.]{}{ch_regr_simple_linear/figures/eoce/rate_my_prof/rate_my_prof_eval_beauty} \\
\end{minipage}
\begin{center}
\FigureFullPath[A residual plot is shown for several hundred points. The horizontal axis is for a ""Beauty"" score and takes values between -1.8 and positive 2. The vertical axis is for ""Residuals"" and takes values between -1.5 and positive 1. For beauty scores smaller than 0, the residuals range mostly between -1.2 and positive 1. For beauty scores between 0 and 1, the residuals range mostly between -1.2 and positive 0.8. For beauty scores between 1 and 2, which has somewhat fewer points, the residuals range mostly between -1.0 and positive 0.5.]{0.32}{ch_regr_simple_linear/figures/eoce/rate_my_prof/rate_my_prof_residuals}
\FigureFullPath[A histogram is shown for residuals, where bins range between -2 and 1.5. The distribution is centered at zero and very slightly skewed to the left.]{0.32}{ch_regr_simple_linear/figures/eoce/rate_my_prof/rate_my_prof_residuals_hist}
\FigureFullPath[A scatterplot is shown. The horizontal axis is for ""Order of data collection"" and takes values between 1 and about 450. The vertical axis is for ""Residuals"" and takes values between about -1.5 and positive 1. The residuals mostly lie between -1.2 and 0.9 across the range with no discernible pattern.]{0.32}{ch_regr_simple_linear/figures/eoce/rate_my_prof/rate_my_prof_residuals_order}
\end{center}"
ch_regr_simple_linear_44_2,OpenIntro Statistics,ch_regr_simple_linear,44,8,2,Rate my professor,regression,"Many college courses conclude by giving students
the opportunity to evaluate the course and the
instructor anonymously.
However, the use of these student evaluations
as an indicator of course quality and teaching
effectiveness is often criticized because these
measures may reflect the influence of
non-teaching related characteristics,
such as the physical appearance of the instructor.
Researchers at University of Texas, Austin
collected data on teaching evaluation score
(higher score means better) and standardized
beauty score (a score of 0 means average, negative
score means below average, and a positive score
means above average) for a sample of 463
professors.[source: Hamermesh:2005]
The scatterplot below shows the relationship
between these variables, and regression output
is provided for predicting teaching evaluation
score from beauty score.

Table:
| Estimate | Std. Error | t value | Pr($>$$|$t$|$) | |
| --- | --- | --- | --- | --- |
| (Intercept) | 4.010 | 0.0255 | 157.21 | 0.0000 |
| beauty | white Cell 1 | 0.0322 | 4.13 | 0.0000 |

0.45

minipage
minipage[c]0.07
$\:$ 

minipage
minipage[c]0.45
ch_regr_simple_linear/figures/eoce/rate_my_prof/rate_my_prof_eval_beauty 

minipage

0.32ch_regr_simple_linear/figures/eoce/rate_my_prof/rate_my_prof_residuals
0.32ch_regr_simple_linear/figures/eoce/rate_my_prof/rate_my_prof_residuals_hist
0.32ch_regr_simple_linear/figures/eoce/rate_my_prof/rate_my_prof_residuals_order","Do these data provide convincing evidence that the
 slope of the relationship between teaching evaluation
 and beauty is positive?
 Explain your reasoning.","Rate my professor

Many college courses conclude by giving students
the opportunity to evaluate the course and the
instructor anonymously.
However, the use of these student evaluations
as an indicator of course quality and teaching
effectiveness is often criticized because these
measures may reflect the influence of
non-teaching related characteristics,
such as the physical appearance of the instructor.
Researchers at University of Texas, Austin
collected data on teaching evaluation score
(higher score means better) and standardized
beauty score (a score of 0 means average, negative
score means below average, and a positive score
means above average) for a sample of 463
professors.[source: Hamermesh:2005]
The scatterplot below shows the relationship
between these variables, and regression output
is provided for predicting teaching evaluation
score from beauty score.

Table:
| Estimate | Std. Error | t value | Pr($>$$|$t$|$) | |
| --- | --- | --- | --- | --- |
| (Intercept) | 4.010 | 0.0255 | 157.21 | 0.0000 |
| beauty | white Cell 1 | 0.0322 | 4.13 | 0.0000 |

0.45

minipage
minipage[c]0.07
$\:$ 

minipage
minipage[c]0.45
ch_regr_simple_linear/figures/eoce/rate_my_prof/rate_my_prof_eval_beauty 

minipage

0.32ch_regr_simple_linear/figures/eoce/rate_my_prof/rate_my_prof_residuals
0.32ch_regr_simple_linear/figures/eoce/rate_my_prof/rate_my_prof_residuals_hist
0.32ch_regr_simple_linear/figures/eoce/rate_my_prof/rate_my_prof_residuals_order

Do these data provide convincing evidence that the
 slope of the relationship between teaching evaluation
 and beauty is positive?
 Explain your reasoning.","\qt{Rate my professor\label{rate_my_prof}}
Many college courses conclude by giving students
the opportunity to evaluate the course and the
instructor anonymously.
However, the use of these student evaluations
as an indicator of course quality and teaching
effectiveness is often criticized because these
measures may reflect the influence of
non-teaching related characteristics,
such as the physical appearance of the instructor.
Researchers at University of Texas, Austin
collected data on teaching evaluation score
(higher score means better) and standardized
beauty score (a score of 0 means average, negative
score means below average, and a positive score
means above average) for a sample of 463
professors.\footfullcite{Hamermesh:2005}
The scatterplot below shows the relationship
between these variables, and regression output
is provided for predicting teaching evaluation
score from beauty score.
\begin{center}
\begin{tabular}{rrrrr}
    \hline
            & Estimate  & Std. Error    & t value   & Pr($>$$|$t$|$) \\ 
  \hline
(Intercept) & 4.010     & 0.0255        & 	157.21  & 0.0000 \\ 
beauty      &  \fbox{\textcolor{white}{{\footnotesize Cell 1}}}  
                        & 0.0322        & 4.13      & 0.0000\vspace{0.8mm} \\ 
   \hline
\end{tabular}
\end{center}
\noindent\begin{minipage}[c]{0.45\textwidth}
{\raggedright\begin{parts}
\item
    Given that the average standardized beauty score
    is -0.0883 and average teaching evaluation score
    is 3.9983, calculate the slope.
    Alternatively, the slope may be computed using just
    the information provided in the model summary table.
\item
    Do these data provide convincing evidence that the
    slope of the relationship between teaching evaluation
    and beauty is positive?
    Explain your reasoning.
\item
    List the conditions required for linear regression
    and check if each one is satisfied for this model
    based on the following diagnostic plots.
\end{parts}}
\end{minipage}
\begin{minipage}[c]{0.07\textwidth}
$\:$ \\
\end{minipage}
\begin{minipage}[c]{0.45\textwidth}
\FigureFullPath[A scatterplot is shown for several hundred points. The horizontal axis is for a ""Beauty"" score and takes values between -1.8 and positive 2. The vertical axis is for ""Teaching evaluation"" and takes values between 2 and 5. For beauty scores smaller than 0, the Teaching Evaluation scores range mostly between 2.5 and 4.8, with no obvious trend in this region of the data. For beauty scores between 0 and 1, the Teaching Evaluation scores range mostly between 3 and 4.7. For beauty scores between 1 and 2, the Teaching Evaluation scores range mostly between 3.2 and 4.8.]{}{ch_regr_simple_linear/figures/eoce/rate_my_prof/rate_my_prof_eval_beauty} \\
\end{minipage}
\begin{center}
\FigureFullPath[A residual plot is shown for several hundred points. The horizontal axis is for a ""Beauty"" score and takes values between -1.8 and positive 2. The vertical axis is for ""Residuals"" and takes values between -1.5 and positive 1. For beauty scores smaller than 0, the residuals range mostly between -1.2 and positive 1. For beauty scores between 0 and 1, the residuals range mostly between -1.2 and positive 0.8. For beauty scores between 1 and 2, which has somewhat fewer points, the residuals range mostly between -1.0 and positive 0.5.]{0.32}{ch_regr_simple_linear/figures/eoce/rate_my_prof/rate_my_prof_residuals}
\FigureFullPath[A histogram is shown for residuals, where bins range between -2 and 1.5. The distribution is centered at zero and very slightly skewed to the left.]{0.32}{ch_regr_simple_linear/figures/eoce/rate_my_prof/rate_my_prof_residuals_hist}
\FigureFullPath[A scatterplot is shown. The horizontal axis is for ""Order of data collection"" and takes values between 1 and about 450. The vertical axis is for ""Residuals"" and takes values between about -1.5 and positive 1. The residuals mostly lie between -1.2 and 0.9 across the range with no discernible pattern.]{0.32}{ch_regr_simple_linear/figures/eoce/rate_my_prof/rate_my_prof_residuals_order}
\end{center}"
ch_regr_simple_linear_44_3,OpenIntro Statistics,ch_regr_simple_linear,44,8,3,Rate my professor,regression,"Many college courses conclude by giving students
the opportunity to evaluate the course and the
instructor anonymously.
However, the use of these student evaluations
as an indicator of course quality and teaching
effectiveness is often criticized because these
measures may reflect the influence of
non-teaching related characteristics,
such as the physical appearance of the instructor.
Researchers at University of Texas, Austin
collected data on teaching evaluation score
(higher score means better) and standardized
beauty score (a score of 0 means average, negative
score means below average, and a positive score
means above average) for a sample of 463
professors.[source: Hamermesh:2005]
The scatterplot below shows the relationship
between these variables, and regression output
is provided for predicting teaching evaluation
score from beauty score.

Table:
| Estimate | Std. Error | t value | Pr($>$$|$t$|$) | |
| --- | --- | --- | --- | --- |
| (Intercept) | 4.010 | 0.0255 | 157.21 | 0.0000 |
| beauty | white Cell 1 | 0.0322 | 4.13 | 0.0000 |

0.45

minipage
minipage[c]0.07
$\:$ 

minipage
minipage[c]0.45
ch_regr_simple_linear/figures/eoce/rate_my_prof/rate_my_prof_eval_beauty 

minipage

0.32ch_regr_simple_linear/figures/eoce/rate_my_prof/rate_my_prof_residuals
0.32ch_regr_simple_linear/figures/eoce/rate_my_prof/rate_my_prof_residuals_hist
0.32ch_regr_simple_linear/figures/eoce/rate_my_prof/rate_my_prof_residuals_order","List the conditions required for linear regression
 and check if each one is satisfied for this model
 based on the following diagnostic plots.","Rate my professor

Many college courses conclude by giving students
the opportunity to evaluate the course and the
instructor anonymously.
However, the use of these student evaluations
as an indicator of course quality and teaching
effectiveness is often criticized because these
measures may reflect the influence of
non-teaching related characteristics,
such as the physical appearance of the instructor.
Researchers at University of Texas, Austin
collected data on teaching evaluation score
(higher score means better) and standardized
beauty score (a score of 0 means average, negative
score means below average, and a positive score
means above average) for a sample of 463
professors.[source: Hamermesh:2005]
The scatterplot below shows the relationship
between these variables, and regression output
is provided for predicting teaching evaluation
score from beauty score.

Table:
| Estimate | Std. Error | t value | Pr($>$$|$t$|$) | |
| --- | --- | --- | --- | --- |
| (Intercept) | 4.010 | 0.0255 | 157.21 | 0.0000 |
| beauty | white Cell 1 | 0.0322 | 4.13 | 0.0000 |

0.45

minipage
minipage[c]0.07
$\:$ 

minipage
minipage[c]0.45
ch_regr_simple_linear/figures/eoce/rate_my_prof/rate_my_prof_eval_beauty 

minipage

0.32ch_regr_simple_linear/figures/eoce/rate_my_prof/rate_my_prof_residuals
0.32ch_regr_simple_linear/figures/eoce/rate_my_prof/rate_my_prof_residuals_hist
0.32ch_regr_simple_linear/figures/eoce/rate_my_prof/rate_my_prof_residuals_order

List the conditions required for linear regression
 and check if each one is satisfied for this model
 based on the following diagnostic plots.","\qt{Rate my professor\label{rate_my_prof}}
Many college courses conclude by giving students
the opportunity to evaluate the course and the
instructor anonymously.
However, the use of these student evaluations
as an indicator of course quality and teaching
effectiveness is often criticized because these
measures may reflect the influence of
non-teaching related characteristics,
such as the physical appearance of the instructor.
Researchers at University of Texas, Austin
collected data on teaching evaluation score
(higher score means better) and standardized
beauty score (a score of 0 means average, negative
score means below average, and a positive score
means above average) for a sample of 463
professors.\footfullcite{Hamermesh:2005}
The scatterplot below shows the relationship
between these variables, and regression output
is provided for predicting teaching evaluation
score from beauty score.
\begin{center}
\begin{tabular}{rrrrr}
    \hline
            & Estimate  & Std. Error    & t value   & Pr($>$$|$t$|$) \\ 
  \hline
(Intercept) & 4.010     & 0.0255        & 	157.21  & 0.0000 \\ 
beauty      &  \fbox{\textcolor{white}{{\footnotesize Cell 1}}}  
                        & 0.0322        & 4.13      & 0.0000\vspace{0.8mm} \\ 
   \hline
\end{tabular}
\end{center}
\noindent\begin{minipage}[c]{0.45\textwidth}
{\raggedright\begin{parts}
\item
    Given that the average standardized beauty score
    is -0.0883 and average teaching evaluation score
    is 3.9983, calculate the slope.
    Alternatively, the slope may be computed using just
    the information provided in the model summary table.
\item
    Do these data provide convincing evidence that the
    slope of the relationship between teaching evaluation
    and beauty is positive?
    Explain your reasoning.
\item
    List the conditions required for linear regression
    and check if each one is satisfied for this model
    based on the following diagnostic plots.
\end{parts}}
\end{minipage}
\begin{minipage}[c]{0.07\textwidth}
$\:$ \\
\end{minipage}
\begin{minipage}[c]{0.45\textwidth}
\FigureFullPath[A scatterplot is shown for several hundred points. The horizontal axis is for a ""Beauty"" score and takes values between -1.8 and positive 2. The vertical axis is for ""Teaching evaluation"" and takes values between 2 and 5. For beauty scores smaller than 0, the Teaching Evaluation scores range mostly between 2.5 and 4.8, with no obvious trend in this region of the data. For beauty scores between 0 and 1, the Teaching Evaluation scores range mostly between 3 and 4.7. For beauty scores between 1 and 2, the Teaching Evaluation scores range mostly between 3.2 and 4.8.]{}{ch_regr_simple_linear/figures/eoce/rate_my_prof/rate_my_prof_eval_beauty} \\
\end{minipage}
\begin{center}
\FigureFullPath[A residual plot is shown for several hundred points. The horizontal axis is for a ""Beauty"" score and takes values between -1.8 and positive 2. The vertical axis is for ""Residuals"" and takes values between -1.5 and positive 1. For beauty scores smaller than 0, the residuals range mostly between -1.2 and positive 1. For beauty scores between 0 and 1, the residuals range mostly between -1.2 and positive 0.8. For beauty scores between 1 and 2, which has somewhat fewer points, the residuals range mostly between -1.0 and positive 0.5.]{0.32}{ch_regr_simple_linear/figures/eoce/rate_my_prof/rate_my_prof_residuals}
\FigureFullPath[A histogram is shown for residuals, where bins range between -2 and 1.5. The distribution is centered at zero and very slightly skewed to the left.]{0.32}{ch_regr_simple_linear/figures/eoce/rate_my_prof/rate_my_prof_residuals_hist}
\FigureFullPath[A scatterplot is shown. The horizontal axis is for ""Order of data collection"" and takes values between 1 and about 450. The vertical axis is for ""Residuals"" and takes values between about -1.5 and positive 1. The residuals mostly lie between -1.2 and 0.9 across the range with no discernible pattern.]{0.32}{ch_regr_simple_linear/figures/eoce/rate_my_prof/rate_my_prof_residuals_order}
\end{center}"
ch_summarizing_data_27_1,OpenIntro Statistics,ch_summarizing_data,27,1,1,Make-up exam,mean_variance,"In a class of 25 students, 24 of them took an exam 
in class and 1 student took a make-up exam the following day. The professor graded the 
first batch of 24 exams and found an average score of 74 points with a standard 
deviation of 8.9 points. The student who took the make-up the following day scored 64 
points on the exam.",Does the new student's score increase or decrease the average score?,"Make-up exam

In a class of 25 students, 24 of them took an exam 
in class and 1 student took a make-up exam the following day. The professor graded the 
first batch of 24 exams and found an average score of 74 points with a standard 
deviation of 8.9 points. The student who took the make-up the following day scored 64 
points on the exam.

Does the new student's score increase or decrease the average score?","\qt{Make-up exam\label{makeup_exam}} In a class of 25 students, 24 of them took an exam 
in class and 1 student took a make-up exam the following day. The professor graded the 
first batch of 24 exams and found an average score of 74 points with a standard 
deviation of 8.9 points. The student who took the make-up the following day scored 64 
points on the exam.
\begin{parts}
\item Does the new student's score increase or decrease the average score?
\item What is the new average?
\item Does the new student's score increase or decrease the standard deviation of the 
scores?
\end{parts}"
ch_summarizing_data_27_2,OpenIntro Statistics,ch_summarizing_data,27,1,2,Make-up exam,mean_variance,"In a class of 25 students, 24 of them took an exam 
in class and 1 student took a make-up exam the following day. The professor graded the 
first batch of 24 exams and found an average score of 74 points with a standard 
deviation of 8.9 points. The student who took the make-up the following day scored 64 
points on the exam.",What is the new average?,"Make-up exam

In a class of 25 students, 24 of them took an exam 
in class and 1 student took a make-up exam the following day. The professor graded the 
first batch of 24 exams and found an average score of 74 points with a standard 
deviation of 8.9 points. The student who took the make-up the following day scored 64 
points on the exam.

What is the new average?","\qt{Make-up exam\label{makeup_exam}} In a class of 25 students, 24 of them took an exam 
in class and 1 student took a make-up exam the following day. The professor graded the 
first batch of 24 exams and found an average score of 74 points with a standard 
deviation of 8.9 points. The student who took the make-up the following day scored 64 
points on the exam.
\begin{parts}
\item Does the new student's score increase or decrease the average score?
\item What is the new average?
\item Does the new student's score increase or decrease the standard deviation of the 
scores?
\end{parts}"
ch_summarizing_data_27_3,OpenIntro Statistics,ch_summarizing_data,27,1,3,Make-up exam,mean_variance,"In a class of 25 students, 24 of them took an exam 
in class and 1 student took a make-up exam the following day. The professor graded the 
first batch of 24 exams and found an average score of 74 points with a standard 
deviation of 8.9 points. The student who took the make-up the following day scored 64 
points on the exam.","Does the new student's score increase or decrease the standard deviation of the 
scores?","Make-up exam

In a class of 25 students, 24 of them took an exam 
in class and 1 student took a make-up exam the following day. The professor graded the 
first batch of 24 exams and found an average score of 74 points with a standard 
deviation of 8.9 points. The student who took the make-up the following day scored 64 
points on the exam.

Does the new student's score increase or decrease the standard deviation of the 
scores?","\qt{Make-up exam\label{makeup_exam}} In a class of 25 students, 24 of them took an exam 
in class and 1 student took a make-up exam the following day. The professor graded the 
first batch of 24 exams and found an average score of 74 points with a standard 
deviation of 8.9 points. The student who took the make-up the following day scored 64 
points on the exam.
\begin{parts}
\item Does the new student's score increase or decrease the average score?
\item What is the new average?
\item Does the new student's score increase or decrease the standard deviation of the 
scores?
\end{parts}"
ch_summarizing_data_28_1,OpenIntro Statistics,ch_summarizing_data,28,2,1,Infant mortality,distribution,"The infant mortality rate is defined as 
the number of infant deaths per 1,000 live births. This rate is often used as an 
indicator of the level of health in a country. The relative frequency histogram below 
shows the distribution of estimated infant death rates for 224 countries for which such 
data were available in 2014. 
[source: data:ciaFactbook]

0.43
 \
minipage
minipage[c]0.52

0.85eoce/infant_mortality_rel_freqinfant_mortality_rel_freq_hist
minipage","Estimate Q1, the median, and Q3 from the histogram.","Infant mortality

The infant mortality rate is defined as 
the number of infant deaths per 1,000 live births. This rate is often used as an 
indicator of the level of health in a country. The relative frequency histogram below 
shows the distribution of estimated infant death rates for 224 countries for which such 
data were available in 2014. 
[source: data:ciaFactbook]

0.43
 \
minipage
minipage[c]0.52

0.85eoce/infant_mortality_rel_freqinfant_mortality_rel_freq_hist
minipage

Estimate Q1, the median, and Q3 from the histogram.","\qt{Infant mortality\label{infant_mortality}} The infant mortality rate is defined as 
the number of infant deaths per 1,000 live births. This rate is often used as an 
indicator of the level of health in a country. The relative frequency histogram below 
shows the distribution of estimated infant death rates for 224 countries for which such 
data were available in 2014. 
\footfullcite{data:ciaFactbook}

\noindent\begin{minipage}[c]{0.43\textwidth}
\begin{parts}
\item Estimate Q1, the median, and Q3 from the histogram.
\item Would you expect the mean of this data set to be smaller or larger than the 
median? Explain your reasoning.
\end{parts} \vfill \
\end{minipage}
\begin{minipage}[c]{0.52\textwidth}
\hfill%
\Figures[A histogram is shown for the variable ""Infant Mortality (per 1000 live births)"" with axis range of 0 to 120. The histogram vertical axis is for ""Fraction of Countries"" and runs from 0 to 0.4. The bins are as follows: the 0 to 10 bin has a height of 0.38, 10 to 20 has a height of 0.22, 20 to 30 a height of 0.11, 30 to 40 a height of 0.06, 40 to 50 a height of 0.07, 50 to 60 a height of 0.08, 60 to 70 a height of 0.04, 70 to 80 a height of 0.03, 80 to 90 a height of 0.01, 90 to 100 a height of 0.02, and 100 to 110 a height of 0.01.]{0.85}{eoce/infant_mortality_rel_freq}{infant_mortality_rel_freq_hist}
\end{minipage}"
ch_summarizing_data_28_2,OpenIntro Statistics,ch_summarizing_data,28,2,2,Infant mortality,distribution,"The infant mortality rate is defined as 
the number of infant deaths per 1,000 live births. This rate is often used as an 
indicator of the level of health in a country. The relative frequency histogram below 
shows the distribution of estimated infant death rates for 224 countries for which such 
data were available in 2014. 
[source: data:ciaFactbook]

0.43
 \
minipage
minipage[c]0.52

0.85eoce/infant_mortality_rel_freqinfant_mortality_rel_freq_hist
minipage","Would you expect the mean of this data set to be smaller or larger than the 
median? Explain your reasoning.","Infant mortality

The infant mortality rate is defined as 
the number of infant deaths per 1,000 live births. This rate is often used as an 
indicator of the level of health in a country. The relative frequency histogram below 
shows the distribution of estimated infant death rates for 224 countries for which such 
data were available in 2014. 
[source: data:ciaFactbook]

0.43
 \
minipage
minipage[c]0.52

0.85eoce/infant_mortality_rel_freqinfant_mortality_rel_freq_hist
minipage

Would you expect the mean of this data set to be smaller or larger than the 
median? Explain your reasoning.","\qt{Infant mortality\label{infant_mortality}} The infant mortality rate is defined as 
the number of infant deaths per 1,000 live births. This rate is often used as an 
indicator of the level of health in a country. The relative frequency histogram below 
shows the distribution of estimated infant death rates for 224 countries for which such 
data were available in 2014. 
\footfullcite{data:ciaFactbook}

\noindent\begin{minipage}[c]{0.43\textwidth}
\begin{parts}
\item Estimate Q1, the median, and Q3 from the histogram.
\item Would you expect the mean of this data set to be smaller or larger than the 
median? Explain your reasoning.
\end{parts} \vfill \
\end{minipage}
\begin{minipage}[c]{0.52\textwidth}
\hfill%
\Figures[A histogram is shown for the variable ""Infant Mortality (per 1000 live births)"" with axis range of 0 to 120. The histogram vertical axis is for ""Fraction of Countries"" and runs from 0 to 0.4. The bins are as follows: the 0 to 10 bin has a height of 0.38, 10 to 20 has a height of 0.22, 20 to 30 a height of 0.11, 30 to 40 a height of 0.06, 40 to 50 a height of 0.07, 50 to 60 a height of 0.08, 60 to 70 a height of 0.04, 70 to 80 a height of 0.03, 80 to 90 a height of 0.01, 90 to 100 a height of 0.02, and 100 to 110 a height of 0.01.]{0.85}{eoce/infant_mortality_rel_freq}{infant_mortality_rel_freq_hist}
\end{minipage}"
ch_summarizing_data_29,OpenIntro Statistics,ch_summarizing_data,29,3,,TV watchers,distribution,"Students in an AP Statistics class 
were asked how many hours of television they watch per week (including online 
streaming). This sample yielded an average of 4.71 hours, with a standard 
deviation of 4.18 hours. Is the distribution of number of hours students watch 
television weekly symmetric? If not, what shape would you expect this distribution 
to have? Explain your reasoning.",,"TV watchers

Students in an AP Statistics class 
were asked how many hours of television they watch per week (including online 
streaming). This sample yielded an average of 4.71 hours, with a standard 
deviation of 4.18 hours. Is the distribution of number of hours students watch 
television weekly symmetric? If not, what shape would you expect this distribution 
to have? Explain your reasoning.","\qt{TV watchers\label{dist_shape_TV_watchers}} Students in an AP Statistics class 
were asked how many hours of television they watch per week (including online 
streaming). This sample yielded an average of 4.71 hours, with a standard 
deviation of 4.18 hours. Is the distribution of number of hours students watch 
television weekly symmetric? If not, what shape would you expect this distribution 
to have? Explain your reasoning."
ch_summarizing_data_30_1,OpenIntro Statistics,ch_summarizing_data,30,4,1,A new statistic,distribution,"The statistic $xmedian$ can 
be used as a measure of skewness. Suppose we have a distribution where all 
observations are greater than 0, $x_i > 0$. What is the expected shape of 
the distribution under the following conditions? Explain your reasoning.",$xmedian = 1$,"A new statistic

The statistic $xmedian$ can 
be used as a measure of skewness. Suppose we have a distribution where all 
observations are greater than 0, $x_i > 0$. What is the expected shape of 
the distribution under the following conditions? Explain your reasoning.

$xmedian = 1$","\qt{A new statistic\label{new_stat}} The statistic $\frac{\bar{x}}{median}$ can 
be used as a measure of skewness. Suppose we have a distribution where all 
observations are greater than 0, $x_i > 0$. What is the expected shape of 
the distribution under the following conditions? Explain your reasoning.
\begin{parts}
\item $\frac{\bar{x}}{median} = 1$
\item $\frac{\bar{x}}{median} < 1$
\item $\frac{\bar{x}}{median} > 1$
\end{parts}"
ch_summarizing_data_30_2,OpenIntro Statistics,ch_summarizing_data,30,4,2,A new statistic,distribution,"The statistic $xmedian$ can 
be used as a measure of skewness. Suppose we have a distribution where all 
observations are greater than 0, $x_i > 0$. What is the expected shape of 
the distribution under the following conditions? Explain your reasoning.",$xmedian < 1$,"A new statistic

The statistic $xmedian$ can 
be used as a measure of skewness. Suppose we have a distribution where all 
observations are greater than 0, $x_i > 0$. What is the expected shape of 
the distribution under the following conditions? Explain your reasoning.

$xmedian < 1$","\qt{A new statistic\label{new_stat}} The statistic $\frac{\bar{x}}{median}$ can 
be used as a measure of skewness. Suppose we have a distribution where all 
observations are greater than 0, $x_i > 0$. What is the expected shape of 
the distribution under the following conditions? Explain your reasoning.
\begin{parts}
\item $\frac{\bar{x}}{median} = 1$
\item $\frac{\bar{x}}{median} < 1$
\item $\frac{\bar{x}}{median} > 1$
\end{parts}"
ch_summarizing_data_30_3,OpenIntro Statistics,ch_summarizing_data,30,4,3,A new statistic,distribution,"The statistic $xmedian$ can 
be used as a measure of skewness. Suppose we have a distribution where all 
observations are greater than 0, $x_i > 0$. What is the expected shape of 
the distribution under the following conditions? Explain your reasoning.",$xmedian > 1$,"A new statistic

The statistic $xmedian$ can 
be used as a measure of skewness. Suppose we have a distribution where all 
observations are greater than 0, $x_i > 0$. What is the expected shape of 
the distribution under the following conditions? Explain your reasoning.

$xmedian > 1$","\qt{A new statistic\label{new_stat}} The statistic $\frac{\bar{x}}{median}$ can 
be used as a measure of skewness. Suppose we have a distribution where all 
observations are greater than 0, $x_i > 0$. What is the expected shape of 
the distribution under the following conditions? Explain your reasoning.
\begin{parts}
\item $\frac{\bar{x}}{median} = 1$
\item $\frac{\bar{x}}{median} < 1$
\item $\frac{\bar{x}}{median} > 1$
\end{parts}"
ch_summarizing_data_31,OpenIntro Statistics,ch_summarizing_data,31,5,,Oscar winners,distribution,"The first Oscar awards for best actor 
and best actress were given out in 1929. The histograms below show the age 
distribution for all of the best actor and best actress winners from 1929 to 
2018. Summary statistics for these distributions are also provided. Compare the 
distributions of ages of best actor and actress winners.[source: data:oscars] 

minipage[c]0.72

0.95eoce/oscar_winnersoscars_winners_hist

minipage
minipage[c]0.27

Table:
| Best Actress | |
| --- | --- |
| Mean | 36.2 |
| SD | 11.9 |
| n | 92 |
| Best Actor | |
| Mean | 43.8 |
| SD | 8.83 |
| n | 92 |

minipage",,"Oscar winners

The first Oscar awards for best actor 
and best actress were given out in 1929. The histograms below show the age 
distribution for all of the best actor and best actress winners from 1929 to 
2018. Summary statistics for these distributions are also provided. Compare the 
distributions of ages of best actor and actress winners.[source: data:oscars] 

minipage[c]0.72

0.95eoce/oscar_winnersoscars_winners_hist

minipage
minipage[c]0.27

Table:
| Best Actress | |
| --- | --- |
| Mean | 36.2 |
| SD | 11.9 |
| n | 92 |
| Best Actor | |
| Mean | 43.8 |
| SD | 8.83 |
| n | 92 |

minipage","\qt{Oscar winners\label{oscar_winners}} The first Oscar awards for best actor 
and best actress were given out in 1929. The histograms below show the age 
distribution for all of the best actor and best actress winners from 1929 to 
2018. Summary statistics for these distributions are also provided. Compare the 
distributions of ages of best actor and actress winners.\footfullcite{data:oscars} \\
\begin{minipage}[c]{0.72\textwidth}
\begin{center}
\Figures[Two histograms are shown, one for ""Best Actress"" and a second for ""Best Actor"", where values for the histogram range from 15 to 85. The heights of the bins or the Best Actress histogram are as follows: the bin of 15 to 25 has a height of 9, the 25 to 35 bin has a height of 50, 35 to 45 a height of 19, 45 to 55 a height of 6, 55 to 65 a height of 8, 65 to 75 a height of 1, and 75 to 85 a height of 1. The heights of the bins or the Best Actress histogram are as follows: the bin of 15 to 25 has a height of 0, the 25 to 35 bin has a height of 14, 35 to 45 a height of 45, 45 to 55 a height of 23, 55 to 65 a height of 11, 65 to 75 a height of 0, and 75 to 85 a height of 1.]{0.95}{eoce/oscar_winners}{oscars_winners_hist}
\end{center}
\end{minipage}
\begin{minipage}[c]{0.27\textwidth}
{\small
\begin{tabular}{l c}
\hline
        & Best Actress  \\
\hline
Mean    & 36.2      \\
SD      & 11.9      \\
n       & 92        \\  
        & \\
        & \\
        & \\
        & \\
        & \\
\hline
        & Best Actor \\
\hline
Mean    & 43.8 \\
SD      & 8.83 \\
n       & 92
\end{tabular}
}
\end{minipage}"
ch_summarizing_data_32,OpenIntro Statistics,ch_summarizing_data,32,6,,Exam scores,distribution,"The average on a history exam 
(scored out of 100 points) was 85, with a standard deviation of 15. Is the 
distribution of the scores on this exam symmetric? If not, what shape would 
you expect this distribution to have? Explain your reasoning.",,"Exam scores

The average on a history exam 
(scored out of 100 points) was 85, with a standard deviation of 15. Is the 
distribution of the scores on this exam symmetric? If not, what shape would 
you expect this distribution to have? Explain your reasoning.","\qt{Exam scores\label{dist_shape_exam_scores}} The average on a history exam 
(scored out of 100 points) was 85, with a standard deviation of 15. Is the 
distribution of the scores on this exam symmetric? If not, what shape would 
you expect this distribution to have? Explain your reasoning."
ch_summarizing_data_33,OpenIntro Statistics,ch_summarizing_data,33,7,,Stats scores,distribution,"Below are the final exam scores of twenty 
introductory statistics students.

57, 66, 69, 71, 72, 73, 74, 77, 78, 78, 79, 79, 81, 81, 82, 83, 83, 88, 89, 94

Create a box plot of the distribution of these scores. The five number summary provided below may be useful.

1.5

Table:
| Min | Q1 | Q2 (Median) | Q3 | Max |
| --- | --- | --- | --- | --- |
| 57 | 72.5 | 78.5 | 82.5 | 94 |",,"Stats scores

Below are the final exam scores of twenty 
introductory statistics students.

57, 66, 69, 71, 72, 73, 74, 77, 78, 78, 79, 79, 81, 81, 82, 83, 83, 88, 89, 94

Create a box plot of the distribution of these scores. The five number summary provided below may be useful.

1.5

Table:
| Min | Q1 | Q2 (Median) | Q3 | Max |
| --- | --- | --- | --- | --- |
| 57 | 72.5 | 78.5 | 82.5 | 94 |","\qt{Stats scores\label{stats_scores_box}} Below are the final exam scores of twenty 
introductory statistics students.
\begin{center}
57, 66, 69, 71, 72, 73, 74, 77, 78, 78, 79, 79, 81, 81, 82, 83, 83, 88, 89, 94
\end{center}
Create a box plot of the distribution of these scores. The five number summary provided below may be useful.
\begin{center}
\renewcommand\arraystretch{1.5}
\begin{tabular}{ccccc}
Min & Q1    & Q2 (Median)   & Q3    & Max \\
\hline
57  & 72.5  & 78.5          & 82.5  & 94 \\
\end{tabular}
\end{center}"
ch_summarizing_data_34_1,OpenIntro Statistics,ch_summarizing_data,34,8,1,Marathon winners,distribution,"The histogram and box plots below show the distribution of finishing times in hours for male and female winners of the New York Marathon between 1970 and 1999.

0.56eoce/marathon_winnersmarathon_winners_hist_box

0.6eoce/marathon_winnersmarathon_winners_time_series",What features of the distribution are apparent in the histogram and not the box plot? What features are apparent in the box plot but not in the histogram?,"Marathon winners

The histogram and box plots below show the distribution of finishing times in hours for male and female winners of the New York Marathon between 1970 and 1999.

0.56eoce/marathon_winnersmarathon_winners_hist_box

0.6eoce/marathon_winnersmarathon_winners_time_series

What features of the distribution are apparent in the histogram and not the box plot? What features are apparent in the box plot but not in the histogram?","\qt{Marathon winners\label{marathon_winners}} The histogram and box plots below show the distribution of finishing times in hours for male and female winners of the New York Marathon between 1970 and 1999.
\begin{center}
\Figures[Two plots are shown, one that is a histogram and one that is a box plot, where the range of data for each is from 2.0 to 3.2. The bins for the histogram are as follows: the 2.0 to 2.2 bin has a height of 21, bin 2.2 to 2.4 a height of 6, 2.4 to 2.6 a height of 25, 2.6 to 2.8 a height of 3, 2.8 to 3.0 a height of 2, and 3.0 to 3.2 a height of 2. The box plot shows the box spanning 2.2 to 2.5, with the median line centered at 2.4. The whiskers extend from about 2.15 to 2.75. There are four points marked beyond the upper whisker at 2.9, 3.0, 3.10, and 3.15.]{0.56}{eoce/marathon_winners}{marathon_winners_hist_box}
\end{center}
\begin{parts}
\item What features of the distribution are apparent in the histogram and not the box plot? What features are apparent in the box plot but not in the histogram?
\item What may be the reason for the bimodal distribution? Explain.
\item Compare the distribution of marathon times for men and women based on the box plot shown below.
\begin{center}
\Figures[A side-by-side box plot is shown for marathon run times, one box plot for men and one for women. The axis for the run times spans from 2.0 to 3.2. All values described as follows are estimates. For the men box plot, the box spans 2.16 to 2.22 with the median line at 2.19. The whiskers span to 2.12 up to 2.27. There are 6 points above the upper whisker at 2.32, 2.36, 2.38, 2.44, 2.46, and 2.50. For the women box plot, the box spans from 2.44 to 2.52, with a median value of 2.46. The whiskers span from 2.41 to 2.57. There are 6 points above the upper whisker: 2.72, 2.78, 2.9, 2.92, 3.12, and 3.15.]{0.56}{eoce/marathon_winners}{marathon_winners_gender_box}
\end{center}
\item The time series plot shown below is another way to look at these data. Describe what is visible in this plot but not in the others.
\end{parts}
\begin{center}
\Figures[A time series plot is shown, which in this case gives the appearance of a scatterplot. The horizontal variable is for year, which runs from 1970 to 2000, and the vertical variable is ""Marathon times"", which runs from 2.0 to 3.2 hours. There are two colors of points, one for men and one for women, and there is one point for men and one for women for each year. The points start at about 2.5 for men in 1970 and 2.9 for women in 1971. The points bounce around for a few years and then decline in 1975 or 1976 to 2.2 for men and 2.7 for women. The values for women decreases for a few more years to about 2.5. For the remainder of the years, the values fluctuate up or down 0.1 hours from year to year but are stable until 1999, which is the last data points provided.]{0.6}{eoce/marathon_winners}{marathon_winners_time_series} \\
\end{center}"
ch_summarizing_data_34_2,OpenIntro Statistics,ch_summarizing_data,34,8,2,Marathon winners,distribution,"The histogram and box plots below show the distribution of finishing times in hours for male and female winners of the New York Marathon between 1970 and 1999.

0.56eoce/marathon_winnersmarathon_winners_hist_box

0.6eoce/marathon_winnersmarathon_winners_time_series",What may be the reason for the bimodal distribution? Explain.,"Marathon winners

The histogram and box plots below show the distribution of finishing times in hours for male and female winners of the New York Marathon between 1970 and 1999.

0.56eoce/marathon_winnersmarathon_winners_hist_box

0.6eoce/marathon_winnersmarathon_winners_time_series

What may be the reason for the bimodal distribution? Explain.","\qt{Marathon winners\label{marathon_winners}} The histogram and box plots below show the distribution of finishing times in hours for male and female winners of the New York Marathon between 1970 and 1999.
\begin{center}
\Figures[Two plots are shown, one that is a histogram and one that is a box plot, where the range of data for each is from 2.0 to 3.2. The bins for the histogram are as follows: the 2.0 to 2.2 bin has a height of 21, bin 2.2 to 2.4 a height of 6, 2.4 to 2.6 a height of 25, 2.6 to 2.8 a height of 3, 2.8 to 3.0 a height of 2, and 3.0 to 3.2 a height of 2. The box plot shows the box spanning 2.2 to 2.5, with the median line centered at 2.4. The whiskers extend from about 2.15 to 2.75. There are four points marked beyond the upper whisker at 2.9, 3.0, 3.10, and 3.15.]{0.56}{eoce/marathon_winners}{marathon_winners_hist_box}
\end{center}
\begin{parts}
\item What features of the distribution are apparent in the histogram and not the box plot? What features are apparent in the box plot but not in the histogram?
\item What may be the reason for the bimodal distribution? Explain.
\item Compare the distribution of marathon times for men and women based on the box plot shown below.
\begin{center}
\Figures[A side-by-side box plot is shown for marathon run times, one box plot for men and one for women. The axis for the run times spans from 2.0 to 3.2. All values described as follows are estimates. For the men box plot, the box spans 2.16 to 2.22 with the median line at 2.19. The whiskers span to 2.12 up to 2.27. There are 6 points above the upper whisker at 2.32, 2.36, 2.38, 2.44, 2.46, and 2.50. For the women box plot, the box spans from 2.44 to 2.52, with a median value of 2.46. The whiskers span from 2.41 to 2.57. There are 6 points above the upper whisker: 2.72, 2.78, 2.9, 2.92, 3.12, and 3.15.]{0.56}{eoce/marathon_winners}{marathon_winners_gender_box}
\end{center}
\item The time series plot shown below is another way to look at these data. Describe what is visible in this plot but not in the others.
\end{parts}
\begin{center}
\Figures[A time series plot is shown, which in this case gives the appearance of a scatterplot. The horizontal variable is for year, which runs from 1970 to 2000, and the vertical variable is ""Marathon times"", which runs from 2.0 to 3.2 hours. There are two colors of points, one for men and one for women, and there is one point for men and one for women for each year. The points start at about 2.5 for men in 1970 and 2.9 for women in 1971. The points bounce around for a few years and then decline in 1975 or 1976 to 2.2 for men and 2.7 for women. The values for women decreases for a few more years to about 2.5. For the remainder of the years, the values fluctuate up or down 0.1 hours from year to year but are stable until 1999, which is the last data points provided.]{0.6}{eoce/marathon_winners}{marathon_winners_time_series} \\
\end{center}"
ch_summarizing_data_34_3,OpenIntro Statistics,ch_summarizing_data,34,8,3,Marathon winners,distribution,"The histogram and box plots below show the distribution of finishing times in hours for male and female winners of the New York Marathon between 1970 and 1999.

0.56eoce/marathon_winnersmarathon_winners_hist_box

0.6eoce/marathon_winnersmarathon_winners_time_series","Compare the distribution of marathon times for men and women based on the box plot shown below.

0.56eoce/marathon_winnersmarathon_winners_gender_box","Marathon winners

The histogram and box plots below show the distribution of finishing times in hours for male and female winners of the New York Marathon between 1970 and 1999.

0.56eoce/marathon_winnersmarathon_winners_hist_box

0.6eoce/marathon_winnersmarathon_winners_time_series

Compare the distribution of marathon times for men and women based on the box plot shown below.

0.56eoce/marathon_winnersmarathon_winners_gender_box","\qt{Marathon winners\label{marathon_winners}} The histogram and box plots below show the distribution of finishing times in hours for male and female winners of the New York Marathon between 1970 and 1999.
\begin{center}
\Figures[Two plots are shown, one that is a histogram and one that is a box plot, where the range of data for each is from 2.0 to 3.2. The bins for the histogram are as follows: the 2.0 to 2.2 bin has a height of 21, bin 2.2 to 2.4 a height of 6, 2.4 to 2.6 a height of 25, 2.6 to 2.8 a height of 3, 2.8 to 3.0 a height of 2, and 3.0 to 3.2 a height of 2. The box plot shows the box spanning 2.2 to 2.5, with the median line centered at 2.4. The whiskers extend from about 2.15 to 2.75. There are four points marked beyond the upper whisker at 2.9, 3.0, 3.10, and 3.15.]{0.56}{eoce/marathon_winners}{marathon_winners_hist_box}
\end{center}
\begin{parts}
\item What features of the distribution are apparent in the histogram and not the box plot? What features are apparent in the box plot but not in the histogram?
\item What may be the reason for the bimodal distribution? Explain.
\item Compare the distribution of marathon times for men and women based on the box plot shown below.
\begin{center}
\Figures[A side-by-side box plot is shown for marathon run times, one box plot for men and one for women. The axis for the run times spans from 2.0 to 3.2. All values described as follows are estimates. For the men box plot, the box spans 2.16 to 2.22 with the median line at 2.19. The whiskers span to 2.12 up to 2.27. There are 6 points above the upper whisker at 2.32, 2.36, 2.38, 2.44, 2.46, and 2.50. For the women box plot, the box spans from 2.44 to 2.52, with a median value of 2.46. The whiskers span from 2.41 to 2.57. There are 6 points above the upper whisker: 2.72, 2.78, 2.9, 2.92, 3.12, and 3.15.]{0.56}{eoce/marathon_winners}{marathon_winners_gender_box}
\end{center}
\item The time series plot shown below is another way to look at these data. Describe what is visible in this plot but not in the others.
\end{parts}
\begin{center}
\Figures[A time series plot is shown, which in this case gives the appearance of a scatterplot. The horizontal variable is for year, which runs from 1970 to 2000, and the vertical variable is ""Marathon times"", which runs from 2.0 to 3.2 hours. There are two colors of points, one for men and one for women, and there is one point for men and one for women for each year. The points start at about 2.5 for men in 1970 and 2.9 for women in 1971. The points bounce around for a few years and then decline in 1975 or 1976 to 2.2 for men and 2.7 for women. The values for women decreases for a few more years to about 2.5. For the remainder of the years, the values fluctuate up or down 0.1 hours from year to year but are stable until 1999, which is the last data points provided.]{0.6}{eoce/marathon_winners}{marathon_winners_time_series} \\
\end{center}"
ch_summarizing_data_34_4,OpenIntro Statistics,ch_summarizing_data,34,8,4,Marathon winners,distribution,"The histogram and box plots below show the distribution of finishing times in hours for male and female winners of the New York Marathon between 1970 and 1999.

0.56eoce/marathon_winnersmarathon_winners_hist_box

0.6eoce/marathon_winnersmarathon_winners_time_series",The time series plot shown below is another way to look at these data. Describe what is visible in this plot but not in the others.,"Marathon winners

The histogram and box plots below show the distribution of finishing times in hours for male and female winners of the New York Marathon between 1970 and 1999.

0.56eoce/marathon_winnersmarathon_winners_hist_box

0.6eoce/marathon_winnersmarathon_winners_time_series

The time series plot shown below is another way to look at these data. Describe what is visible in this plot but not in the others.","\qt{Marathon winners\label{marathon_winners}} The histogram and box plots below show the distribution of finishing times in hours for male and female winners of the New York Marathon between 1970 and 1999.
\begin{center}
\Figures[Two plots are shown, one that is a histogram and one that is a box plot, where the range of data for each is from 2.0 to 3.2. The bins for the histogram are as follows: the 2.0 to 2.2 bin has a height of 21, bin 2.2 to 2.4 a height of 6, 2.4 to 2.6 a height of 25, 2.6 to 2.8 a height of 3, 2.8 to 3.0 a height of 2, and 3.0 to 3.2 a height of 2. The box plot shows the box spanning 2.2 to 2.5, with the median line centered at 2.4. The whiskers extend from about 2.15 to 2.75. There are four points marked beyond the upper whisker at 2.9, 3.0, 3.10, and 3.15.]{0.56}{eoce/marathon_winners}{marathon_winners_hist_box}
\end{center}
\begin{parts}
\item What features of the distribution are apparent in the histogram and not the box plot? What features are apparent in the box plot but not in the histogram?
\item What may be the reason for the bimodal distribution? Explain.
\item Compare the distribution of marathon times for men and women based on the box plot shown below.
\begin{center}
\Figures[A side-by-side box plot is shown for marathon run times, one box plot for men and one for women. The axis for the run times spans from 2.0 to 3.2. All values described as follows are estimates. For the men box plot, the box spans 2.16 to 2.22 with the median line at 2.19. The whiskers span to 2.12 up to 2.27. There are 6 points above the upper whisker at 2.32, 2.36, 2.38, 2.44, 2.46, and 2.50. For the women box plot, the box spans from 2.44 to 2.52, with a median value of 2.46. The whiskers span from 2.41 to 2.57. There are 6 points above the upper whisker: 2.72, 2.78, 2.9, 2.92, 3.12, and 3.15.]{0.56}{eoce/marathon_winners}{marathon_winners_gender_box}
\end{center}
\item The time series plot shown below is another way to look at these data. Describe what is visible in this plot but not in the others.
\end{parts}
\begin{center}
\Figures[A time series plot is shown, which in this case gives the appearance of a scatterplot. The horizontal variable is for year, which runs from 1970 to 2000, and the vertical variable is ""Marathon times"", which runs from 2.0 to 3.2 hours. There are two colors of points, one for men and one for women, and there is one point for men and one for women for each year. The points start at about 2.5 for men in 1970 and 2.9 for women in 1971. The points bounce around for a few years and then decline in 1975 or 1976 to 2.2 for men and 2.7 for women. The values for women decreases for a few more years to about 2.5. For the remainder of the years, the values fluctuate up or down 0.1 hours from year to year but are stable until 1999, which is the last data points provided.]{0.6}{eoce/marathon_winners}{marathon_winners_time_series} \\
\end{center}"
